ID,File,Loại file,Nhóm,Câu hỏi,Đáp án chuẩn,Câu trả lời hệ thống,Nguồn/Citation,Retrieval,Citation,Answer,Điểm,Hallucination,Mức độ lỗi,Ghi chú,Đề xuất fix,Latency ms
DIR-001,AI Document Question Answering System.pptx,PPTX,Direct,"Tài liệu ""AI Document Question Answering System.pptx"" nói về nội dung gì?",Slide: 1 > Slide 1 > Blocks: 4-7,ĐỀ TÀI: AI Document Question Answering System AI Document Question Answering System Hệ thống hỏi đáp tài liệu AI Trích xuất nội dung văn bản; với PDF/DOCX/PPTX có phân tích ảnh chọn lọc. Nội dung.,AI Document Question Answering System.pptx (slide 2) | AI Document Question Answering System.pptx (slide 8) | AI Document Question Answering System.pptx (slide 9),Đúng,Đúng,Một phần,0.5,Không,Medium,Đạt kỳ vọng theo bộ từ khóa chuẩn.,Tinh chỉnh citation selection và reranking để nguồn trả về sát hơn.,133758.08
DIR-002,AI Document Question Answering System.pptx,PPTX,Direct,"Nêu một thông tin cụ thể xuất hiện trong file ""AI Document Question Answering System.pptx"".",Slide: 1 > Slide 1 > Blocks: 4-7,Câu hỏi của bạn không rõ ràng và cụ thể. Bạn có thể cung cấp thêm thông tin hoặc cụ thể hóa câu hỏi để tôi có thể trả lời chính xác hơn.,AI Document Question Answering System.pptx (slide 9) | AI Document Question Answering System.pptx (slide 3) | AI Document Question Answering System.pptx (slide 7),Đúng,Đúng,Một phần,0.5,Không,Medium,Đạt kỳ vọng theo bộ từ khóa chuẩn.,Tinh chỉnh citation selection và reranking để nguồn trả về sát hơn.,41623.97
DIR-003,bai_trinh_chieu_mau_thu_vien_thong_minh.pptx,PPTX,Direct,"Tài liệu ""bai_trinh_chieu_mau_thu_vien_thong_minh.pptx"" nói về nội dung gì?",Slide: 1 > Slide 1 > Blocks: 1-5,"Dùng để kiểm thử khả năng đọc PPTX, tách nội dung theo slide, nhận diện tiêu đề và xử lý đoạn văn. Một bộ slide có nội dung dài vừa phải, chủ đề riêng biệt so với PDF, Markdown và hình ảnh. Hệ thống hiển thị sách, bài viết, tài liệu số liên quan. Người dùng đặt mượn sách giấy hoặc mở tài liệu số. Tìm tài liệu.",bai_trinh_chieu_mau_thu_vien_thong_minh.pptx (slide 1) | bai_trinh_chieu_mau_thu_vien_thong_minh.pptx (slide 4) | bai_trinh_chieu_mau_thu_vien_thong_minh.pptx (slide 7),Đúng,Đúng,Một phần,0.5,Không,Medium,Đạt kỳ vọng theo bộ từ khóa chuẩn.,Tinh chỉnh citation selection và reranking để nguồn trả về sát hơn.,2818.92
DIR-004,bai_trinh_chieu_mau_thu_vien_thong_minh.pptx,PPTX,Direct,"Nêu một thông tin cụ thể xuất hiện trong file ""bai_trinh_chieu_mau_thu_vien_thong_minh.pptx"".",Slide: 1 > Slide 1 > Blocks: 1-5,"Lưu thông tin sách, tác giả, thể loại, vị trí kệ, trạng thái mượn và lịch sử cập nhật. Giải pháp đề xuất: thư viện thông minh File PPTX mẫu • 3 File PPTX mẫu • 1 File PPTX mẫu • 6.",bai_trinh_chieu_mau_thu_vien_thong_minh.pptx (slide 3) | bai_trinh_chieu_mau_thu_vien_thong_minh.pptx (slide 5) | bai_trinh_chieu_mau_thu_vien_thong_minh.pptx (slide 2),Đúng,Đúng,Một phần,0.5,Không,Medium,Đạt kỳ vọng theo bộ từ khóa chuẩn.,Tinh chỉnh citation selection và reranking để nguồn trả về sát hơn.,31451.19
DIR-011,content_summary.md,MD,Direct,"Tài liệu ""content_summary.md"" nói về nội dung gì?",Test JPG.jpg (JPG),"Tài liệu ""content_summary.md"" nói về nội dung tổng quan của hệ thống trí tuệ nhân tạo, bao gồm các tính năng và kỹ thuật được sử dụng để xây dựng hệ thống, như khả năng hiểu và xử lý ngôn ngữ tự nhiên, phân loại các nút thành các nhóm chung, tìm kiếm ngữ nghĩa với tốc độ cực nhanh, và các phương pháp tối ưu khác.",content_summary.md (- CHƯƠNG 1: TỔNG QUAN ĐỀ TÀI) | content_summary.md (- LỜI CẢM ƠN) | content_summary.md (- TÓM TẮT) | content_summary.md (- BÁO CÁO THỰC TẬP TỐT NGHIỆP) | content_summary.md (- Chương 1:),Đúng,Đúng,Một phần,0.5,Không,Medium,Đạt kỳ vọng theo bộ từ khóa chuẩn.,Tinh chỉnh citation selection và reranking để nguồn trả về sát hơn.,14371.62
DIR-012,content_summary.md,MD,Direct,"Nêu một thông tin cụ thể xuất hiện trong file ""content_summary.md"".",Test JPG.jpg (JPG),"Đề tài xây dựng một trợ lý hội thoại tư vấn pháp luật Công nghệ thông tin (CNTT) tại Việt Nam dựa trên:. - Kiến trúc Hybrid GraphRAG — kết hợp truy xuất vector (Qdrant) với truy hồi đồ thị tri thức (Neo - Từ khóa: RAG, GraphRAG, Knowledge Graph, PhoBERT, Qdrant, Neo4j, Vietnamese Legal NLP, Hierarchical Chunking, Multi-Query Retrieval. - Trong bối cảnh chuyển đổi số mạnh mẽ tại Việt Nam, lĩnh vực Công nghệ thông tin ngày càng gắn bó chặt chẽ với khung pháp lý quốc gia: từ Luật An ninh mạng, Luật Công nghệ thông tin, Luật Sở hữu trí tu - Truy xuất chính xác Điều / Khoản / Điểm trong các văn bản pháp luật CNTT còn hiệu lực; - Trình bày được mối liên hệ giữa các văn bản (Luật — Nghị định — Thông tư) thông qua đồ thị tri thức; - Sinh đáp án có trích dẫn rõ ràng, hạn chế tối đa hiện tượng “ảo giác” (hallucination) thường gặp ở các mô hình ngôn ngữ lớn. - Đề tài tích hợp ba thành phần cốt lõi.",content_summary.md (- LỜI NÓI ĐẦU) | content_summary.md (- CHƯƠNG 1: TỔNG QUAN ĐỀ TÀI) | content_summary.md (- TÓM TẮT) | content_summary.md (- BÁO CÁO THỰC TẬP TỐT NGHIỆP) | content_summary.md (- LỜI CẢM ƠN),Đúng,Đúng,Một phần,0.5,Không,Medium,Đạt kỳ vọng theo bộ từ khóa chuẩn.,Tinh chỉnh citation selection và reranking để nguồn trả về sát hơn.,19304.81
DIR-013,docx_01_thu_vien_so.docx,DOCX,Direct,"Tài liệu ""docx_01_thu_vien_so.docx"" nói về nội dung gì?",Tóm tắt nhanh,"Tài liệu ""docx_01_thu_vien_so.docx"" nói về việc xây dựng một thư viện số mini để quản lý và truy cập tài liệu học tập, bài giảng, biểu mẫu và tài nguyên tham khảo cho một nhóm lớp nhỏ.","docx_01_thu_vien_so.docx (trang 1, Tóm tắt nhanh) | docx_01_thu_vien_so.docx (trang 1, Mục tiêu) | docx_01_thu_vien_so.docx (trang 1)",Đúng,Đúng,Một phần,0.5,Không,Medium,Đạt kỳ vọng theo bộ từ khóa chuẩn.,Tinh chỉnh citation selection và reranking để nguồn trả về sát hơn.,15425.93
DIR-014,docx_01_thu_vien_so.docx,DOCX,Direct,"Nêu một thông tin cụ thể xuất hiện trong file ""docx_01_thu_vien_so.docx"".",Tóm tắt nhanh,"Câu hỏi yêu cầu một thông tin cụ thể xuất hiện trong file ""docx_01_thu_vien_so.docx"". Tuy nhiên, tôi không thấy thông tin cụ thể nào được yêu cầu. Nếu bạn có thể cung cấp thông tin cụ thể hơn, tôi sẽ trả lời trực tiếp và chính xác.","docx_01_thu_vien_so.docx (trang 1, Tóm tắt nhanh) | docx_01_thu_vien_so.docx (trang 1, Kết luận) | docx_01_thu_vien_so.docx (trang 1, Rủi ro cần lưu ý)",Đúng,Đúng,Một phần,0.5,Không,Medium,Đạt kỳ vọng theo bộ từ khóa chuẩn.,Tinh chỉnh citation selection và reranking để nguồn trả về sát hơn.,16362.32
DIR-018,file_excel_mau_song_xanh.xlsx,XLSX,Direct,"Nêu một thông tin cụ thể xuất hiện trong file ""file_excel_mau_song_xanh.xlsx"".",Du_lieu_chien_dich,Tôi không tìm thấy đủ thông tin trong tài liệu để trả lời chính xác.,,Sai,Sai,Sai,0.0,Không,High,Fallback dù case có đáp án kỳ vọng. Citation không bao phủ đúng file kỳ vọng. Retrieval/citation có dấu hiệu sai hoặc thiếu nguồn.,"Tăng structured extraction cho Excel/bảng, giữ header/sheet/row metadata và ưu tiên table retriever.",2766.24
DIR-030,ke_hoach_mau_du_lich_da_lat.md,MD,Direct,"Nêu một thông tin cụ thể xuất hiện trong file ""ke_hoach_mau_du_lich_da_lat.md"".",Kế hoạch mẫu: Du lịch Đà Lạt 3 ngày 2 đêm,"Rủi ro lớn nhất khi đi Đà Lạt là thời tiết. Nếu trời mưa, nhóm nên chuyển sang các hoạt động trong nhà.",ke_hoach_mau_du_lich_da_lat.md (Kế hoạch mẫu: Du lịch Đà Lạt 3 ngày 2 đêm > 8. Rủi ro và phương án xử lý) | ke_hoach_mau_du_lich_da_lat.md (Kế hoạch mẫu: Du lịch Đà Lạt 3 ngày 2 đêm > 9. Kết luận) | ke_hoach_mau_du_lich_da_lat.md (Kế hoạch mẫu: Du lịch Đà Lạt 3 ngày 2 đêm > 3. Lịch trình ngày 1: Đến nơi và làm quen thành phố),Đúng,Đúng,Một phần,0.5,Không,Medium,Đạt kỳ vọng theo bộ từ khóa chuẩn.,Tinh chỉnh citation selection và reranking để nguồn trả về sát hơn.,21641.42
DIR-032,md_01_workshop_thuyet_trinh.md,MD,Direct,"Nêu một thông tin cụ thể xuất hiện trong file ""md_01_workshop_thuyet_trinh.md"".",Mục tiêu,Người tham gia nên chuẩn bị trước một chủ đề ngắn. Mỗi bài nói thử không quá 2 phút để đủ thời gian cho nhiều lượt phản hồi.,md_01_workshop_thuyet_trinh.md (Kế hoạch workshop kỹ năng thuyết trình > Ghi chú) | md_01_workshop_thuyet_trinh.md (Kế hoạch workshop kỹ năng thuyết trình > Mục tiêu) | md_01_workshop_thuyet_trinh.md (Kế hoạch workshop kỹ năng thuyết trình > Lịch trình),Đúng,Đúng,Một phần,0.5,Không,Medium,Đạt kỳ vọng theo bộ từ khóa chuẩn.,Tinh chỉnh citation selection và reranking để nguồn trả về sát hơn.,18342.08
DIR-035,nhat_ky_mau_vuon_rau_do_thi.txt,TXT,Direct,"Tài liệu ""nhat_ky_mau_vuon_rau_do_thi.txt"" nói về nội dung gì?",NHẬT KÝ MẪU: DỰ ÁN VƯỜN RAU ĐÔ THỊ TRÊN SÂN THƯỢNG,"Tài liệu ""nhat_ky_mau_vuon_rau_do_thi.txt"" nói về dự án vườn rau đô thị trên sân thượng, bao gồm việc tận dụng khoảng không gian trống trong nhà phố để trồng rau ăn lá, rau thơm và cây gia vị, tạo ra một mô hình sống xanh và giảm lãng phí.",nhat_ky_mau_vuon_rau_do_thi.txt (NHẬT KÝ MẪU: DỰ ÁN VƯỜN RAU ĐÔ THỊ TRÊN SÂN THƯỢNG) | nhat_ky_mau_vuon_rau_do_thi.txt (2. MỤC TIÊU CỦA DỰ ÁN) | nhat_ky_mau_vuon_rau_do_thi.txt,Đúng,Đúng,Một phần,0.5,Không,Medium,Đạt kỳ vọng theo bộ từ khóa chuẩn.,Tinh chỉnh citation selection và reranking để nguồn trả về sát hơn.,22346.42
DIR-043,pdf_page_index.md,MD,Direct,"Tài liệu ""pdf_page_index.md"" nói về nội dung gì?",Test pdf.pdf > Page 1,"Tài liệu ""pdf_page_index.md"" nói về các khái niệm cơ bản về Thị giác máy tính và Xử lý ảnh, bao gồm: - Định nghĩa và quan hệ giữa Thị giác máy tính và Xử lý ảnh - Các khái niệm cơ bản về ảnh, như không gian màu và thuật toán xử lý ảnh cơ bản - Các thư viện và công cụ hỗ trợ cho Thị giác máy tính và Xử lý ảnh, như OpenCV, scikit-image và TensorFlow/Keras - Ứng dụng thực tế của Thị giác máy tính trong các lĩnh vực khác nhau Tài liệu này cung cấp thông tin tổng quan về Thị giác máy tính và Xử lý ảnh, bao gồm cả định nghĩa, khái niệm cơ bản và các ứng dụng thực tế.",pdf_page_index.md (First 3 non-empty lines:) | pdf_page_index.md (- Chương 1:) | pdf_page_index.md (- 1. Biến đổi không gian:),Đúng,Đúng,Một phần,0.5,Không,Medium,Đạt kỳ vọng theo bộ từ khóa chuẩn.,Tinh chỉnh citation selection và reranking để nguồn trả về sát hơn.,15619.14
DIR-044,pdf_page_index.md,MD,Direct,"Nêu một thông tin cụ thể xuất hiện trong file ""pdf_page_index.md"".",Test pdf.pdf > Page 1,Tôi không tìm thấy đủ thông tin trong tài liệu để trả lời chính xác.,,Sai,Sai,Sai,0.0,Không,High,Fallback dù case có đáp án kỳ vọng. Citation không bao phủ đúng file kỳ vọng. Retrieval/citation có dấu hiệu sai hoặc thiếu nguồn.,Kiểm tra chunking/retrieval/reranking và ngưỡng fallback cho file liên quan.,17352.69
DIR-051,pptx_01_du_lich_can_tho.pptx,PPTX,Direct,"Tài liệu ""pptx_01_du_lich_can_tho.pptx"" nói về nội dung gì?",Slide: 1 > Slide 1 > Blocks: 2-5,"Tài liệu ""pptx_01_du_lich_can_tho.pptx"" nói về lịch trình và kế hoạch cho một chuyến du lịch đến Cần Thơ.",pptx_01_du_lich_can_tho.pptx (slide 3) | pptx_01_du_lich_can_tho.pptx (slide 5) | pptx_01_du_lich_can_tho.pptx (slide 1),Đúng,Đúng,Một phần,0.5,Không,Medium,Đạt kỳ vọng theo bộ từ khóa chuẩn.,Tinh chỉnh citation selection và reranking để nguồn trả về sát hơn.,30664.13
DIR-052,pptx_01_du_lich_can_tho.pptx,PPTX,Direct,"Nêu một thông tin cụ thể xuất hiện trong file ""pptx_01_du_lich_can_tho.pptx"".",Slide: 1 > Slide 1 > Blocks: 2-5,"Thông tin cụ thể xuất hiện trong file ""pptx_01_du_lich_can_tho.pptx"" là: Nguyên tắc: giữ lịch trình linh hoạt, không ép nhóm đi quá nhiều điểm trong một ngày. Hoặc: Điểm mạnh của kế hoạch là thời gian di chuyển ngắn, hoạt động đa dạng và có khoảng nghỉ.",pptx_01_du_lich_can_tho.pptx (slide 5) | pptx_01_du_lich_can_tho.pptx (slide 4) | pptx_01_du_lich_can_tho.pptx (slide 3),Đúng,Đúng,Một phần,0.5,Không,Medium,Đạt kỳ vọng theo bộ từ khóa chuẩn.,Tinh chỉnh citation selection và reranking để nguồn trả về sát hơn.,9519.63
DIR-053,pptx_02_trong_cay_truong_hoc.pptx,PPTX,Direct,"Tài liệu ""pptx_02_trong_cay_truong_hoc.pptx"" nói về nội dung gì?",Slide: 1 > Slide 1 > Blocks: 2-5,"Tài liệu ""pptx_02_trong_cay_truong_hoc.pptx"" nói về việc trồng cây trong trường học.",pptx_02_trong_cay_truong_hoc.pptx (slide 5) | pptx_02_trong_cay_truong_hoc.pptx (slide 3) | pptx_02_trong_cay_truong_hoc.pptx (slide 2),Đúng,Đúng,Một phần,0.5,Không,Medium,Đạt kỳ vọng theo bộ từ khóa chuẩn.,Tinh chỉnh citation selection và reranking để nguồn trả về sát hơn.,9336.33
DIR-054,pptx_02_trong_cay_truong_hoc.pptx,PPTX,Direct,"Nêu một thông tin cụ thể xuất hiện trong file ""pptx_02_trong_cay_truong_hoc.pptx"".",Slide: 1 > Slide 1 > Blocks: 2-5,"Báo cáo cuối chiến dịch nên có số cây sống, số cây cần thay, ảnh minh chứng và đề xuất duy trì trong tháng sau.",pptx_02_trong_cay_truong_hoc.pptx (slide 4) | pptx_02_trong_cay_truong_hoc.pptx (slide 1) | pptx_02_trong_cay_truong_hoc.pptx (slide 2),Đúng,Đúng,Một phần,0.5,Không,Medium,Đạt kỳ vọng theo bộ từ khóa chuẩn.,Tinh chỉnh citation selection và reranking để nguồn trả về sát hơn.,38519.62
DIR-064,Test JPG.jpg,JPG,Direct,"Nêu một thông tin cụ thể xuất hiện trong file ""Test JPG.jpg"".",cb467cc5db3c48429e68a3e690bb161b_Test JPG.jpg,Ngày 14/05/2026.,Test JPG.jpg (cb467cc5db3c48429e68a3e690bb161b_Test JPG.jpg),Đúng,Đúng,Một phần,0.5,Không,Medium,Đạt kỳ vọng theo bộ từ khóa chuẩn.,Tinh chỉnh citation selection và reranking để nguồn trả về sát hơn.,18312.17
DIR-065,Test md.md,MD,Direct,"Tài liệu ""Test md.md"" nói về nội dung gì?",Trí tuệ nhân tạo trong hệ thống hỏi đáp tài liệu,"Khi hệ thống xử lý tài liệu, nó cần chia nội dung thành các đoạn nhỏ nhưng vẫn giữ được mối liên kết về ngữ nghĩa. Vì vậy, các tài liệu kiểm thử nên có nhiều loại cấu trúc khác nhau như heading, bảng, danh sách, đoạn văn dài, code block và nội dung có thuật ngữ chuyên ngành. Tự động trích xuất nội dung từ tài liệu. Ngoài ra, tài liệu cũng có thể dùng để kiểm tra khả năng hiển thị citation và fallback khi người dùng hỏi các thông tin không xuất hiện trong nội dung. Thay vì so khớp từ khóa đơn thuần, hệ thống chuyển nội dung tài liệu và câu hỏi thành vector embedding.",Test md.md (Phụ lục C. Đoạn văn bản dài để kiểm thử chunking) | Test md.md (2. Bối cảnh phát triển AI Document Chat) | Test md.md (Các mục tiêu cụ thể gồm:),Đúng,Đúng,Một phần,0.5,Không,Medium,Đạt kỳ vọng theo bộ từ khóa chuẩn.,Tinh chỉnh citation selection và reranking để nguồn trả về sát hơn.,2956.01
DIR-069,Test pdf.pdf,PDF,Direct,"Tài liệu ""Test pdf.pdf"" nói về nội dung gì?",Page: 1 > File: c4220cd9dc7b4b1292798be9a6c655a0_Test pdf.pdf,"OpenCV - Cộng đồng người dùng lớn, nhiều tài liệu và ví dụ sẵn có. Xử lý ảnh tập trung vào việc biến đổi hình ảnh Thị giác máy tính hướng tới việc hiểu nội dung Xử lý ảnh tập trung vào việc biến đổi hình ảnh Thị giác máy tính hướng tới việc hiểu nội dung dựa trên nội dung (ví dụ: ảnh phong cảnh, ảnh TensorFlow, Keras - Cộng đồng người dùng lớn, nhiều tài liệu và ví dụ sẵn có.",Test pdf.pdf (trang 14) | Test pdf.pdf (trang 6) | Test pdf.pdf (trang 2),Đúng,Đúng,Một phần,0.5,Không,Medium,Đạt kỳ vọng theo bộ từ khóa chuẩn.,Tinh chỉnh citation selection và reranking để nguồn trả về sát hơn.,2557.79
DIR-070,Test pdf.pdf,PDF,Direct,"Nêu một thông tin cụ thể xuất hiện trong file ""Test pdf.pdf"".",Page: 1 > File: c4220cd9dc7b4b1292798be9a6c655a0_Test pdf.pdf,"Giảm thiểu lỗi: Máy tính có thể thực hiện các phép đo và phân tích hình ảnh với độ Dữ liệu huấn luyện: Để huấn luyện các mô hình thị giác máy tính, cần một Ảnh có thể được định nghĩa là một hàm 2 chiều f(x, y), trong đó x và y là các tọa VIỆN CÔNG NGHỆ THÔNG TIN, ĐIỆN, ĐIỆN TỬ ● Thuật toán tối ưu: Các thuật toán mới sẽ được phát triển để giảm thiểu tính ● Hoạt động ngoại tuyến: Các thiết bị có thể thực hiện các để đảm bảo thông tin cá nhân của người dùng không bị.",Test pdf.pdf (trang 17) | Test pdf.pdf (trang 14) | Test pdf.pdf (trang 1),Đúng,Đúng,Một phần,0.5,Không,Medium,Đạt kỳ vọng theo bộ từ khóa chuẩn.,Tinh chỉnh citation selection và reranking để nguồn trả về sát hơn.,2497.3
DIR-072,Test PNG.png,PNG,Direct,"Nêu một thông tin cụ thể xuất hiện trong file ""Test PNG.png"".",b82666e7786846928e815761b567733d_Test PNG.png,"Thông tin cụ thể xuất hiện trong file ""Test PNG.png"" là địa chỉ của quán cà phê: 125 Nguyen Van Nghi, Go Vap, TP.HCM.",Test PNG.png (b82666e7786846928e815761b567733d_Test PNG.png),Đúng,Đúng,Một phần,0.5,Không,Medium,Đạt kỳ vọng theo bộ từ khóa chuẩn.,Tinh chỉnh citation selection và reranking để nguồn trả về sát hơn.,2901.8
DIR-073,Test pptx.pptx,PPTX,Direct,"Tài liệu ""Test pptx.pptx"" nói về nội dung gì?",Slide: 1 > オフィス業務 > Blocks: 2-2,Tôi không tìm thấy đủ thông tin trong tài liệu để trả lời chính xác.,,Sai,Sai,Sai,0.0,Không,High,Fallback dù case có đáp án kỳ vọng. Citation không bao phủ đúng file kỳ vọng. Retrieval/citation có dấu hiệu sai hoặc thiếu nguồn.,"Bổ sung metadata slide/title/shape, ưu tiên slide filter và citation theo slide.",2393.58
DIR-074,Test pptx.pptx,PPTX,Direct,"Nêu một thông tin cụ thể xuất hiện trong file ""Test pptx.pptx"".",Slide: 1 > オフィス業務 > Blocks: 2-2,Tôi không tìm thấy đủ thông tin trong tài liệu để trả lời chính xác.,,Sai,Sai,Sai,0.0,Không,High,Fallback dù case có đáp án kỳ vọng. Citation không bao phủ đúng file kỳ vọng. Retrieval/citation có dấu hiệu sai hoặc thiếu nguồn.,"Bổ sung metadata slide/title/shape, ưu tiên slide filter và citation theo slide.",2558.08
DIR-077,Test xlsx.xlsx,XLSX,Direct,"Tài liệu ""Test xlsx.xlsx"" nói về nội dung gì?",Sheet: Sheet4 > Sheet4,"tài liệu dạng bảng gồm 2 sheet (Sheet4, Sheet2); các cột chính gồm No., 受験番号, 氏名, 性別, 学科名, 日本語; số dòng dữ liệu đang có khoảng 35. Bạn muốn mình phân tích tiếp theo cột hoặc nhóm dữ liệu nào?","Test xlsx.xlsx (sheet Sheet2, A1:Z1000) | Test xlsx.xlsx (sheet Sheet1, A1:Z1000) | Test xlsx.xlsx (sheet Sheet2)",Đúng,Đúng,Một phần,0.5,Không,Medium,Đạt kỳ vọng theo bộ từ khóa chuẩn.,Tinh chỉnh citation selection và reranking để nguồn trả về sát hơn.,1124.0
DIR-078,Test xlsx.xlsx,XLSX,Direct,"Nêu một thông tin cụ thể xuất hiện trong file ""Test xlsx.xlsx"".",Sheet: Sheet4 > Sheet4,Tôi không tìm thấy đủ thông tin trong tài liệu để trả lời chính xác.,,Sai,Sai,Sai,0.0,Không,High,Fallback dù case có đáp án kỳ vọng. Citation không bao phủ đúng file kỳ vọng. Retrieval/citation có dấu hiệu sai hoặc thiếu nguồn.,"Tăng structured extraction cho Excel/bảng, giữ header/sheet/row metadata và ưu tiên table retriever.",3023.81
DIR-080,txt_01_nhat_ky_vuon_rau.txt,TXT,Direct,"Nêu một thông tin cụ thể xuất hiện trong file ""txt_01_nhat_ky_vuon_rau.txt"".",NHẬT KÝ VƯỜN RAU BAN CÔNG,Cải xanh nảy mầm nhanh sau 2 ngày.,txt_01_nhat_ky_vuon_rau.txt (NHẬT KÝ VƯỜN RAU BAN CÔNG) | txt_01_nhat_ky_vuon_rau.txt,Đúng,Đúng,Một phần,0.5,Không,Medium,Đạt kỳ vọng theo bộ từ khóa chuẩn.,Tinh chỉnh citation selection và reranking để nguồn trả về sát hơn.,9180.37
DIR-088,content_summary.md,MD,Direct,"Trong file ""content_summary.md"", ý hoặc mục nào liên quan đến ""png""?",Test PNG.png (PNG),"3.3.1. - Độ chính xác và Khả năng kiểm soát ảo giác (Accuracy & Grounding) - Trong pha Offline, hệ thống thực hiện xử lý dữ liệu nguồn từ các văn bản pháp luật (DOCX), trích xuất metadata và áp dụng kỹ thuật phân mảnh dữ liệu 4 tầng (4-tier chunking) để xây dựng cấu trúc phân - ""chuong_so"": ""1"", ""chuong_ten"": ""Quy định chung"", - TEXT INDEX entity_name_idx FOR (n:Entity) ON n.name - 3.7.4. - Tổng hợp và Phản hồi có Căn cứ - Để đảm bảo mô hình không chỉ phản hồi đúng mà còn chuyên nghiệp và chặt chẽ, hệ thống áp dụng chiến lược thiết kế câu lệnh kết hợp giữa hai phương pháp tối ưu:.",content_summary.md (- CHƯƠNG 1: TỔNG QUAN ĐỀ TÀI) | content_summary.md (- LỜI NÓI ĐẦU) | content_summary.md (- BÁO CÁO THỰC TẬP TỐT NGHIỆP) | content_summary.md (- LỜI CẢM ƠN) | content_summary.md (- TÓM TẮT),Đúng,Đúng,Một phần,0.5,Không,Medium,Đạt kỳ vọng theo bộ từ khóa chuẩn.,Tinh chỉnh citation selection và reranking để nguồn trả về sát hơn.,2571.33
DIR-089,Test md.md,MD,Direct,"Trong file ""Test md.md"", ý hoặc mục nào liên quan đến ""gioi""?",1. Giới thiệu chung,"Ví dụ, câu “hệ thống dùng cơ sở dữ liệu nào” và đoạn “metadata được lưu trong PostgreSQL” có thể không giống nhau hoàn toàn về từ khóa, nhưng có liên quan về ý nghĩa. Những đoạn có ý nghĩa gần nhau sẽ có vector gần nhau, giúp hệ thống tìm được nội dung liên quan ngay cả khi cách diễn đạt khác nhau. Thay vào đó, hệ thống tìm các chunk liên quan trong vector index. Câu trả lời nên cho biết thông tin được lấy từ file nào, trang nào hoặc slide nào. Nếu đoạn văn bị cắt sai vị trí, câu trả lời của hệ thống có thể thiếu thông tin hoặc hiểu sai ý nghĩa.",Test md.md (2. Bối cảnh phát triển AI Document Chat) | Test md.md (Phụ lục C. Đoạn văn bản dài để kiểm thử chunking) | Test md.md (6. Vai trò của embedding và vector database),Đúng,Đúng,Một phần,0.5,Không,Medium,Đạt kỳ vọng theo bộ từ khóa chuẩn.,Tinh chỉnh citation selection và reranking để nguồn trả về sát hơn.,22416.88
DIR-090,Test xlsx.xlsx,XLSX,Direct,"Trong file ""Test xlsx.xlsx"", ý hoặc mục nào liên quan đến ""sheet4""?",Sheet: Sheet4 > Table: used_range_1 > Rows: 5-6,Tôi không tìm thấy đủ thông tin trong tài liệu để trả lời chính xác.,,Sai,Sai,Sai,0.0,Không,High,Fallback dù case có đáp án kỳ vọng. Citation không bao phủ đúng file kỳ vọng. Retrieval/citation có dấu hiệu sai hoặc thiếu nguồn.,"Tăng structured extraction cho Excel/bảng, giữ header/sheet/row metadata và ưu tiên table retriever.",2953.56
SUM-001,AI Document Question Answering System.pptx,PPTX,Summary,"Tóm tắt ngắn file ""AI Document Question Answering System.pptx"" trong 3 ý.",Tóm tắt có các ý chính: blocks,"Dưới đây là tóm tắt ngắn file ""AI Document Question Answering System.pptx"" trong 3 ý: * **Giới thiệu đề tài**: AI Document Question Answering System là hệ thống hỏi đáp tài liệu AI hỗ trợ upload nhiều định dạng, quản lý tài liệu theo workspace, hỏi đáp bằng ngôn ngữ tự nhiên và trả lời dựa trên tài liệu. * **Kiến trúc tổng thể**: Hệ thống bao gồm Frontend web, Backend FastAPI, Upload Job Worker, Data layer và AI layer. Frontend web quản lý workspace, upload, chat và theo dõi tiến độ. Backend FastAPI thực hiện các chức năng như auth, workspace, message, upload, ask và admin. * **Chức năng chính**: Hệ thống hỗ trợ các chức năng như tạo/đổi tên/xóa workspace, quản lý tin nhắn và tài liệu, upload đa định dạng, hỏi đáp theo tài liệu đã ingest, hỗ trợ phản hồi thường và stream, theo dõi upload job, retry job lỗi và export hội thoại ra PDF.",AI Document Question Answering System.pptx (slide 7) | AI Document Question Answering System.pptx (slide 3) | AI Document Question Answering System.pptx (slide 6) | AI Document Question Answering System.pptx (slide 9) | AI Document Question Answering System.pptx (slide 2),Đúng,Đúng,Một phần,0.5,Không,Medium,Đạt kỳ vọng theo bộ từ khóa chuẩn.,Tinh chỉnh citation selection và reranking để nguồn trả về sát hơn.,42724.29
SUM-002,bai_trinh_chieu_mau_thu_vien_thong_minh.pptx,PPTX,Summary,"Tóm tắt ngắn file ""bai_trinh_chieu_mau_thu_vien_thong_minh.pptx"" trong 3 ý.","Tóm tắt có các ý chính: 10, 13, blocks","Slide 3 - Cho phép người dùng tìm theo nhu cầu, ví dụ: “sách dễ hiểu về mạng máy tính cho người mới”. - Gợi ý cá nhân hóa - Báo cáo vận hành - Đề xuất tài liệu dựa trên lớp học, môn học, lịch sử mượn và chủ đề đang quan tâm. - Thống kê lượt mượn, sách quá hạn, tài liệu phổ biến và xu hướng đọc theo từng tháng. - File PPTX mẫu • 3 - Slide 5.",bai_trinh_chieu_mau_thu_vien_thong_minh.pptx (slide 3) | bai_trinh_chieu_mau_thu_vien_thong_minh.pptx (slide 2) | bai_trinh_chieu_mau_thu_vien_thong_minh.pptx (slide 4) | bai_trinh_chieu_mau_thu_vien_thong_minh.pptx (slide 5) | bai_trinh_chieu_mau_thu_vien_thong_minh.pptx (slide 6),Đúng,Đúng,Một phần,0.5,Không,Medium,Đạt kỳ vọng theo bộ từ khóa chuẩn.,Tinh chỉnh citation selection và reranking để nguồn trả về sát hơn.,2741.84
SUM-006,content_summary.md,MD,Summary,"Tóm tắt ngắn file ""content_summary.md"" trong 3 ý.","Tóm tắt có các ý chính: 084205002647, test, jpg, png","Dưới đây là tóm tắt ngắn file ""content_summary.md"" trong 3 ý: - Hệ thống áp dụng kỹ thuật phân mảnh dữ liệu 4 tầng (4-tier chunking) để xây dựng cấu trúc phân và sử dụng GraphRAG để đạt được độ chính xác và khả năng kiểm soát ảo giác cao. - Hệ thống sử dụng Qdrant để thực hiện tìm kiếm ngữ nghĩa với tốc độ cực nhanh và Graph Traversal để tự động thực hiện bước nhảy từ nút Luật qua quan hệ để truy xuất chính xác các chế tài nằm ở văn bản khác. - Hệ thống được đóng gói toàn diện bằng công nghệ Docker để đảm bảo tính đồng nhất và khả năng vận hành ổn định trên mọi hạ tầng. ### Bảng tổng hợp | Chủ đề | Điểm chính | |---|---| | Hệ thống áp dụng kỹ thuật phân mảnh dữ liệu 4 tầng 4-tier chu | Nội dung chính trong tài liệu | | Hệ thống sử dụng Qdrant để thực hiện tìm kiếm ngữ nghĩa với t | Nội dung chính trong tài liệu | | Hệ thống được đóng gói toàn diện bằng công nghệ Docker để đảm | Nội dung chính trong tài liệu | | 3.3.1. Độ chính xác và Khả năng kiểm soát ảo giác Accuracy & | Nội dung chính trong tài liệu | | chuong_so | 1, chuong_ten: Quy định chung | | TEXT INDEX entity_name_idx FOR n | Entity ON n.name | | 3.7.4. Tổng hợp và Phản hồi có Căn cứ | Nội dung chính trong tài liệu | | Em",content_summary.md (- CHƯƠNG 1: TỔNG QUAN ĐỀ TÀI) | content_summary.md (- BÁO CÁO THỰC TẬP TỐT NGHIỆP) | content_summary.md (- LỜI CẢM ƠN) | content_summary.md (- LỜI NÓI ĐẦU) | content_summary.md (- TÓM TẮT),Đúng,Đúng,Một phần,0.5,Không,Medium,Đạt kỳ vọng theo bộ từ khóa chuẩn.,Tinh chỉnh citation selection và reranking để nguồn trả về sát hơn.,15591.15
SUM-016,md_01_workshop_thuyet_trinh.md,MD,Summary,"Tóm tắt ngắn file ""md_01_workshop_thuyet_trinh.md"" trong 3 ý.","Tóm tắt có các ý chính: trinh, workshop, thuyet, hoach","1. Thông điệp trung tâm của bài nói là giúp người đọc hiểu và áp dụng các nguyên tắc thiết kế slide hiệu quả. 2. Thiết kế slide theo nguyên tắc ít chữ, rõ ý bao gồm các bước: * Xác định thông điệp chính * Sử dụng hình ảnh và biểu đồ * Sử dụng màu sắc và font chữ phù hợp 3. Luyện mở đầu, chuyển ý và kết luận bao gồm các bước: * Mở đầu bằng câu hỏi hoặc tình huống * Chuyển ý bằng cách sử dụng từ khóa hoặc câu hỏi * Kết luận bằng cách tóm tắt lại thông điệp chính ### Bảng tổng hợp | Chủ đề | Điểm chính | |---|---| | Thông điệp trung tâm của bài nói là giúp người đọc hiểu và áp | Nội dung chính trong tài liệu | | Thiết kế slide theo nguyên tắc ít chữ, rõ ý bao gồm các bước | Nội dung chính trong tài liệu | | Xác định thông điệp chính | Nội dung chính trong tài liệu | | Sử dụng hình ảnh và biểu đồ | Nội dung chính trong tài liệu | | Sử dụng màu sắc và font chữ phù hợp | Nội dung chính trong tài liệu | | Luyện mở đầu, chuyển ý và kết luận bao gồm các bước | Nội dung chính trong tài liệu | | Mở đầu bằng câu hỏi hoặc tình huống | Nội dung chính trong tài liệu | | Chuyển ý bằng cách sử dụng từ khóa hoặc câu hỏi | Nội dung chính trong tài liệu | ### Sơ đồ tổng quan ```mermaid flowchart TB cl",md_01_workshop_thuyet_trinh.md (Kế hoạch workshop kỹ năng thuyết trình > Nội dung chính) | md_01_workshop_thuyet_trinh.md (Kế hoạch workshop kỹ năng thuyết trình > Mục tiêu) | md_01_workshop_thuyet_trinh.md (Kế hoạch workshop kỹ năng thuyết trình > Lịch trình) | md_01_workshop_thuyet_trinh.md (Kế hoạch workshop kỹ năng thuyết trình > Ghi chú),Đúng,Đúng,Một phần,0.5,Không,Medium,Có sinh sơ đồ/mermaid khi câu hỏi không yêu cầu rõ.,Tinh chỉnh citation selection và reranking để nguồn trả về sát hơn.,844.35
SUM-022,pdf_page_index.md,MD,Summary,"Tóm tắt ngắn file ""pdf_page_index.md"" trong 3 ý.","Tóm tắt có các ý chính: first, non, empty, lines","Xu hướng và Sự Phát triển Tương Lai của Thị giác Máy tính - Thị giác máy tính đang trải qua một giai đoạn phát triển mạnh mẽ và hứa hẹn sẽ còn - tiếp tục đột phá trong tương lai. - Một số xu hướng và đổi mới đáng chú ý: - Các khái niệm cơ bản về ảnh - Ảnh là một đại diện trực quan của một đối tượng hoặc một cảnh vật, được tạo ra - bằng cách ghi lại ánh sáng phản xạ từ đối tượng đó. - Trong xử lý ảnh, chúng ta ### Bảng tổng hợp | Chủ đề | Điểm chính | |---|---| | Thị giác máy tính đang trải qua một giai đoạn phát triển mạnh | Nội dung chính trong tài liệu | | tiếp tục đột phá trong tương lai | Nội dung chính trong tài liệu | | Một số xu hướng và đổi mới đáng chú ý | Nội dung chính trong tài liệu | | Các khái niệm cơ bản về ảnh | Nội dung chính trong tài liệu | | Ảnh là một đại diện trực quan của một đối tượng hoặc một cảnh | Nội dung chính trong tài liệu | | bằng cách ghi lại ánh sáng phản xạ từ đối tượng đó | Nội dung chính trong tài liệu | | Trong xử lý ảnh, chúng ta | Nội dung chính trong tài liệu | | Xu hướng và Sự Phát triển Tương Lai của Thị giác Máy tính | Nội dung chính trong tài liệu | ### Sơ đồ tổng quan ```mermaid flowchart TB classDef terminal fill:#0f766e,stroke:#115e59",pdf_page_index.md (First 3 non-empty lines:) | pdf_page_index.md (- Chương 1:) | pdf_page_index.md (- 1. Biến đổi không gian:),Đúng,Đúng,Một phần,0.5,Không,Medium,Có sinh sơ đồ/mermaid khi câu hỏi không yêu cầu rõ.,Tinh chỉnh citation selection và reranking để nguồn trả về sát hơn.,2177.13
SUM-033,Test md.md,MD,Summary,"Tóm tắt ngắn file ""Test md.md"" trong 3 ý.","Tóm tắt có các ý chính: muc, tieu, tri, tue","Giới hạn dung lượng file. - Kiểm tra MIME type. - Chỉ cho phép định dạng hợp lệ. - Không thực thi file upload. - Lưu file trong vùng an toàn. - Ghi log lỗi khi xử lý thất bại. - <div style=""page-break-after: always;""></div> - Dưới đây là một số câu hỏi có thể dùng để kiểm thử hệ thống trên chính tài liệu này: ### Bảng tổng hợp | Chủ đề | Điểm chính | |---|---| | Kiểm tra MIME type | Nội dung chính trong tài liệu | | Chỉ cho phép định dạng hợp lệ | Nội dung chính trong tài liệu | | Không thực thi file upload | Nội dung chính trong tài liệu | | Lưu file trong vùng an toàn | Nội dung chính trong tài liệu | | Ghi log lỗi khi xử lý thất bại | Nội dung chính trong tài liệu | | div style= page-break-after | always; div | | Dưới đây là một số câu hỏi có thể dùng để kiểm thử hệ thống t | Nội dung chính trong tài liệu | | Giới hạn dung lượng file | Nội dung chính trong tài liệu | ### Sơ đồ tổng quan ```mermaid flowchart TB classDef terminal fill:#0f766e,stroke:#115e59,color:#ffffff,stroke-width:2.4px classDef branch fill:#ecfeff,stroke:#14b8a6,color:#0f172a,stroke-width:1.8px classDef detail fill:#ffffff,stroke:#94a3b8,color:#0f172a,stroke-width:1.3px classDef decision fill:#fef3c7,stroke:#f",Test md.md (Một số biện pháp gồm:) | Test md.md (Quy trình cơ bản gồm các bước:) | Test md.md (Các mục tiêu cụ thể gồm: > 1.2. Ý nghĩa thực tiễn) | Test md.md (Trí tuệ nhân tạo trong hệ thống hỏi đáp tài liệu > Mục lục) | Test md.md (Phụ lục C. Đoạn văn bản dài để kiểm thử chunking),Đúng,Đúng,Một phần,0.5,Không,Medium,Có sinh sơ đồ/mermaid khi câu hỏi không yêu cầu rõ.,Tinh chỉnh citation selection và reranking để nguồn trả về sát hơn.,2196.76
SUM-035,Test pdf.pdf,PDF,Summary,"Tóm tắt ngắn file ""Test pdf.pdf"" trong 3 ý.","Tóm tắt có các ý chính: 1950, 1960, 1970, pdf","Page: 10 - Text: - Xử lý ảnh - Xử lý ảnh là các thuật toán thay đổi hình ảnh đầu vào để tạo 2- Điều chỉnh độ tương phản 3 - Tìm cạnh - hình ảnh mới. - Các ví dụ về xử lý ảnh 4 - Phân vùng 5 - Khôi phục ảnh - 1- Giảm nhiễu - 6 - Nén ảnh ### Sơ đồ quy trình ```mermaid flowchart LR classDef terminal fill:#0f766e,stroke:#115e59,color:#ffffff,stroke-width:2.4px classDef branch fill:#ecfeff,stroke:#14b8a6,color:#0f172a,stroke-width:1.8px classDef detail fill:#ffffff,stroke:#94a3b8,color:#0f172a,stroke-width:1.3px classDef decision fill:#fef3c7,stroke:#f59e0b,color:#7c2d12,stroke-width:1.8px S(""Tổng quan Test<br/>pdf.pdf"") B1[""Xử lý ảnh""] S -->|nhánh 1| B1 B2[""Xử lý ảnh là<br/>các thuật""] S -->|nhánh 2| B2 B3[""hình ảnh mới""] S -->|nhánh 3| B3 B4[""Các ví dụ về<br/>xử lý""] S -->|nhánh 4| B4 B5[""1- Giảm nhiễu""] S -->|nhánh 5| B5 class S,E terminal class B1,B2,B3,B4,B5 branch linkStyle default stroke:#0f766e,stroke-width:2px,fill:none,opacity:0.82 ```.",Test pdf.pdf (trang 4) | Test pdf.pdf (trang 10) | Test pdf.pdf (trang 7) | Test pdf.pdf (trang 8) | Test pdf.pdf (trang 3),Đúng,Đúng,Một phần,0.5,Không,Medium,Có sinh sơ đồ/mermaid khi câu hỏi không yêu cầu rõ.,Tinh chỉnh citation selection và reranking để nguồn trả về sát hơn.,2207.47
SUM-047,Test xlsx.xlsx,XLSX,Summary,"Tổng hợp các nội dung chính và điểm đáng chú ý trong ""Test xlsx.xlsx"".","Tổng hợp đúng các ý liên quan: 10, 11, 12, sheet4, used","tài liệu dạng bảng gồm 2 sheet (Sheet4, Sheet2); các cột chính gồm No., 受験番号, 氏名, 性別, 学科名, 日本語; số dòng dữ liệu đang có khoảng 35. Bạn muốn mình phân tích tiếp theo cột hoặc nhóm dữ liệu nào?","Test xlsx.xlsx (sheet Sheet1, A1:Z1000) | Test xlsx.xlsx (sheet Sheet2, A1:Z1000) | Test xlsx.xlsx (sheet Sheet4, A1:Z1000) | Test xlsx.xlsx (sheet Sheet2) | Test xlsx.xlsx (sheet Sheet4)",Đúng,Đúng,Một phần,0.5,Không,Medium,Đạt kỳ vọng theo bộ từ khóa chuẩn.,Tinh chỉnh citation selection và reranking để nguồn trả về sát hơn.,214.49
SUM-048,pdf_page_index.md,MD,Summary,"Tổng hợp các nội dung chính và điểm đáng chú ý trong ""pdf_page_index.md"".","Tổng hợp đúng các ý liên quan: first, non, empty, lines, pdf","Xu hướng và Sự Phát triển Tương Lai của Thị giác Máy tính - Thị giác máy tính đang trải qua một giai đoạn phát triển mạnh mẽ và hứa hẹn sẽ còn - tiếp tục đột phá trong tương lai. - Một số xu hướng và đổi mới đáng chú ý: - Các thư viện và công cụ hỗ trợ cho Thị giác máy tính và Xử lý ảnh - Ưu điểm Nhược điểm - OpenCV - Cộng đồng người dùng lớn, nhiều tài liệu và ví dụ sẵn có. - Ưu điểm và nhược điểm của Thị giác máy tính.",pdf_page_index.md (First 3 non-empty lines:) | pdf_page_index.md (- Chương 1:) | pdf_page_index.md (- Lựa chọn sử dụng thư viện:) | pdf_page_index.md (- 3Giai đoạn bùng nổ:) | pdf_page_index.md (- Q & A),Đúng,Đúng,Một phần,0.5,Không,Medium,Đạt kỳ vọng theo bộ từ khóa chuẩn.,Tinh chỉnh citation selection và reranking để nguồn trả về sát hơn.,2168.93
SUM-051,Test pdf.pdf,PDF,Summary,"Tổng hợp các nội dung chính và điểm đáng chú ý trong ""Test pdf.pdf"".","Tổng hợp đúng các ý liên quan: 1950, 1960, 1970, pdf, nam","Thị giác máy tính đang trải qua một giai đoạn phát triển mạnh mẽ và hứa hẹn sẽ còn - tiếp tục đột phá trong tương lai. - Một số xu hướng và đổi mới đáng chú ý: - 1. - Thị giác máy tính thời gian thực: 5. - Thị giác máy tính tại cạnh mạng: - ● Phần cứng mạnh mẽ: Sự ra đời của các GPU và chip xử lý chuyên dụng ● Giảm độ trễ: Việc xử lý hình ảnh trực tiếp trên các thiết bị - cho AI sẽ giúp tăng tốc đáng kể việc xử lý hình ảnh, mở đường cho các ứng đầu cuối sẽ giúp giảm thiểu độ trễ và cho phép các ứng.",Test pdf.pdf (trang 6) | Test pdf.pdf (trang 2) | Test pdf.pdf (trang 1) | Test pdf.pdf (trang 4) | Test pdf.pdf (trang 5),Đúng,Đúng,Một phần,0.5,Không,Medium,Đạt kỳ vọng theo bộ từ khóa chuẩn.,Tinh chỉnh citation selection và reranking để nguồn trả về sát hơn.,2249.16
SUM-052,bai_trinh_chieu_mau_thu_vien_thong_minh.pptx,PPTX,Summary,"Tổng hợp các nội dung chính và điểm đáng chú ý trong ""bai_trinh_chieu_mau_thu_vien_thong_minh.pptx"".","Tổng hợp đúng các ý liên quan: 10, 13, blocks","Slide 5 - Cải thiện chất lượng thư viện - Ghi chú: dữ liệu càng chuẩn hóa thì khả năng tìm kiếm, thống kê và gợi ý càng chính xác. - File PPTX mẫu • 5 - Slide 1 - LIBRARY - Một bộ slide có nội dung dài vừa phải, chủ đề riêng biệt so với PDF, Markdown và hình ảnh. - Dùng để kiểm thử khả năng đọc PPTX, tách nội dung theo slide, nhận diện tiêu đề và xử lý đoạn văn.",bai_trinh_chieu_mau_thu_vien_thong_minh.pptx (slide 1) | bai_trinh_chieu_mau_thu_vien_thong_minh.pptx (slide 2) | bai_trinh_chieu_mau_thu_vien_thong_minh.pptx (slide 5) | bai_trinh_chieu_mau_thu_vien_thong_minh.pptx (slide 7) | bai_trinh_chieu_mau_thu_vien_thong_minh.pptx (slide 4),Đúng,Đúng,Một phần,0.5,Không,Medium,Đạt kỳ vọng theo bộ từ khóa chuẩn.,Tinh chỉnh citation selection và reranking để nguồn trả về sát hơn.,2706.1
SUM-055,AI Document Question Answering System.pptx,PPTX,Summary,"Tổng hợp các nội dung chính và điểm đáng chú ý trong ""AI Document Question Answering System.pptx"".",Tổng hợp đúng các ý liên quan: blocks,"Slide 2 - Nội dung - Giới thiệu đề tài - Vấn đề thực tế - Giải pháp đề xuất - Kiến trúc tổng thể hệ thống - Chức năng chính - Pipeline xử lý tài liệu ### Bảng tổng hợp | Chủ đề | Điểm chính | |---|---| | Nội dung | Nội dung chính trong tài liệu | | Giới thiệu đề tài | Nội dung chính trong tài liệu | | Vấn đề thực tế | Nội dung chính trong tài liệu | | Giải pháp đề xuất | Nội dung chính trong tài liệu | | Kiến trúc tổng thể hệ thống | Nội dung chính trong tài liệu | | Chức năng chính | Nội dung chính trong tài liệu | | Pipeline xử lý tài liệu | Nội dung chính trong tài liệu | | Luồng hỏi đáp AI RAG | Nội dung chính trong tài liệu | ### Sơ đồ tổng quan ```mermaid flowchart TB classDef terminal fill:#0f766e,stroke:#115e59,color:#ffffff,stroke-width:2.4px classDef branch fill:#ecfeff,stroke:#14b8a6,color:#0f172a,stroke-width:1.8px classDef detail fill:#ffffff,stroke:#94a3b8,color:#0f172a,stroke-width:1.3px classDef decision fill:#fef3c7,stroke:#f59e0b,color:#7c2d12,stroke-width:1.8px S(""Tổng quan AI<br/>Document<br/>Question<br/>Answering"") B1[""Nội dung""] S -->|nhánh 1| B1 B2[""Giới thiệu đề<br/>tài""] S -->|nhánh 2| B2 B3[""Vấn đề thực tế""] S -->|nhánh 3| B3 B4[""Giải pháp đề<br/>xuất""] S",AI Document Question Answering System.pptx (slide 2) | AI Document Question Answering System.pptx (slide 8) | AI Document Question Answering System.pptx (slide 5) | AI Document Question Answering System.pptx (slide 4) | AI Document Question Answering System.pptx (slide 9),Đúng,Đúng,Một phần,0.5,Không,Medium,Có sinh sơ đồ/mermaid khi câu hỏi không yêu cầu rõ.,Tinh chỉnh citation selection và reranking để nguồn trả về sát hơn.,2248.93
SUM-056,pptx_01_du_lich_can_tho.pptx,PPTX,Summary,"Tổng hợp các nội dung chính và điểm đáng chú ý trong ""pptx_01_du_lich_can_tho.pptx"".","Tổng hợp đúng các ý liên quan: 11, 17, 14, blocks, 15",Slide 2 - Buổi tối - điểm dừng chính trong ngày - Ăn tối món địa phương - Dạo chợ đêm - Chuẩn bị đồ cho sáng hôm sau - thời gian nghỉ tối thiểu - Slide 5.,pptx_01_du_lich_can_tho.pptx (slide 2) | pptx_01_du_lich_can_tho.pptx (slide 5) | pptx_01_du_lich_can_tho.pptx (slide 1) | pptx_01_du_lich_can_tho.pptx (slide 4) | pptx_01_du_lich_can_tho.pptx (slide 3),Đúng,Đúng,Một phần,0.5,Không,Medium,Đạt kỳ vọng theo bộ từ khóa chuẩn.,Tinh chỉnh citation selection và reranking để nguồn trả về sát hơn.,2283.86
SUM-057,pptx_02_trong_cay_truong_hoc.pptx,PPTX,Summary,"Tổng hợp các nội dung chính và điểm đáng chú ý trong ""pptx_02_trong_cay_truong_hoc.pptx"".","Tổng hợp đúng các ý liên quan: 10, 14, blocks, 17","Slide 1 - Ý tưởng chính - Chiến dịch kết hợp giáo dục môi trường, hoạt động nhóm và theo dõi cây sau khi trồng. - Mục tiêu không chỉ là trồng nhiều cây mà còn duy trì cây sống tốt. - Xanh hơn - mỗi tuần - Slide 4 - Điều chỉnh lịch tưới theo thời tiết.",pptx_02_trong_cay_truong_hoc.pptx (slide 1) | pptx_02_trong_cay_truong_hoc.pptx (slide 4) | pptx_02_trong_cay_truong_hoc.pptx (slide 3) | pptx_02_trong_cay_truong_hoc.pptx (slide 5) | pptx_02_trong_cay_truong_hoc.pptx (slide 2),Đúng,Đúng,Một phần,0.5,Không,Medium,Đạt kỳ vọng theo bộ từ khóa chuẩn.,Tinh chỉnh citation selection và reranking để nguồn trả về sát hơn.,2164.15
CMP-001,"bao_cao_an_toan_du_lieu_ca_nhan.docx, Test jpeg.jpeg",DOCX+JPEG,Comparison,"So sánh nội dung của ""bao_cao_an_toan_du_lieu_ca_nhan.docx"" và ""Test jpeg.jpeg"".",Cần nêu được nội dung của cả hai file: 1. Bối cảnh vấn đề; b8f8ee50acbd45bf99da91f58570d763_Test jpeg.jpeg,"Các tài liệu khác nhau ở phạm vi nội dung chính. bao_cao_an_toan_du_lieu_ca_nhan.docx: 1. Bối cảnh vấn đề; Khi người dùng đăng ký tài khoản, mua sắm, học tập hoặc làm việc trên nền tảng số, nhiều loại dữ liệu như họ tên, số điện thoại, vị trí, lịch sử tìm kiếm và hành vi sử dụng được thu thập. Nếu dữ liệu này không được qu; Test jpeg.jpeg: BAO CAO D0ANH THU THANG05/2026; Monthly Sales Summary.","bao_cao_an_toan_du_lieu_ca_nhan.docx (trang 1) | bao_cao_an_toan_du_lieu_ca_nhan.docx (trang 1, 1. Bối cảnh vấn đề) | bao_cao_an_toan_du_lieu_ca_nhan.docx (trang 1, 5. Kết luận) | bao_cao_an_toan_du_lieu_ca_nhan.docx (trang 1, 2. Nguyên nhân chính) | bao_cao_an_toan_du_lieu_ca_nhan.docx (trang 1, 4. Bảng đề xuất biện pháp)",Một phần,Một phần,Một phần,0.5,Không,Medium,Citation không bao phủ đúng file kỳ vọng. Retrieval/citation có dấu hiệu sai hoặc thiếu nguồn.,Tinh chỉnh citation selection và reranking để nguồn trả về sát hơn.,250.21
CMP-004,"Test docx.docx, poster_mau_nang_luong_tai_tao.jpg",DOCX+JPG,Comparison,"So sánh nội dung của ""Test docx.docx"" và ""poster_mau_nang_luong_tai_tao.jpg"".",Cần nêu được nội dung của cả hai file: BÁO CÁO THỰC TẬP TỐT NGHIỆP; 542799e0036a49f8a9f537634345ae76_poster_mau_nang_luong_tai_tao.jpg,"Yêu cầu phi chức năng này đòi hỏi hệ thống phải giảm thiểu tối đa hiện tượng ""ảo giác"" (hallucination) của mô hình ngôn ngữ lớn bằng cách chỉ cho phép sinh nội dung dựa trên ngữ cảnh được truy xuất từ kho dữ liệu gốc. Việc lưu trữ đầy đủ các trường thông tin này cho phép hệ thống không chỉ truy xuất nội dung khớp nhất mà còn có khả năng cung cấp toàn văn điều luật và ngữ cảnh xung quanh, phục vụ cho việc trích dẫn nguồn tin một cách minh bạch và chính xác tuyệt đối ngay trong câu trả lời. Việc phân cấp thông tin này giúp người dùng không chỉ nhận được câu trả lời mà còn có thể ""kiểm chứng chéo"" nguồn gốc dữ liệu, đáp ứng yêu cầu khắt khe về tính xác thực trong lĩnh vực pháp luật. Mỗi câu trả lời của chatbot đều được đính kèm các thuộc tính Metadata trích xuất từ Qdrant và Neo4j như: tên văn bản, số hiệu điều khoản, trạng thái hiệu lực và nội dung trích dẫn gốc. Hệ thống đã chứng minh được năng lực xử lý ngôn ngữ tự nhiên ưu việt khi trình bày các câu trả lời theo cấu trúc mạch lạc: đưa ra kết luận trước, sau đó là lập luận chi tiết và cuối cùng là danh mục căn cứ pháp lý. ### Bảng so sánh | Nhóm nội dung | Chi tiết tiêu biểu | Số ý chính | |---|---|---:| | Hình 3 | Sơ đồ hệ thống G","Test docx.docx (trang 35) | Test docx.docx (trang 16) | Test docx.docx (trang 38) | Test docx.docx (trang 25, 3.6. Thiết kế cơ sở dữ liệu vector > 3.6.1. Cấu trúc Schema và Quản lý Payload) | Test docx.docx (trang 34, 4.7. Xây dựng giao diện)",Một phần,Một phần,Một phần,0.5,Không,Medium,Citation không bao phủ đúng file kỳ vọng. Retrieval/citation có dấu hiệu sai hoặc thiếu nguồn.,Tinh chỉnh citation selection và reranking để nguồn trả về sát hơn.,2777.29
CMP-011,"poster_mau_nang_luong_tai_tao.jpg, RETRIEVAL_TESTING_QUESTION_SET.md",JPG+MD,Comparison,"So sánh nội dung của ""poster_mau_nang_luong_tai_tao.jpg"" và ""RETRIEVAL_TESTING_QUESTION_SET.md"".",Cần nêu được nội dung của cả hai file: 542799e0036a49f8a9f537634345ae76_poster_mau_nang_luong_tai_tao.jpg; 1) Pham vi bo test,Tôi không tìm thấy đủ thông tin trong tài liệu để trả lời chính xác.,,Sai,Sai,Sai,0.0,Không,High,Fallback dù case có đáp án kỳ vọng. Citation không bao phủ đúng file kỳ vọng. Retrieval/citation có dấu hiệu sai hoặc thiếu nguồn.,"Bảo toàn context từ từng tài liệu được chọn trước reranking, tránh lệch về một nguồn.",265.24
CMP-012,"Test JPG.jpg, Test md.md",JPG+MD,Comparison,"So sánh nội dung của ""Test JPG.jpg"" và ""Test md.md"".",Cần nêu được nội dung của cả hai file: cb467cc5db3c48429e68a3e690bb161b_Test JPG.jpg; Trí tuệ nhân tạo trong hệ thống hỏi đáp tài liệu,"Ngoài ra, tài liệu cũng có thể dùng để kiểm tra khả năng hiển thị citation và fallback khi người dùng hỏi các thông tin không xuất hiện trong nội dung. Vì vậy, các tài liệu kiểm thử nên có nhiều loại cấu trúc khác nhau như heading, bảng, danh sách, đoạn văn dài, code block và nội dung có thuật ngữ chuyên ngành. Một hệ thống AI Document Chat tốt không chỉ cần mô hình ngôn ngữ mạnh, mà còn cần khả năng xử lý tài liệu đa định dạng, tách nội dung hợp lý, tìm kiếm ngữ nghĩa chính xác, bảo mật dữ liệu và đưa ra câu trả lời dễ hiểu. Tài liệu này có thể dùng làm dữ liệu mẫu để kiểm thử các chức năng như upload Markdown, đọc heading, xử lý bảng, nhận diện code block, chia chunk, tạo embedding, truy xuất theo câu hỏi và sinh câu trả lời có căn cứ. Khi hệ thống xử lý tài liệu, nó cần chia nội dung thành các đoạn nhỏ nhưng vẫn giữ được mối liên kết về ngữ nghĩa. ### Bảng so sánh | Nhóm nội dung | Chi tiết tiêu biểu | Số ý chính | |---|---|---:| | Hỗ trợ upload nhiều loại tài liệu | Nội dung chính | 1 | | Tự động trích xuất nội dung từ tài liệu | Nội dung chính | 1 | | Tạo chỉ mục tìm kiếm ngữ nghĩa | Nội dung chính | 1 | | Truy xuất đúng đoạn tài liệu liên quan | Nội dung chính | 1 | | Sinh câ",Test md.md (Phụ lục C. Đoạn văn bản dài để kiểm thử chunking) | Test md.md (1. Giới thiệu chung) | Test md.md (5. Kỹ thuật RAG trong hỏi đáp tài liệu) | Test md.md (2. Bối cảnh phát triển AI Document Chat) | Test md.md (3. Kiến trúc tổng thể của hệ thống),Một phần,Một phần,Một phần,0.5,Không,Medium,Citation không bao phủ đúng file kỳ vọng. Retrieval/citation có dấu hiệu sai hoặc thiếu nguồn.,Tinh chỉnh citation selection và reranking để nguồn trả về sát hơn.,2428.92
CMP-018,"RETRIEVAL_TESTING_QUESTION_SET.md, Test pdf scan.pdf",MD+PDF,Comparison,"So sánh nội dung của ""RETRIEVAL_TESTING_QUESTION_SET.md"" và ""Test pdf scan.pdf"".",Cần nêu được nội dung của cả hai file: 1) Pham vi bo test; Page: 1 > File: e4eee1144064466092a3e26cce305d0b_Test pdf scan.pdf,Tôi không tìm thấy đủ thông tin trong tài liệu để trả lời chính xác.,,Sai,Sai,Sai,0.0,Không,High,Fallback dù case có đáp án kỳ vọng. Citation không bao phủ đúng file kỳ vọng. Retrieval/citation có dấu hiệu sai hoặc thiếu nguồn.,"Bảo toàn context từ từng tài liệu được chọn trước reranking, tránh lệch về một nguồn.",293.24
CMP-019,"Test md.md, Test pdf.pdf",MD+PDF,Comparison,"So sánh nội dung của ""Test md.md"" và ""Test pdf.pdf"".",Cần nêu được nội dung của cả hai file: Trí tuệ nhân tạo trong hệ thống hỏi đáp tài liệu; Page: 1 > File: c4220cd9dc7b4b1292798be9a6c655a0_Test pdf.pdf,"Các tài liệu khác nhau ở phạm vi nội dung chính. Test md.md: Phụ lục C. Đoạn văn bản dài để kiểm thử chunking; Đây là đoạn văn bản bổ sung nhằm tạo thêm dữ liệu cho quá trình kiểm thử chunking. Khi hệ thống xử lý tài liệu, nó cần chia nội dung thành các đoạn nhỏ nhưng vẫn giữ được mối liên kết về ngữ nghĩa. Nếu đoạn văn bị cắt; Test pdf.pdf: Page: 2; Thị giác Máy tính và Xử lý Ảnh là gì?.",Test md.md (Phụ lục C. Đoạn văn bản dài để kiểm thử chunking) | Test pdf.pdf (trang 6) | Test pdf.pdf (trang 4) | Test pdf.pdf (trang 5) | Test md.md (2. Bối cảnh phát triển AI Document Chat),Đúng,Đúng,Một phần,0.5,Không,Medium,Đạt kỳ vọng theo bộ từ khóa chuẩn.,Tinh chỉnh citation selection và reranking để nguồn trả về sát hơn.,400.31
CMP-024,"pdf_02_an_toan_du_lieu.pdf, AI Document Question Answering System.pptx",PDF+PPTX,Comparison,"So sánh nội dung của ""pdf_02_an_toan_du_lieu.pdf"" và ""AI Document Question Answering System.pptx"".",Cần nêu được nội dung của cả hai file: Page: 1 > File: d849cc7fe46a49b19f7bf1c4bdc7c468_pdf_02_an_toan_du_lieu.pdf; Slide: 1 > Slide 1 > Blocks: 4-7,Các tài liệu khác nhau ở phạm vi nội dung chính. pdf_02_an_toan_du_lieu.pdf: Page: 1; Hướng dẫn an toàn dữ liệu cá nhân; AI Document Question Answering System.pptx: Slide 8; Title: Slide 8.,AI Document Question Answering System.pptx (slide 8) | AI Document Question Answering System.pptx (slide 2) | AI Document Question Answering System.pptx (slide 12) | pdf_02_an_toan_du_lieu.pdf (trang 1) | AI Document Question Answering System.pptx (slide 9),Đúng,Đúng,Một phần,0.5,Không,Medium,Đạt kỳ vọng theo bộ từ khóa chuẩn.,Tinh chỉnh citation selection và reranking để nguồn trả về sát hơn.,221.09
CMP-025,"Test pdf scan.pdf, bai_trinh_chieu_mau_thu_vien_thong_minh.pptx",PDF+PPTX,Comparison,"So sánh nội dung của ""Test pdf scan.pdf"" và ""bai_trinh_chieu_mau_thu_vien_thong_minh.pptx"".",Cần nêu được nội dung của cả hai file: Page: 1 > File: e4eee1144064466092a3e26cce305d0b_Test pdf scan.pdf; Slide: 1 > Slide 1 > Blocks: 1-5,Các tài liệu khác nhau ở phạm vi nội dung chính. bai_trinh_chieu_mau_thu_vien_thong_minh.pptx: Slide 2; Title: Slide 2; Test pdf scan.pdf: Page: 2; Page: 1; OCR From Images:.,bai_trinh_chieu_mau_thu_vien_thong_minh.pptx (slide 1) | bai_trinh_chieu_mau_thu_vien_thong_minh.pptx (slide 7) | bai_trinh_chieu_mau_thu_vien_thong_minh.pptx (slide 6) | bai_trinh_chieu_mau_thu_vien_thong_minh.pptx (slide 2) | bai_trinh_chieu_mau_thu_vien_thong_minh.pptx (slide 3),Một phần,Một phần,Một phần,0.5,Không,Medium,Citation không bao phủ đúng file kỳ vọng. Retrieval/citation có dấu hiệu sai hoặc thiếu nguồn.,Tinh chỉnh citation selection và reranking để nguồn trả về sát hơn.,306.09
CMP-026,"Test pdf.pdf, pptx_01_du_lich_can_tho.pptx",PDF+PPTX,Comparison,"So sánh nội dung của ""Test pdf.pdf"" và ""pptx_01_du_lich_can_tho.pptx"".",Cần nêu được nội dung của cả hai file: Page: 1 > File: c4220cd9dc7b4b1292798be9a6c655a0_Test pdf.pdf; Slide: 1 > Slide 1 > Blocks: 2-5,"Các tài liệu khác nhau ở phạm vi nội dung chính. Test pdf.pdf: paragraph; scikit-image - Tích hợp tốt với hệ sinh thái SciPy, NumPy. - Cú pháp có thể hơi phức tạp hơn so với; pptx_01_du_lich_can_tho.pptx: Slide 2; Title: Slide 2.",Test pdf.pdf (trang 2) | Test pdf.pdf (trang 6) | Test pdf.pdf (trang 4) | Test pdf.pdf (trang 14) | Test pdf.pdf (trang 13),Một phần,Một phần,Một phần,0.5,Không,Medium,Citation không bao phủ đúng file kỳ vọng. Retrieval/citation có dấu hiệu sai hoặc thiếu nguồn.,Tinh chỉnh citation selection và reranking để nguồn trả về sát hơn.,335.08
CMP-031,"AI Document Question Answering System.pptx, txt_01_nhat_ky_vuon_rau.txt",PPTX+TXT,Comparison,"So sánh nội dung của ""AI Document Question Answering System.pptx"" và ""txt_01_nhat_ky_vuon_rau.txt"".",Cần nêu được nội dung của cả hai file: Slide: 1 > Slide 1 > Blocks: 4-7; NHẬT KÝ VƯỜN RAU BAN CÔNG,Các tài liệu khác nhau ở phạm vi nội dung chính. AI Document Question Answering System.pptx: Slide 9; Title: Slide 9; txt_01_nhat_ky_vuon_rau.txt: NHẬT KÝ VƯỜN RAU BAN CÔNG; NHẬT KÝ VƯỜN RAU BAN CÔNG.,AI Document Question Answering System.pptx (slide 2) | AI Document Question Answering System.pptx (slide 9) | AI Document Question Answering System.pptx (slide 8) | AI Document Question Answering System.pptx (slide 5) | AI Document Question Answering System.pptx (slide 12),Một phần,Một phần,Một phần,0.5,Không,Medium,Citation không bao phủ đúng file kỳ vọng. Retrieval/citation có dấu hiệu sai hoặc thiếu nguồn.,Tinh chỉnh citation selection và reranking để nguồn trả về sát hơn.,252.04
CMP-032,"bai_trinh_chieu_mau_thu_vien_thong_minh.pptx, txt_02_ke_hoach_clb_sach.txt",PPTX+TXT,Comparison,"So sánh nội dung của ""bai_trinh_chieu_mau_thu_vien_thong_minh.pptx"" và ""txt_02_ke_hoach_clb_sach.txt"".",Cần nêu được nội dung của cả hai file: Slide: 1 > Slide 1 > Blocks: 1-5; KẾ HOẠCH CÂU LẠC BỘ ĐỌC SÁCH THÁNG 6,Các tài liệu khác nhau ở phạm vi nội dung chính. bai_trinh_chieu_mau_thu_vien_thong_minh.pptx: Slide 4; Title: Slide 4; txt_02_ke_hoach_clb_sach.txt: KẾ HOẠCH CÂU LẠC BỘ ĐỌC SÁCH THÁNG 6; KẾ HOẠCH CÂU LẠC BỘ ĐỌC SÁCH THÁNG 6.,bai_trinh_chieu_mau_thu_vien_thong_minh.pptx (slide 7) | bai_trinh_chieu_mau_thu_vien_thong_minh.pptx (slide 4) | bai_trinh_chieu_mau_thu_vien_thong_minh.pptx (slide 1) | bai_trinh_chieu_mau_thu_vien_thong_minh.pptx (slide 2) | bai_trinh_chieu_mau_thu_vien_thong_minh.pptx (slide 5),Một phần,Một phần,Một phần,0.5,Không,Medium,Citation không bao phủ đúng file kỳ vọng. Retrieval/citation có dấu hiệu sai hoặc thiếu nguồn.,Tinh chỉnh citation selection và reranking để nguồn trả về sát hơn.,279.75
CMP-033,"pptx_01_du_lich_can_tho.pptx, file_excel_mau_song_xanh.xlsx",PPTX+XLSX,Comparison,"So sánh nội dung của ""pptx_01_du_lich_can_tho.pptx"" và ""file_excel_mau_song_xanh.xlsx"".",Cần nêu được nội dung của cả hai file: Slide: 1 > Slide 1 > Blocks: 2-5; Du_lieu_chien_dich,Các tài liệu khác nhau ở phạm vi nội dung chính. file_excel_mau_song_xanh.xlsx: Tong_quan:used_range_1; Sheet: Tong_quan; pptx_01_du_lich_can_tho.pptx: Slide 1; Title: Slide 1.,"file_excel_mau_song_xanh.xlsx (sheet Tong_quan, A1:H16) | file_excel_mau_song_xanh.xlsx (sheet Du_lieu_chien_dich, A1:L32) | file_excel_mau_song_xanh.xlsx (sheet Tong_quan) | pptx_01_du_lich_can_tho.pptx (slide 1)",Đúng,Đúng,Một phần,0.5,Không,Medium,Đạt kỳ vọng theo bộ từ khóa chuẩn.,Tinh chỉnh citation selection và reranking để nguồn trả về sát hơn.,429.04
CMP-034,"pptx_02_trong_cay_truong_hoc.pptx, Test xlsx.xlsx",PPTX+XLSX,Comparison,"So sánh nội dung của ""pptx_02_trong_cay_truong_hoc.pptx"" và ""Test xlsx.xlsx"".",Cần nêu được nội dung của cả hai file: Slide: 1 > Slide 1 > Blocks: 2-5; Sheet: Sheet4 > Sheet4,Các tài liệu khác nhau ở phạm vi nội dung chính. Test xlsx.xlsx: Sheet2:used_range_1; Sheet: Sheet2; pptx_02_trong_cay_truong_hoc.pptx: Slide 1; Title: Slide 1.,"pptx_02_trong_cay_truong_hoc.pptx (slide 2) | pptx_02_trong_cay_truong_hoc.pptx (slide 1) | Test xlsx.xlsx (sheet Sheet2, A1:Z1000) | Test xlsx.xlsx (sheet Sheet4, A1:Z1000) | Test xlsx.xlsx (sheet Sheet1, A1:Z1000)",Đúng,Đúng,Một phần,0.5,Không,Medium,Đạt kỳ vọng theo bộ từ khóa chuẩn.,Tinh chỉnh citation selection và reranking để nguồn trả về sát hơn.,386.31
CMP-036,"nhat_ky_mau_vuon_rau_do_thi.txt, xlsx_02_ke_hoach_hoc_tap.xlsx",TXT+XLSX,Comparison,"So sánh nội dung của ""nhat_ky_mau_vuon_rau_do_thi.txt"" và ""xlsx_02_ke_hoach_hoc_tap.xlsx"".",Cần nêu được nội dung của cả hai file: NHẬT KÝ MẪU: DỰ ÁN VƯỜN RAU ĐÔ THỊ TRÊN SÂN THƯỢNG; Ke hoach hoc tap,"Các tài liệu khác nhau ở phạm vi nội dung chính. nhat_ky_mau_vuon_rau_do_thi.txt: paragraph; Mục tiêu thứ ba là tạo một hoạt động gắn kết gia đình. Mỗi người có thể phụ trách một phần nhỏ như gieo hạt, tưới nước, kiểm tra sâu bệnh, ghi nhật ký hoặc thu hoạch. Khi mọi người cùng tham gia, khu vườn trở thành mộ; xlsx_02_ke_hoach_hoc_tap.xlsx: Ke hoach hoc tap:used_range_1; Sheet: Ke hoach hoc tap.",nhat_ky_mau_vuon_rau_do_thi.txt | nhat_ky_mau_vuon_rau_do_thi.txt (NHẬT KÝ MẪU: DỰ ÁN VƯỜN RAU ĐÔ THỊ TRÊN SÂN THƯỢNG) | nhat_ky_mau_vuon_rau_do_thi.txt (2. MỤC TIÊU CỦA DỰ ÁN) | nhat_ky_mau_vuon_rau_do_thi.txt (9. KẾT LUẬN) | nhat_ky_mau_vuon_rau_do_thi.txt (8. HƯỚNG PHÁT TRIỂN TIẾP THEO),Một phần,Một phần,Một phần,0.5,Không,Medium,Citation không bao phủ đúng file kỳ vọng. Retrieval/citation có dấu hiệu sai hoặc thiếu nguồn.,Tinh chỉnh citation selection và reranking để nguồn trả về sát hơn.,264.24
CMP-040,"file_excel_mau_song_xanh.xlsx, Test docx.docx",DOCX+XLSX,Comparison,"So sánh nội dung của ""file_excel_mau_song_xanh.xlsx"" và ""Test docx.docx"".",Cần nêu được nội dung của cả hai file: Du_lieu_chien_dich; BÁO CÁO THỰC TẬP TỐT NGHIỆP,"Các tài liệu khác nhau ở phạm vi nội dung chính. Test docx.docx: đồ thị (Graph Traversal): Từ các thực thể đã xác định, hệ thống thực hiện các bước nhảy trên Neo4j để lần theo các quan hệ dẫn chiếu và hướng dẫn thi hành. Quá trình này giúp hệ thống thu thập được các Nghị định hoặc...; Phần Tư vấn trực tiếp: Trình bày nội dung giải đáp bằng ngôn ngữ dễ hiểu, được tổng hợp dựa trên suy luận logic; file_excel_mau_song_xanh.xlsx: Du_lieu_chien_dich; Sheet: Du_lieu_chien_dich.","Test docx.docx (trang 23) | Test docx.docx (trang 13) | Test docx.docx (trang 30) | Test docx.docx (trang 35, CHƯƠNG 5: KIỂM THỬ & ĐÁNH GIÁ > 5.1. Kịch bản kiểm thử) | Test docx.docx (trang 25, 3.6. Thiết kế cơ sở dữ liệu vector > 3.6.1. Cấu trúc Schema và Quản lý Payload)",Một phần,Một phần,Một phần,0.5,Không,Medium,Citation không bao phủ đúng file kỳ vọng. Retrieval/citation có dấu hiệu sai hoặc thiếu nguồn.,Tinh chỉnh citation selection và reranking để nguồn trả về sát hơn.,606.37
TAB-002,file_excel_mau_song_xanh.xlsx,XLSX,Table/Numeric,"Trong file ""file_excel_mau_song_xanh.xlsx"", ở sheet ""Du_lieu_chien_dich"", dòng 3 có thông tin gì?",Ngày: 2026-05-01 00:00:00; Khu vực: Ký túc xá; Hoạt động: Đổi rác lấy cây; Người phụ trách: An; Số người tham gia: 32,Tôi không tìm thấy đủ thông tin trong tài liệu để trả lời chính xác.,,Sai,Sai,Sai,0.0,Không,High,Fallback dù case có đáp án kỳ vọng. Citation không bao phủ đúng file kỳ vọng. Retrieval/citation có dấu hiệu sai hoặc thiếu nguồn.,"Tăng structured extraction cho Excel/bảng, giữ header/sheet/row metadata và ưu tiên table retriever.",2542.33
TAB-003,file_excel_mau_song_xanh.xlsx,XLSX,Table/Numeric,"Trong file ""file_excel_mau_song_xanh.xlsx"", ở sheet ""Du_lieu_chien_dich"", dòng 4 có thông tin gì?",Ngày: 2026-05-02 00:00:00; Khu vực: Căn tin; Hoạt động: Thu gom rác tái chế; Người phụ trách: Minh; Số người tham gia: 87,Tôi không tìm thấy đủ thông tin trong tài liệu để trả lời chính xác.,,Sai,Sai,Sai,0.0,Không,High,Fallback dù case có đáp án kỳ vọng. Citation không bao phủ đúng file kỳ vọng. Retrieval/citation có dấu hiệu sai hoặc thiếu nguồn.,"Tăng structured extraction cho Excel/bảng, giữ header/sheet/row metadata và ưu tiên table retriever.",2413.36
TAB-004,file_excel_mau_song_xanh.xlsx,XLSX,Table/Numeric,"Trong file ""file_excel_mau_song_xanh.xlsx"", ở sheet ""Du_lieu_chien_dich"", dòng 5 có thông tin gì?",Ngày: 2026-05-03 00:00:00; Khu vực: Thư viện; Hoạt động: Workshop sống xanh; Người phụ trách: Huy; Số người tham gia: 95,Tôi không tìm thấy đủ thông tin trong tài liệu để trả lời chính xác.,,Sai,Sai,Sai,0.0,Không,High,Fallback dù case có đáp án kỳ vọng. Citation không bao phủ đúng file kỳ vọng. Retrieval/citation có dấu hiệu sai hoặc thiếu nguồn.,"Tăng structured extraction cho Excel/bảng, giữ header/sheet/row metadata và ưu tiên table retriever.",2373.85
TAB-005,file_excel_mau_song_xanh.xlsx,XLSX,Table/Numeric,"Trong file ""file_excel_mau_song_xanh.xlsx"", ở sheet ""Du_lieu_chien_dich"", dòng 6 có thông tin gì?",Ngày: 2026-05-04 00:00:00; Khu vực: Thư viện; Hoạt động: Dọn vệ sinh khu vực; Người phụ trách: Trang; Số người tham gia: 18,Tôi không tìm thấy đủ thông tin trong tài liệu để trả lời chính xác.,,Sai,Sai,Sai,0.0,Không,High,Fallback dù case có đáp án kỳ vọng. Citation không bao phủ đúng file kỳ vọng. Retrieval/citation có dấu hiệu sai hoặc thiếu nguồn.,"Tăng structured extraction cho Excel/bảng, giữ header/sheet/row metadata và ưu tiên table retriever.",2352.16
TAB-006,file_excel_mau_song_xanh.xlsx,XLSX,Table/Numeric,"Trong file ""file_excel_mau_song_xanh.xlsx"", ở sheet ""Du_lieu_chien_dich"", dòng 7 có thông tin gì?",Ngày: 2026-05-05 00:00:00; Khu vực: Khoa CNTT; Hoạt động: Tuyên truyền phân loại rác; Người phụ trách: Trang; Số người tham gia: 31,Tôi không tìm thấy đủ thông tin trong tài liệu để trả lời chính xác.,,Sai,Sai,Sai,0.0,Không,High,Fallback dù case có đáp án kỳ vọng. Citation không bao phủ đúng file kỳ vọng. Retrieval/citation có dấu hiệu sai hoặc thiếu nguồn.,"Tăng structured extraction cho Excel/bảng, giữ header/sheet/row metadata và ưu tiên table retriever.",2392.0
TAB-007,file_excel_mau_song_xanh.xlsx,XLSX,Table/Numeric,"Trong file ""file_excel_mau_song_xanh.xlsx"", ở sheet ""Du_lieu_chien_dich"", dòng 8 có thông tin gì?",Ngày: 2026-05-06 00:00:00; Khu vực: Căn tin; Hoạt động: Thu gom rác tái chế; Người phụ trách: Linh; Số người tham gia: 76,Tôi không tìm thấy đủ thông tin trong tài liệu để trả lời chính xác.,,Sai,Sai,Sai,0.0,Không,High,Fallback dù case có đáp án kỳ vọng. Citation không bao phủ đúng file kỳ vọng. Retrieval/citation có dấu hiệu sai hoặc thiếu nguồn.,"Tăng structured extraction cho Excel/bảng, giữ header/sheet/row metadata và ưu tiên table retriever.",2358.86
TAB-008,file_excel_mau_song_xanh.xlsx,XLSX,Table/Numeric,"Trong file ""file_excel_mau_song_xanh.xlsx"", ở sheet ""Du_lieu_chien_dich"", dòng 9 có thông tin gì?",Ngày: 2026-05-07 00:00:00; Khu vực: Phòng học A; Hoạt động: Thu gom rác tái chế; Người phụ trách: Minh; Số người tham gia: 64,Tôi không tìm thấy đủ thông tin trong tài liệu để trả lời chính xác.,,Sai,Sai,Sai,0.0,Không,High,Fallback dù case có đáp án kỳ vọng. Citation không bao phủ đúng file kỳ vọng. Retrieval/citation có dấu hiệu sai hoặc thiếu nguồn.,"Tăng structured extraction cho Excel/bảng, giữ header/sheet/row metadata và ưu tiên table retriever.",2347.85
TAB-009,file_excel_mau_song_xanh.xlsx,XLSX,Table/Numeric,"Trong file ""file_excel_mau_song_xanh.xlsx"", ở sheet ""Du_lieu_chien_dich"", dòng 10 có thông tin gì?",Ngày: 2026-05-08 00:00:00; Khu vực: Khoa CNTT; Hoạt động: Dọn vệ sinh khu vực; Người phụ trách: Trang; Số người tham gia: 28,Tôi không tìm thấy đủ thông tin trong tài liệu để trả lời chính xác.,,Sai,Sai,Sai,0.0,Không,High,Fallback dù case có đáp án kỳ vọng. Citation không bao phủ đúng file kỳ vọng. Retrieval/citation có dấu hiệu sai hoặc thiếu nguồn.,"Tăng structured extraction cho Excel/bảng, giữ header/sheet/row metadata và ưu tiên table retriever.",2440.76
TAB-010,file_excel_mau_song_xanh.xlsx,XLSX,Table/Numeric,"Trong file ""file_excel_mau_song_xanh.xlsx"", ở sheet ""Du_lieu_chien_dich"", dòng 11 có thông tin gì?",Ngày: 2026-05-09 00:00:00; Khu vực: Thư viện; Hoạt động: Tuyên truyền phân loại rác; Người phụ trách: Phúc; Số người tham gia: 38,Tôi không tìm thấy đủ thông tin trong tài liệu để trả lời chính xác.,,Sai,Sai,Sai,0.0,Không,High,Fallback dù case có đáp án kỳ vọng. Citation không bao phủ đúng file kỳ vọng. Retrieval/citation có dấu hiệu sai hoặc thiếu nguồn.,"Tăng structured extraction cho Excel/bảng, giữ header/sheet/row metadata và ưu tiên table retriever.",2354.82
TAB-011,file_excel_mau_song_xanh.xlsx,XLSX,Table/Numeric,"Trong file ""file_excel_mau_song_xanh.xlsx"", ở sheet ""Du_lieu_chien_dich"", dòng 12 có thông tin gì?",Ngày: 2026-05-10 00:00:00; Khu vực: Thư viện; Hoạt động: Đổi rác lấy cây; Người phụ trách: Huy; Số người tham gia: 39,Tôi không tìm thấy đủ thông tin trong tài liệu để trả lời chính xác.,,Sai,Sai,Sai,0.0,Không,High,Fallback dù case có đáp án kỳ vọng. Citation không bao phủ đúng file kỳ vọng. Retrieval/citation có dấu hiệu sai hoặc thiếu nguồn.,"Tăng structured extraction cho Excel/bảng, giữ header/sheet/row metadata và ưu tiên table retriever.",2418.34
TAB-012,file_excel_mau_song_xanh.xlsx,XLSX,Table/Numeric,"Trong file ""file_excel_mau_song_xanh.xlsx"", ở sheet ""Du_lieu_chien_dich"", dòng 13 có thông tin gì?",Ngày: 2026-05-11 00:00:00; Khu vực: Ký túc xá; Hoạt động: Thu gom rác tái chế; Người phụ trách: An; Số người tham gia: 89,Tôi không tìm thấy đủ thông tin trong tài liệu để trả lời chính xác.,,Sai,Sai,Sai,0.0,Không,High,Fallback dù case có đáp án kỳ vọng. Citation không bao phủ đúng file kỳ vọng. Retrieval/citation có dấu hiệu sai hoặc thiếu nguồn.,"Tăng structured extraction cho Excel/bảng, giữ header/sheet/row metadata và ưu tiên table retriever.",2398.44
TAB-013,file_excel_mau_song_xanh.xlsx,XLSX,Table/Numeric,"Trong file ""file_excel_mau_song_xanh.xlsx"", ở sheet ""Du_lieu_chien_dich"", dòng 14 có thông tin gì?",Ngày: 2026-05-12 00:00:00; Khu vực: Thư viện; Hoạt động: Workshop sống xanh; Người phụ trách: Phúc; Số người tham gia: 69,Tôi không tìm thấy đủ thông tin trong tài liệu để trả lời chính xác.,,Sai,Sai,Sai,0.0,Không,High,Fallback dù case có đáp án kỳ vọng. Citation không bao phủ đúng file kỳ vọng. Retrieval/citation có dấu hiệu sai hoặc thiếu nguồn.,"Tăng structured extraction cho Excel/bảng, giữ header/sheet/row metadata và ưu tiên table retriever.",3680.53
TAB-015,Test xlsx.xlsx,XLSX,Table/Numeric,"Trong file ""Test xlsx.xlsx"", ở sheet ""Sheet4"", dòng 3 có thông tin gì?",No.: 1.0; 受験番号: KI2; 氏名: のび太　徳田; 性別: A; 学科名: 教育学科,Sheet Index: 3 Sheet Index: 3 Sheet Index: 3 Sheet Index: 3 Sheet Index: 3.,"Test xlsx.xlsx (sheet Sheet4, A1:Z1000) | Test xlsx.xlsx (sheet Sheet4)",Đúng,Đúng,Một phần,0.5,Không,Medium,Đạt kỳ vọng theo bộ từ khóa chuẩn.,Tinh chỉnh citation selection và reranking để nguồn trả về sát hơn.,2637.41
TAB-016,Test xlsx.xlsx,XLSX,Table/Numeric,"Trong file ""Test xlsx.xlsx"", ở sheet ""Sheet4"", dòng 4 có thông tin gì?",No.: 2.0; 受験番号: KE2; 氏名: 優希　カイ; 性別: A; 学科名: 経営学科,Tôi không tìm thấy đủ thông tin trong tài liệu để trả lời chính xác.,,Sai,Sai,Sai,0.0,Không,High,Fallback dù case có đáp án kỳ vọng. Citation không bao phủ đúng file kỳ vọng. Retrieval/citation có dấu hiệu sai hoặc thiếu nguồn.,"Tăng structured extraction cho Excel/bảng, giữ header/sheet/row metadata và ưu tiên table retriever.",2437.1
TAB-017,Test xlsx.xlsx,XLSX,Table/Numeric,"Trong file ""Test xlsx.xlsx"", ở sheet ""Sheet4"", dòng 5 có thông tin gì?",No.: 3.0; 受験番号: NH2; 氏名: 勝弘　系; 性別: A; 学科名: 日本語学科,Tôi không tìm thấy đủ thông tin trong tài liệu để trả lời chính xác.,,Sai,Sai,Sai,0.0,Không,High,Fallback dù case có đáp án kỳ vọng. Citation không bao phủ đúng file kỳ vọng. Retrieval/citation có dấu hiệu sai hoặc thiếu nguồn.,"Tăng structured extraction cho Excel/bảng, giữ header/sheet/row metadata và ưu tiên table retriever.",2409.61
TAB-018,Test xlsx.xlsx,XLSX,Table/Numeric,"Trong file ""Test xlsx.xlsx"", ở sheet ""Sheet4"", dòng 6 có thông tin gì?",No.: 4.0; 受験番号: KI1; 氏名: 山下　恵子; 性別: U; 学科名: 教育学科,Tôi không tìm thấy đủ thông tin trong tài liệu để trả lời chính xác.,,Sai,Sai,Sai,0.0,Không,High,Fallback dù case có đáp án kỳ vọng. Citation không bao phủ đúng file kỳ vọng. Retrieval/citation có dấu hiệu sai hoặc thiếu nguồn.,"Tăng structured extraction cho Excel/bảng, giữ header/sheet/row metadata và ưu tiên table retriever.",2372.91
TAB-019,Test xlsx.xlsx,XLSX,Table/Numeric,"Trong file ""Test xlsx.xlsx"", ở sheet ""Sheet4"", dòng 7 có thông tin gì?",No.: 5.0; 受験番号: NH1; 氏名: 山川　静香; 性別: U; 学科名: 日本語学科,Tôi không tìm thấy đủ thông tin trong tài liệu để trả lời chính xác.,,Sai,Sai,Sai,0.0,Không,High,Fallback dù case có đáp án kỳ vọng. Citation không bao phủ đúng file kỳ vọng. Retrieval/citation có dấu hiệu sai hoặc thiếu nguồn.,"Tăng structured extraction cho Excel/bảng, giữ header/sheet/row metadata và ưu tiên table retriever.",2389.83
TAB-020,Test xlsx.xlsx,XLSX,Table/Numeric,"Trong file ""Test xlsx.xlsx"", ở sheet ""Sheet4"", dòng 8 có thông tin gì?",No.: 6.0; 受験番号: NH1; 氏名: 山田　浩; 性別: U; 学科名: 日本語学科,Tôi không tìm thấy đủ thông tin trong tài liệu để trả lời chính xác.,,Sai,Sai,Sai,0.0,Không,High,Fallback dù case có đáp án kỳ vọng. Citation không bao phủ đúng file kỳ vọng. Retrieval/citation có dấu hiệu sai hoặc thiếu nguồn.,"Tăng structured extraction cho Excel/bảng, giữ header/sheet/row metadata và ưu tiên table retriever.",2362.17
TAB-021,Test xlsx.xlsx,XLSX,Table/Numeric,"Trong file ""Test xlsx.xlsx"", ở sheet ""Sheet4"", dòng 9 có thông tin gì?",No.: 7.0; 受験番号: KE2; 氏名: 志村　愛; 性別: A; 学科名: 経営学科,Tôi không tìm thấy đủ thông tin trong tài liệu để trả lời chính xác.,,Sai,Sai,Sai,0.0,Không,High,Fallback dù case có đáp án kỳ vọng. Citation không bao phủ đúng file kỳ vọng. Retrieval/citation có dấu hiệu sai hoặc thiếu nguồn.,"Tăng structured extraction cho Excel/bảng, giữ header/sheet/row metadata và ưu tiên table retriever.",2267.65
TAB-022,Test xlsx.xlsx,XLSX,Table/Numeric,"Trong file ""Test xlsx.xlsx"", ở sheet ""Sheet4"", dòng 10 có thông tin gì?",No.: 8.0; 受験番号: NH1; 氏名: 木村　信; 性別: U; 学科名: 日本語学科,Tôi không tìm thấy đủ thông tin trong tài liệu để trả lời chính xác.,,Sai,Sai,Sai,0.0,Không,High,Fallback dù case có đáp án kỳ vọng. Citation không bao phủ đúng file kỳ vọng. Retrieval/citation có dấu hiệu sai hoặc thiếu nguồn.,"Tăng structured extraction cho Excel/bảng, giữ header/sheet/row metadata và ưu tiên table retriever.",2312.45
TAB-023,Test xlsx.xlsx,XLSX,Table/Numeric,"Trong file ""Test xlsx.xlsx"", ở sheet ""Sheet4"", dòng 11 có thông tin gì?",No.: 9.0; 受験番号: KE1; 氏名: 木村　杏奈; 性別: U; 学科名: 経営学科,Tôi không tìm thấy đủ thông tin trong tài liệu để trả lời chính xác.,,Sai,Sai,Sai,0.0,Không,High,Fallback dù case có đáp án kỳ vọng. Citation không bao phủ đúng file kỳ vọng. Retrieval/citation có dấu hiệu sai hoặc thiếu nguồn.,"Tăng structured extraction cho Excel/bảng, giữ header/sheet/row metadata và ưu tiên table retriever.",2427.08
TAB-024,Test xlsx.xlsx,XLSX,Table/Numeric,"Trong file ""Test xlsx.xlsx"", ở sheet ""Sheet4"", dòng 12 có thông tin gì?",No.: 10.0; 受験番号: KI2; 氏名: 立山　高貴; 性別: A; 学科名: 教育学科,Tôi không tìm thấy đủ thông tin trong tài liệu để trả lời chính xác.,,Sai,Sai,Sai,0.0,Không,High,Fallback dù case có đáp án kỳ vọng. Citation không bao phủ đúng file kỳ vọng. Retrieval/citation có dấu hiệu sai hoặc thiếu nguồn.,"Tăng structured extraction cho Excel/bảng, giữ header/sheet/row metadata và ưu tiên table retriever.",2327.02
TAB-025,Test xlsx.xlsx,XLSX,Table/Numeric,"Trong file ""Test xlsx.xlsx"", ở sheet ""Sheet4"", dòng 13 có thông tin gì?",学科名: 平均点; 日本語: ?; 数学: ?; 文学: ?; 総計: ?,Tôi không tìm thấy đủ thông tin trong tài liệu để trả lời chính xác.,,Sai,Sai,Sai,0.0,Không,High,Fallback dù case có đáp án kỳ vọng. Citation không bao phủ đúng file kỳ vọng. Retrieval/citation có dấu hiệu sai hoặc thiếu nguồn.,"Tăng structured extraction cho Excel/bảng, giữ header/sheet/row metadata và ưu tiên table retriever.",2271.19
TAB-026,Test xlsx.xlsx,XLSX,Table/Numeric,"Trong file ""Test xlsx.xlsx"", ở sheet ""Sheet4"", dòng 14 có thông tin gì?",学科名: 最高点; 日本語: ?; 数学: ?; 文学: ?; 総計: ?,Tôi không tìm thấy đủ thông tin trong tài liệu để trả lời chính xác.,,Sai,Sai,Sai,0.0,Không,High,Fallback dù case có đáp án kỳ vọng. Citation không bao phủ đúng file kỳ vọng. Retrieval/citation có dấu hiệu sai hoặc thiếu nguồn.,"Tăng structured extraction cho Excel/bảng, giữ header/sheet/row metadata và ưu tiên table retriever.",2316.23
TAB-028,xlsx_01_bao_cao_doanh_thu.xlsx,XLSX,Table/Numeric,"Trong file ""xlsx_01_bao_cao_doanh_thu.xlsx"", ở sheet ""Doanh thu"", dòng 2 có thông tin gì?",Tháng: 01/2026; Sản phẩm A: 120; Sản phẩm B: 90; Dịch vụ: 45; Tổng: 255,Tôi không tìm thấy đủ thông tin trong tài liệu để trả lời chính xác.,,Sai,Sai,Sai,0.0,Không,High,Fallback dù case có đáp án kỳ vọng. Citation không bao phủ đúng file kỳ vọng. Retrieval/citation có dấu hiệu sai hoặc thiếu nguồn.,"Tăng structured extraction cho Excel/bảng, giữ header/sheet/row metadata và ưu tiên table retriever.",2207.58
TAB-029,xlsx_01_bao_cao_doanh_thu.xlsx,XLSX,Table/Numeric,"Trong file ""xlsx_01_bao_cao_doanh_thu.xlsx"", ở sheet ""Doanh thu"", dòng 3 có thông tin gì?",Tháng: 02/2026; Sản phẩm A: 135; Sản phẩm B: 88; Dịch vụ: 52; Tổng: 275,Tôi không tìm thấy đủ thông tin trong tài liệu để trả lời chính xác.,,Sai,Sai,Sai,0.0,Không,High,Fallback dù case có đáp án kỳ vọng. Citation không bao phủ đúng file kỳ vọng. Retrieval/citation có dấu hiệu sai hoặc thiếu nguồn.,"Tăng structured extraction cho Excel/bảng, giữ header/sheet/row metadata và ưu tiên table retriever.",2204.98
TAB-030,xlsx_01_bao_cao_doanh_thu.xlsx,XLSX,Table/Numeric,"Trong file ""xlsx_01_bao_cao_doanh_thu.xlsx"", ở sheet ""Doanh thu"", dòng 4 có thông tin gì?",Tháng: 03/2026; Sản phẩm A: 128; Sản phẩm B: 105; Dịch vụ: 58; Tổng: 291,Tôi không tìm thấy đủ thông tin trong tài liệu để trả lời chính xác.,,Sai,Sai,Sai,0.0,Không,High,Fallback dù case có đáp án kỳ vọng. Citation không bao phủ đúng file kỳ vọng. Retrieval/citation có dấu hiệu sai hoặc thiếu nguồn.,"Tăng structured extraction cho Excel/bảng, giữ header/sheet/row metadata và ưu tiên table retriever.",2303.89
TAB-031,xlsx_01_bao_cao_doanh_thu.xlsx,XLSX,Table/Numeric,"Trong file ""xlsx_01_bao_cao_doanh_thu.xlsx"", ở sheet ""Doanh thu"", dòng 5 có thông tin gì?",Tháng: 04/2026; Sản phẩm A: 150; Sản phẩm B: 112; Dịch vụ: 64; Tổng: 326,Tôi không tìm thấy đủ thông tin trong tài liệu để trả lời chính xác.,,Sai,Sai,Sai,0.0,Không,High,Fallback dù case có đáp án kỳ vọng. Citation không bao phủ đúng file kỳ vọng. Retrieval/citation có dấu hiệu sai hoặc thiếu nguồn.,"Tăng structured extraction cho Excel/bảng, giữ header/sheet/row metadata và ưu tiên table retriever.",2196.25
TAB-032,xlsx_01_bao_cao_doanh_thu.xlsx,XLSX,Table/Numeric,"Trong file ""xlsx_01_bao_cao_doanh_thu.xlsx"", ở sheet ""Doanh thu"", dòng 6 có thông tin gì?",Tháng: 05/2026; Sản phẩm A: 162; Sản phẩm B: 120; Dịch vụ: 71; Tổng: 353,Tôi không tìm thấy đủ thông tin trong tài liệu để trả lời chính xác.,,Sai,Sai,Sai,0.0,Không,High,Fallback dù case có đáp án kỳ vọng. Citation không bao phủ đúng file kỳ vọng. Retrieval/citation có dấu hiệu sai hoặc thiếu nguồn.,"Tăng structured extraction cho Excel/bảng, giữ header/sheet/row metadata và ưu tiên table retriever.",2197.1
TAB-033,xlsx_01_bao_cao_doanh_thu.xlsx,XLSX,Table/Numeric,"Trong file ""xlsx_01_bao_cao_doanh_thu.xlsx"", ở sheet ""Doanh thu"", dòng 7 có thông tin gì?",Tháng: 06/2026; Sản phẩm A: 158; Sản phẩm B: 130; Dịch vụ: 75; Tổng: 363,Tôi không tìm thấy đủ thông tin trong tài liệu để trả lời chính xác.,,Sai,Sai,Sai,0.0,Không,High,Fallback dù case có đáp án kỳ vọng. Citation không bao phủ đúng file kỳ vọng. Retrieval/citation có dấu hiệu sai hoặc thiếu nguồn.,"Tăng structured extraction cho Excel/bảng, giữ header/sheet/row metadata và ưu tiên table retriever.",2243.3
TAB-034,xlsx_01_bao_cao_doanh_thu.xlsx,XLSX,Table/Numeric,"Trong file ""xlsx_01_bao_cao_doanh_thu.xlsx"", ở sheet ""KPI"", dòng 2 có thông tin gì?",Chỉ số: Tỷ lệ phản hồi khách hàng; Mục tiêu: 90%; Thực tế: 86%; Đánh giá: Cần cải thiện,Sheet Index: 2 Sheet Index: 2.,"xlsx_01_bao_cao_doanh_thu.xlsx (sheet KPI, A1:D6) | xlsx_01_bao_cao_doanh_thu.xlsx (sheet KPI)",Đúng,Đúng,Một phần,0.5,Không,Medium,Đạt kỳ vọng theo bộ từ khóa chuẩn.,Tinh chỉnh citation selection và reranking để nguồn trả về sát hơn.,2192.89
TAB-035,xlsx_01_bao_cao_doanh_thu.xlsx,XLSX,Table/Numeric,"Trong file ""xlsx_01_bao_cao_doanh_thu.xlsx"", ở sheet ""KPI"", dòng 3 có thông tin gì?",Chỉ số: Đơn hàng đúng hạn; Mục tiêu: 95%; Thực tế: 97%; Đánh giá: Đạt,Tôi không tìm thấy đủ thông tin trong tài liệu để trả lời chính xác.,,Sai,Sai,Sai,0.0,Không,High,Fallback dù case có đáp án kỳ vọng. Citation không bao phủ đúng file kỳ vọng. Retrieval/citation có dấu hiệu sai hoặc thiếu nguồn.,"Tăng structured extraction cho Excel/bảng, giữ header/sheet/row metadata và ưu tiên table retriever.",2205.99
TAB-036,xlsx_01_bao_cao_doanh_thu.xlsx,XLSX,Table/Numeric,"Trong file ""xlsx_01_bao_cao_doanh_thu.xlsx"", ở sheet ""KPI"", dòng 4 có thông tin gì?",Chỉ số: Chi phí quảng cáo; Mục tiêu: 25 triệu; Thực tế: 23 triệu; Đánh giá: Đạt,Tôi không tìm thấy đủ thông tin trong tài liệu để trả lời chính xác.,,Sai,Sai,Sai,0.0,Không,High,Fallback dù case có đáp án kỳ vọng. Citation không bao phủ đúng file kỳ vọng. Retrieval/citation có dấu hiệu sai hoặc thiếu nguồn.,"Tăng structured extraction cho Excel/bảng, giữ header/sheet/row metadata và ưu tiên table retriever.",2260.76
TAB-037,xlsx_01_bao_cao_doanh_thu.xlsx,XLSX,Table/Numeric,"Trong file ""xlsx_01_bao_cao_doanh_thu.xlsx"", ở sheet ""KPI"", dòng 5 có thông tin gì?",Chỉ số: Tỷ lệ khách quay lại; Mục tiêu: 35%; Thực tế: 32%; Đánh giá: Theo dõi thêm,Tôi không tìm thấy đủ thông tin trong tài liệu để trả lời chính xác.,,Sai,Sai,Sai,0.0,Không,High,Fallback dù case có đáp án kỳ vọng. Citation không bao phủ đúng file kỳ vọng. Retrieval/citation có dấu hiệu sai hoặc thiếu nguồn.,"Tăng structured extraction cho Excel/bảng, giữ header/sheet/row metadata và ưu tiên table retriever.",2226.78
TAB-038,xlsx_01_bao_cao_doanh_thu.xlsx,XLSX,Table/Numeric,"Trong file ""xlsx_01_bao_cao_doanh_thu.xlsx"", ở sheet ""KPI"", dòng 6 có thông tin gì?",Chỉ số: Số lỗi vận hành; Mục tiêu: <= 5; Thực tế: 4; Đánh giá: Đạt,Tôi không tìm thấy đủ thông tin trong tài liệu để trả lời chính xác.,,Sai,Sai,Sai,0.0,Không,High,Fallback dù case có đáp án kỳ vọng. Citation không bao phủ đúng file kỳ vọng. Retrieval/citation có dấu hiệu sai hoặc thiếu nguồn.,"Tăng structured extraction cho Excel/bảng, giữ header/sheet/row metadata và ưu tiên table retriever.",2197.94
TAB-040,xlsx_02_ke_hoach_hoc_tap.xlsx,XLSX,Table/Numeric,"Trong file ""xlsx_02_ke_hoach_hoc_tap.xlsx"", ở sheet ""Ke hoach hoc tap"", dòng 2 có thông tin gì?","Tuần: 1; Môn học: Cloud Computing; Mục tiêu: Ôn NIST, IaaS/PaaS/SaaS; Giờ dự kiến: 8; Giờ thực tế: 7",Tôi không tìm thấy đủ thông tin trong tài liệu để trả lời chính xác.,,Sai,Sai,Sai,0.0,Không,High,Fallback dù case có đáp án kỳ vọng. Citation không bao phủ đúng file kỳ vọng. Retrieval/citation có dấu hiệu sai hoặc thiếu nguồn.,"Tăng structured extraction cho Excel/bảng, giữ header/sheet/row metadata và ưu tiên table retriever.",2166.63
SLD-001,AI Document Question Answering System.pptx,PPTX,Slide/Presentation,"Slide 1 của file ""AI Document Question Answering System.pptx"" nói về nội dung gì?","Slide: 1; Title: Slide 1; [4] textbox/text_box @ x=3043085,y=1287313,w=3922424,h=575310: TRƯỜNG ĐẠI HỌC GIAO THÔNG VẬN TẢI THÀNH PHỐ HỒ CHÍ MINH",Tôi không tìm thấy đủ thông tin trong tài liệu để trả lời chính xác.,,Sai,Sai,Sai,0.0,Không,High,Fallback dù case có đáp án kỳ vọng. Citation không bao phủ đúng file kỳ vọng. Retrieval/citation có dấu hiệu sai hoặc thiếu nguồn.,"Bổ sung metadata slide/title/shape, ưu tiên slide filter và citation theo slide.",2152.51
SLD-002,AI Document Question Answering System.pptx,PPTX,Slide/Presentation,"Slide 2 của file ""AI Document Question Answering System.pptx"" nói về nội dung gì?","Slide: 2; Title: Slide 2; [3] textbox/text_box @ x=3789681,y=300037,w=2326649,h=685800: Nội dung",Tôi không tìm thấy đủ thông tin trong tài liệu để trả lời chính xác.,,Sai,Sai,Sai,0.0,Không,High,Fallback dù case có đáp án kỳ vọng. Citation không bao phủ đúng file kỳ vọng. Retrieval/citation có dấu hiệu sai hoặc thiếu nguồn.,"Bổ sung metadata slide/title/shape, ưu tiên slide filter và citation theo slide.",2140.06
SLD-003,AI Document Question Answering System.pptx,PPTX,Slide/Presentation,"Slide 3 của file ""AI Document Question Answering System.pptx"" nói về nội dung gì?","Slide: 3; Title: Slide 3; [3] textbox/text_box @ x=212475,y=206829,w=6692068,h=685800: 1. Giới thiệu đề tài",Tôi không tìm thấy đủ thông tin trong tài liệu để trả lời chính xác.,,Sai,Sai,Sai,0.0,Không,High,Fallback dù case có đáp án kỳ vọng. Citation không bao phủ đúng file kỳ vọng. Retrieval/citation có dấu hiệu sai hoặc thiếu nguồn.,"Bổ sung metadata slide/title/shape, ưu tiên slide filter và citation theo slide.",2219.59
SLD-004,AI Document Question Answering System.pptx,PPTX,Slide/Presentation,"Slide 4 của file ""AI Document Question Answering System.pptx"" nói về nội dung gì?","Slide: 4; Title: Slide 4; [3] bullet/text_box @ x=0,y=312325,w=5982191,h=685800: Vấn đề thực tế",Tôi không tìm thấy đủ thông tin trong tài liệu để trả lời chính xác.,,Sai,Sai,Sai,0.0,Không,High,Fallback dù case có đáp án kỳ vọng. Citation không bao phủ đúng file kỳ vọng. Retrieval/citation có dấu hiệu sai hoặc thiếu nguồn.,"Bổ sung metadata slide/title/shape, ưu tiên slide filter và citation theo slide.",2144.75
SLD-005,AI Document Question Answering System.pptx,PPTX,Slide/Presentation,"Slide 5 của file ""AI Document Question Answering System.pptx"" nói về nội dung gì?","Slide: 5; Title: Slide 5; [3] bullet/text_box @ x=-209902,y=193481,w=5982191,h=685800: Giải pháp đề xuất",Tôi không tìm thấy đủ thông tin trong tài liệu để trả lời chính xác.,,Sai,Sai,Sai,0.0,Không,High,Fallback dù case có đáp án kỳ vọng. Citation không bao phủ đúng file kỳ vọng. Retrieval/citation có dấu hiệu sai hoặc thiếu nguồn.,"Bổ sung metadata slide/title/shape, ưu tiên slide filter và citation theo slide.",2149.96
SLD-006,AI Document Question Answering System.pptx,PPTX,Slide/Presentation,"Slide 6 của file ""AI Document Question Answering System.pptx"" nói về nội dung gì?","Slide: 6; Title: Slide 6; [3] bullet/text_box @ x=-273620,y=300037,w=7535277,h=685800: Kiến trúc tổng thể của hệ thống",Tôi không tìm thấy đủ thông tin trong tài liệu để trả lời chính xác.,,Sai,Sai,Sai,0.0,Không,High,Fallback dù case có đáp án kỳ vọng. Citation không bao phủ đúng file kỳ vọng. Retrieval/citation có dấu hiệu sai hoặc thiếu nguồn.,"Bổ sung metadata slide/title/shape, ưu tiên slide filter và citation theo slide.",2181.09
SLD-007,AI Document Question Answering System.pptx,PPTX,Slide/Presentation,"Slide 7 của file ""AI Document Question Answering System.pptx"" nói về nội dung gì?","Slide: 7; Title: Slide 7; [3] bullet/text_box @ x=-191954,y=199903,w=5982191,h=685800: Chức năng chính",Tôi không tìm thấy đủ thông tin trong tài liệu để trả lời chính xác.,,Sai,Sai,Sai,0.0,Không,High,Fallback dù case có đáp án kỳ vọng. Citation không bao phủ đúng file kỳ vọng. Retrieval/citation có dấu hiệu sai hoặc thiếu nguồn.,"Bổ sung metadata slide/title/shape, ưu tiên slide filter và citation theo slide.",2185.03
SLD-008,AI Document Question Answering System.pptx,PPTX,Slide/Presentation,"Slide 8 của file ""AI Document Question Answering System.pptx"" nói về nội dung gì?","Slide: 8; Title: Slide 8; [3] bullet/text_box @ x=-248959,y=170540,w=5982191,h=685800: Pipeline xử lý tài liệu",Tôi không tìm thấy đủ thông tin trong tài liệu để trả lời chính xác.,,Sai,Sai,Sai,0.0,Không,High,Fallback dù case có đáp án kỳ vọng. Citation không bao phủ đúng file kỳ vọng. Retrieval/citation có dấu hiệu sai hoặc thiếu nguồn.,"Bổ sung metadata slide/title/shape, ưu tiên slide filter và citation theo slide.",2134.31
SLD-009,bai_trinh_chieu_mau_thu_vien_thong_minh.pptx,PPTX,Slide/Presentation,"Slide 1 của file ""bai_trinh_chieu_mau_thu_vien_thong_minh.pptx"" nói về nội dung gì?","Slide: 1; Title: Slide 1; [1] textbox/auto_shape @ x=685800,y=640080,w=3840480,h=256032: BÀI TRÌNH CHIẾU MẪU",Tôi không tìm thấy đủ thông tin trong tài liệu để trả lời chính xác.,,Sai,Sai,Sai,0.0,Không,High,Fallback dù case có đáp án kỳ vọng. Citation không bao phủ đúng file kỳ vọng. Retrieval/citation có dấu hiệu sai hoặc thiếu nguồn.,"Bổ sung metadata slide/title/shape, ưu tiên slide filter và citation theo slide.",2193.87
SLD-010,bai_trinh_chieu_mau_thu_vien_thong_minh.pptx,PPTX,Slide/Presentation,"Slide 2 của file ""bai_trinh_chieu_mau_thu_vien_thong_minh.pptx"" nói về nội dung gì?","Slide: 2; Title: Slide 2; [2] textbox/auto_shape @ x=502920,y=548640,w=7132320,h=502920: Vấn đề thường gặp trong thư viện truyền thống",Tôi không tìm thấy đủ thông tin trong tài liệu để trả lời chính xác.,,Sai,Sai,Sai,0.0,Không,High,Fallback dù case có đáp án kỳ vọng. Citation không bao phủ đúng file kỳ vọng. Retrieval/citation có dấu hiệu sai hoặc thiếu nguồn.,"Bổ sung metadata slide/title/shape, ưu tiên slide filter và citation theo slide.",2180.25
SLD-011,bai_trinh_chieu_mau_thu_vien_thong_minh.pptx,PPTX,Slide/Presentation,"Slide 3 của file ""bai_trinh_chieu_mau_thu_vien_thong_minh.pptx"" nói về nội dung gì?","Slide: 3; Title: Slide 3; [2] textbox/auto_shape @ x=502920,y=548640,w=7132320,h=502920: Giải pháp đề xuất: thư viện thông minh",Tôi không tìm thấy đủ thông tin trong tài liệu để trả lời chính xác.,,Sai,Sai,Sai,0.0,Không,High,Fallback dù case có đáp án kỳ vọng. Citation không bao phủ đúng file kỳ vọng. Retrieval/citation có dấu hiệu sai hoặc thiếu nguồn.,"Bổ sung metadata slide/title/shape, ưu tiên slide filter và citation theo slide.",2182.11
SLD-012,bai_trinh_chieu_mau_thu_vien_thong_minh.pptx,PPTX,Slide/Presentation,"Slide 4 của file ""bai_trinh_chieu_mau_thu_vien_thong_minh.pptx"" nói về nội dung gì?","Slide: 4; Title: Slide 4; [2] textbox/auto_shape @ x=502920,y=548640,w=7132320,h=502920: Luồng sử dụng mẫu",Tôi không tìm thấy đủ thông tin trong tài liệu để trả lời chính xác.,,Sai,Sai,Sai,0.0,Không,High,Fallback dù case có đáp án kỳ vọng. Citation không bao phủ đúng file kỳ vọng. Retrieval/citation có dấu hiệu sai hoặc thiếu nguồn.,"Bổ sung metadata slide/title/shape, ưu tiên slide filter và citation theo slide.",2224.35
SLD-013,bai_trinh_chieu_mau_thu_vien_thong_minh.pptx,PPTX,Slide/Presentation,"Slide 5 của file ""bai_trinh_chieu_mau_thu_vien_thong_minh.pptx"" nói về nội dung gì?","Slide: 5; Title: Slide 5; [2] textbox/auto_shape @ x=502920,y=548640,w=7132320,h=502920: Dữ liệu cần quản lý",Tôi không tìm thấy đủ thông tin trong tài liệu để trả lời chính xác.,,Sai,Sai,Sai,0.0,Không,High,Fallback dù case có đáp án kỳ vọng. Citation không bao phủ đúng file kỳ vọng. Retrieval/citation có dấu hiệu sai hoặc thiếu nguồn.,"Bổ sung metadata slide/title/shape, ưu tiên slide filter và citation theo slide.",2185.97
SLD-014,bai_trinh_chieu_mau_thu_vien_thong_minh.pptx,PPTX,Slide/Presentation,"Slide 6 của file ""bai_trinh_chieu_mau_thu_vien_thong_minh.pptx"" nói về nội dung gì?","Slide: 6; Title: Slide 6; [2] textbox/auto_shape @ x=502920,y=548640,w=7132320,h=502920: KPI đánh giá hiệu quả sau triển khai",Tôi không tìm thấy đủ thông tin trong tài liệu để trả lời chính xác.,,Sai,Sai,Sai,0.0,Không,High,Fallback dù case có đáp án kỳ vọng. Citation không bao phủ đúng file kỳ vọng. Retrieval/citation có dấu hiệu sai hoặc thiếu nguồn.,"Bổ sung metadata slide/title/shape, ưu tiên slide filter và citation theo slide.",2170.88
SLD-015,bai_trinh_chieu_mau_thu_vien_thong_minh.pptx,PPTX,Slide/Presentation,"Slide 7 của file ""bai_trinh_chieu_mau_thu_vien_thong_minh.pptx"" nói về nội dung gì?","Slide: 7; Title: Slide 7; [2] textbox/auto_shape @ x=502920,y=548640,w=7132320,h=502920: Kết luận và hướng mở rộng",Tôi không tìm thấy đủ thông tin trong tài liệu để trả lời chính xác.,,Sai,Sai,Sai,0.0,Không,High,Fallback dù case có đáp án kỳ vọng. Citation không bao phủ đúng file kỳ vọng. Retrieval/citation có dấu hiệu sai hoặc thiếu nguồn.,"Bổ sung metadata slide/title/shape, ưu tiên slide filter và citation theo slide.",2205.82
SLD-016,pptx_01_du_lich_can_tho.pptx,PPTX,Slide/Presentation,"Slide 1 của file ""pptx_01_du_lich_can_tho.pptx"" nói về nội dung gì?","Slide: 1; Title: Slide 1; [2] textbox/auto_shape @ x=502920,y=228600,w=7772400,h=411480: Lịch trình Cần Thơ cuối tuần",Tôi không tìm thấy đủ thông tin trong tài liệu để trả lời chính xác.,,Sai,Sai,Sai,0.0,Không,High,Fallback dù case có đáp án kỳ vọng. Citation không bao phủ đúng file kỳ vọng. Retrieval/citation có dấu hiệu sai hoặc thiếu nguồn.,"Bổ sung metadata slide/title/shape, ưu tiên slide filter và citation theo slide.",2177.11
SLD-017,pptx_01_du_lich_can_tho.pptx,PPTX,Slide/Presentation,"Slide 2 của file ""pptx_01_du_lich_can_tho.pptx"" nói về nội dung gì?","Slide: 2; Title: Slide 2; [2] textbox/auto_shape @ x=502920,y=228600,w=7772400,h=411480: Ngày 1: Khám phá nhịp sống sông nước",Tôi không tìm thấy đủ thông tin trong tài liệu để trả lời chính xác.,,Sai,Sai,Sai,0.0,Không,High,Fallback dù case có đáp án kỳ vọng. Citation không bao phủ đúng file kỳ vọng. Retrieval/citation có dấu hiệu sai hoặc thiếu nguồn.,"Bổ sung metadata slide/title/shape, ưu tiên slide filter và citation theo slide.",2155.73
SLD-018,pptx_01_du_lich_can_tho.pptx,PPTX,Slide/Presentation,"Slide 3 của file ""pptx_01_du_lich_can_tho.pptx"" nói về nội dung gì?","Slide: 3; Title: Slide 3; [2] textbox/auto_shape @ x=502920,y=228600,w=7772400,h=411480: Ngày 2: Chợ nổi và mua quà",Tôi không tìm thấy đủ thông tin trong tài liệu để trả lời chính xác.,,Sai,Sai,Sai,0.0,Không,High,Fallback dù case có đáp án kỳ vọng. Citation không bao phủ đúng file kỳ vọng. Retrieval/citation có dấu hiệu sai hoặc thiếu nguồn.,"Bổ sung metadata slide/title/shape, ưu tiên slide filter và citation theo slide.",2264.68
SLD-019,pptx_01_du_lich_can_tho.pptx,PPTX,Slide/Presentation,"Slide 4 của file ""pptx_01_du_lich_can_tho.pptx"" nói về nội dung gì?","Slide: 4; Title: Slide 4; [2] textbox/auto_shape @ x=502920,y=228600,w=7772400,h=411480: Ngân sách và chuẩn bị",Tôi không tìm thấy đủ thông tin trong tài liệu để trả lời chính xác.,,Sai,Sai,Sai,0.0,Không,High,Fallback dù case có đáp án kỳ vọng. Citation không bao phủ đúng file kỳ vọng. Retrieval/citation có dấu hiệu sai hoặc thiếu nguồn.,"Bổ sung metadata slide/title/shape, ưu tiên slide filter và citation theo slide.",2191.87
SLD-020,pptx_01_du_lich_can_tho.pptx,PPTX,Slide/Presentation,"Slide 5 của file ""pptx_01_du_lich_can_tho.pptx"" nói về nội dung gì?","Slide: 5; Title: Slide 5; [2] textbox/auto_shape @ x=502920,y=228600,w=7772400,h=411480: Tổng kết chuyến đi",Tôi không tìm thấy đủ thông tin trong tài liệu để trả lời chính xác.,,Sai,Sai,Sai,0.0,Không,High,Fallback dù case có đáp án kỳ vọng. Citation không bao phủ đúng file kỳ vọng. Retrieval/citation có dấu hiệu sai hoặc thiếu nguồn.,"Bổ sung metadata slide/title/shape, ưu tiên slide filter và citation theo slide.",2149.11
SLD-021,pptx_02_trong_cay_truong_hoc.pptx,PPTX,Slide/Presentation,"Slide 1 của file ""pptx_02_trong_cay_truong_hoc.pptx"" nói về nội dung gì?","Slide: 1; Title: Slide 1; [2] textbox/auto_shape @ x=502920,y=228600,w=7772400,h=411480: Chiến dịch trồng cây trường học",Tôi không tìm thấy đủ thông tin trong tài liệu để trả lời chính xác.,,Sai,Sai,Sai,0.0,Không,High,Fallback dù case có đáp án kỳ vọng. Citation không bao phủ đúng file kỳ vọng. Retrieval/citation có dấu hiệu sai hoặc thiếu nguồn.,"Bổ sung metadata slide/title/shape, ưu tiên slide filter và citation theo slide.",2178.22
SLD-022,pptx_02_trong_cay_truong_hoc.pptx,PPTX,Slide/Presentation,"Slide 2 của file ""pptx_02_trong_cay_truong_hoc.pptx"" nói về nội dung gì?","Slide: 2; Title: Slide 2; [2] textbox/auto_shape @ x=502920,y=228600,w=7772400,h=411480: Tuần 1: Khảo sát và chọn cây",Tôi không tìm thấy đủ thông tin trong tài liệu để trả lời chính xác.,,Sai,Sai,Sai,0.0,Không,High,Fallback dù case có đáp án kỳ vọng. Citation không bao phủ đúng file kỳ vọng. Retrieval/citation có dấu hiệu sai hoặc thiếu nguồn.,"Bổ sung metadata slide/title/shape, ưu tiên slide filter và citation theo slide.",2161.75
SLD-023,pptx_02_trong_cay_truong_hoc.pptx,PPTX,Slide/Presentation,"Slide 3 của file ""pptx_02_trong_cay_truong_hoc.pptx"" nói về nội dung gì?","Slide: 3; Title: Slide 3; [2] textbox/auto_shape @ x=502920,y=228600,w=7772400,h=411480: Tuần 2-3: Trồng và truyền thông",Tôi không tìm thấy đủ thông tin trong tài liệu để trả lời chính xác.,,Sai,Sai,Sai,0.0,Không,High,Fallback dù case có đáp án kỳ vọng. Citation không bao phủ đúng file kỳ vọng. Retrieval/citation có dấu hiệu sai hoặc thiếu nguồn.,"Bổ sung metadata slide/title/shape, ưu tiên slide filter và citation theo slide.",2151.63
SLD-024,pptx_02_trong_cay_truong_hoc.pptx,PPTX,Slide/Presentation,"Slide 4 của file ""pptx_02_trong_cay_truong_hoc.pptx"" nói về nội dung gì?","Slide: 4; Title: Slide 4; [2] textbox/auto_shape @ x=502920,y=228600,w=7772400,h=411480: Tuần 4: Theo dõi và đánh giá",Tôi không tìm thấy đủ thông tin trong tài liệu để trả lời chính xác.,,Sai,Sai,Sai,0.0,Không,High,Fallback dù case có đáp án kỳ vọng. Citation không bao phủ đúng file kỳ vọng. Retrieval/citation có dấu hiệu sai hoặc thiếu nguồn.,"Bổ sung metadata slide/title/shape, ưu tiên slide filter và citation theo slide.",2195.98
SLD-025,pptx_02_trong_cay_truong_hoc.pptx,PPTX,Slide/Presentation,"Slide 5 của file ""pptx_02_trong_cay_truong_hoc.pptx"" nói về nội dung gì?","Slide: 5; Title: Slide 5; [2] textbox/auto_shape @ x=502920,y=228600,w=7772400,h=411480: Kết quả kỳ vọng",Tôi không tìm thấy đủ thông tin trong tài liệu để trả lời chính xác.,,Sai,Sai,Sai,0.0,Không,High,Fallback dù case có đáp án kỳ vọng. Citation không bao phủ đúng file kỳ vọng. Retrieval/citation có dấu hiệu sai hoặc thiếu nguồn.,"Bổ sung metadata slide/title/shape, ưu tiên slide filter và citation theo slide.",2149.91
SLD-026,Test pptx.pptx,PPTX,Slide/Presentation,"Slide 1 của file ""Test pptx.pptx"" nói về nội dung gì?","Slide: 1; Title: オフィス業務; [2] textbox/placeholder @ x=4139952,y=3427413,w=3600698,h=2162175: 担当講師",Tôi không tìm thấy đủ thông tin trong tài liệu để trả lời chính xác.,,Sai,Sai,Sai,0.0,Không,High,Fallback dù case có đáp án kỳ vọng. Citation không bao phủ đúng file kỳ vọng. Retrieval/citation có dấu hiệu sai hoặc thiếu nguồn.,"Bổ sung metadata slide/title/shape, ưu tiên slide filter và citation theo slide.",2161.56
SLD-027,Test pptx.pptx,PPTX,Slide/Presentation,"Slide 2 của file ""Test pptx.pptx"" nói về nội dung gì?","Slide: 2; Title: 主な授業内容; [2] textbox/placeholder @ x=323528,y=1412776,w=8459788,h=5112022: 仕事をする意味",Tôi không tìm thấy đủ thông tin trong tài liệu để trả lời chính xác.,,Sai,Sai,Sai,0.0,Không,High,Fallback dù case có đáp án kỳ vọng. Citation không bao phủ đúng file kỳ vọng. Retrieval/citation có dấu hiệu sai hoặc thiếu nguồn.,"Bổ sung metadata slide/title/shape, ưu tiên slide filter và citation theo slide.",2188.06
SLD-028,Test pptx.pptx,PPTX,Slide/Presentation,"Slide 3 của file ""Test pptx.pptx"" nói về nội dung gì?","Slide: 3; Title: Slide 3; [1] textbox/auto_shape @ x=161510,y=404664,w=8820980,h=3024336: 先生も頑張ります！",Tôi không tìm thấy đủ thông tin trong tài liệu để trả lời chính xác.,,Sai,Sai,Sai,0.0,Không,High,Fallback dù case có đáp án kỳ vọng. Citation không bao phủ đúng file kỳ vọng. Retrieval/citation có dấu hiệu sai hoặc thiếu nguồn.,"Bổ sung metadata slide/title/shape, ưu tiên slide filter và citation theo slide.",2166.21
SLD-029,Test pptx.pptx,PPTX,Slide/Presentation,"Slide 4 của file ""Test pptx.pptx"" nói về nội dung gì?","Slide: 4; Title: Slide 4; [1] textbox/auto_shape @ x=161510,y=404664,w=8820980,h=3024336: 分からないことを",Tôi không tìm thấy đủ thông tin trong tài liệu để trả lời chính xác.,,Sai,Sai,Sai,0.0,Không,High,Fallback dù case có đáp án kỳ vọng. Citation không bao phủ đúng file kỳ vọng. Retrieval/citation có dấu hiệu sai hoặc thiếu nguồn.,"Bổ sung metadata slide/title/shape, ưu tiên slide filter và citation theo slide.",2157.6
SLD-030,Test pptx.pptx,PPTX,Slide/Presentation,"Slide 5 của file ""Test pptx.pptx"" nói về nội dung gì?",Slide: 5; Title: ＜授業の目的＞,Tôi không tìm thấy đủ thông tin trong tài liệu để trả lời chính xác.,,Sai,Sai,Sai,0.0,Không,High,Fallback dù case có đáp án kỳ vọng. Citation không bao phủ đúng file kỳ vọng. Retrieval/citation có dấu hiệu sai hoặc thiếu nguồn.,"Bổ sung metadata slide/title/shape, ưu tiên slide filter và citation theo slide.",2405.36
OCR-002,jpeg_01_ke_hoach_du_lich.jpeg,JPEG,OCR/Vision,"Trong ảnh hoặc file scan ""jpeg_01_ke_hoach_du_lich.jpeg"", nội dung chữ chính là gì?",af1543170da2459e8e35a33eab1b7c94_jpeg_01_ke_hoach_du_lich.jpeg,Tôi không tìm thấy đủ thông tin trong tài liệu để trả lời chính xác.,,Sai,Sai,Sai,0.0,Không,High,Fallback dù case có đáp án kỳ vọng. Citation không bao phủ đúng file kỳ vọng. Retrieval/citation có dấu hiệu sai hoặc thiếu nguồn.,Rà soát OCR/Vision extraction và metadata ảnh; tăng kiểm tra fallback cho câu hỏi ảnh.,2214.02
OCR-003,jpeg_02_bang_an_toan_bep.jpeg,JPEG,OCR/Vision,"Trong ảnh hoặc file scan ""jpeg_02_bang_an_toan_bep.jpeg"", nội dung chữ chính là gì?",16a69c2060254036ad8ebc0c3ae0f81a_jpeg_02_bang_an_toan_bep.jpeg,Tôi không tìm thấy đủ thông tin trong tài liệu để trả lời chính xác.,,Sai,Sai,Sai,0.0,Không,High,Fallback dù case có đáp án kỳ vọng. Citation không bao phủ đúng file kỳ vọng. Retrieval/citation có dấu hiệu sai hoặc thiếu nguồn.,Rà soát OCR/Vision extraction và metadata ảnh; tăng kiểm tra fallback cho câu hỏi ảnh.,2182.78
OCR-004,jpg_01_infographic_giac_ngu.jpg,JPG,OCR/Vision,"Trong ảnh hoặc file scan ""jpg_01_infographic_giac_ngu.jpg"", nội dung chữ chính là gì?",8012c82141b74b7eb38bb4f20aa27ea9_jpg_01_infographic_giac_ngu.jpg,Tôi không tìm thấy đủ thông tin trong tài liệu để trả lời chính xác.,,Sai,Sai,Sai,0.0,Không,High,Fallback dù case có đáp án kỳ vọng. Citation không bao phủ đúng file kỳ vọng. Retrieval/citation có dấu hiệu sai hoặc thiếu nguồn.,Rà soát OCR/Vision extraction và metadata ảnh; tăng kiểm tra fallback cho câu hỏi ảnh.,2217.93
OCR-005,jpg_02_so_do_lop_hoc.jpg,JPG,OCR/Vision,"Trong ảnh hoặc file scan ""jpg_02_so_do_lop_hoc.jpg"", nội dung chữ chính là gì?",5393830183424ded8252273adae05f6d_jpg_02_so_do_lop_hoc.jpg,Tôi không tìm thấy đủ thông tin trong tài liệu để trả lời chính xác.,,Sai,Sai,Sai,0.0,Không,High,Fallback dù case có đáp án kỳ vọng. Citation không bao phủ đúng file kỳ vọng. Retrieval/citation có dấu hiệu sai hoặc thiếu nguồn.,Rà soát OCR/Vision extraction và metadata ảnh; tăng kiểm tra fallback cho câu hỏi ảnh.,2236.29
OCR-006,png_01_ban_do_y_tuong.png,PNG,OCR/Vision,"Trong ảnh hoặc file scan ""png_01_ban_do_y_tuong.png"", nội dung chữ chính là gì?",da2dab99728f47558f2b62326de763f8_png_01_ban_do_y_tuong.png,Tôi không tìm thấy đủ thông tin trong tài liệu để trả lời chính xác.,,Sai,Sai,Sai,0.0,Không,High,Fallback dù case có đáp án kỳ vọng. Citation không bao phủ đúng file kỳ vọng. Retrieval/citation có dấu hiệu sai hoặc thiếu nguồn.,Rà soát OCR/Vision extraction và metadata ảnh; tăng kiểm tra fallback cho câu hỏi ảnh.,2188.24
OCR-007,png_02_quy_trinh_giao_hang.png,PNG,OCR/Vision,"Trong ảnh hoặc file scan ""png_02_quy_trinh_giao_hang.png"", nội dung chữ chính là gì?",d9b451f71253409cb4b43901b422bcc6_png_02_quy_trinh_giao_hang.png,Tôi không tìm thấy đủ thông tin trong tài liệu để trả lời chính xác.,,Sai,Sai,Sai,0.0,Không,High,Fallback dù case có đáp án kỳ vọng. Citation không bao phủ đúng file kỳ vọng. Retrieval/citation có dấu hiệu sai hoặc thiếu nguồn.,Rà soát OCR/Vision extraction và metadata ảnh; tăng kiểm tra fallback cho câu hỏi ảnh.,2176.6
OCR-009,storyboard_mau_suc_khoe_hoc_duong.jpeg,JPEG,OCR/Vision,"Trong ảnh hoặc file scan ""storyboard_mau_suc_khoe_hoc_duong.jpeg"", nội dung chữ chính là gì?",a9ace2ff83464a59a43f6c683aac0c5f_storyboard_mau_suc_khoe_hoc_duong.jpeg,"Anh JPEG c6 noi dung riéng, mo ta 6 canh truyén thong ngan. Anh JPEG c6 noi dung riéng, mo ta 6 canh truyén thong ngan.",storyboard_mau_suc_khoe_hoc_duong.jpeg (a9ace2ff83464a59a43f6c683aac0c5f_storyboard_mau_suc_khoe_hoc_duong.jpeg),Đúng,Đúng,Một phần,0.5,Không,Medium,Đạt kỳ vọng theo bộ từ khóa chuẩn.,Tinh chỉnh citation selection và reranking để nguồn trả về sát hơn.,2174.13
OCR-010,Test jpeg.jpeg,JPEG,OCR/Vision,"Trong ảnh hoặc file scan ""Test jpeg.jpeg"", nội dung chữ chính là gì?",b8f8ee50acbd45bf99da91f58570d763_Test jpeg.jpeg,Tôi không tìm thấy đủ thông tin trong tài liệu để trả lời chính xác.,,Sai,Sai,Sai,0.0,Không,High,Fallback dù case có đáp án kỳ vọng. Citation không bao phủ đúng file kỳ vọng. Retrieval/citation có dấu hiệu sai hoặc thiếu nguồn.,Rà soát OCR/Vision extraction và metadata ảnh; tăng kiểm tra fallback cho câu hỏi ảnh.,2189.22
OCR-011,Test JPG.jpg,JPG,OCR/Vision,"Trong ảnh hoặc file scan ""Test JPG.jpg"", nội dung chữ chính là gì?",cb467cc5db3c48429e68a3e690bb161b_Test JPG.jpg,Tôi không tìm thấy đủ thông tin trong tài liệu để trả lời chính xác.,,Sai,Sai,Sai,0.0,Không,High,Fallback dù case có đáp án kỳ vọng. Citation không bao phủ đúng file kỳ vọng. Retrieval/citation có dấu hiệu sai hoặc thiếu nguồn.,Rà soát OCR/Vision extraction và metadata ảnh; tăng kiểm tra fallback cho câu hỏi ảnh.,2186.77
OCR-012,Test pdf scan.pdf,PDF,OCR/Vision,"Trong ảnh hoặc file scan ""Test pdf scan.pdf"", nội dung chữ chính là gì?",Page: 1 > File: e4eee1144064466092a3e26cce305d0b_Test pdf scan.pdf,Tôi không tìm thấy đủ thông tin trong tài liệu để trả lời chính xác.,,Sai,Sai,Sai,0.0,Không,High,Fallback dù case có đáp án kỳ vọng. Citation không bao phủ đúng file kỳ vọng. Retrieval/citation có dấu hiệu sai hoặc thiếu nguồn.,Rà soát OCR/Vision extraction và metadata ảnh; tăng kiểm tra fallback cho câu hỏi ảnh.,2162.71
OCR-013,Test PNG.png,PNG,OCR/Vision,"Trong ảnh hoặc file scan ""Test PNG.png"", nội dung chữ chính là gì?",b82666e7786846928e815761b567733d_Test PNG.png,Tôi không tìm thấy đủ thông tin trong tài liệu để trả lời chính xác.,,Sai,Sai,Sai,0.0,Không,High,Fallback dù case có đáp án kỳ vọng. Citation không bao phủ đúng file kỳ vọng. Retrieval/citation có dấu hiệu sai hoặc thiếu nguồn.,Rà soát OCR/Vision extraction và metadata ảnh; tăng kiểm tra fallback cho câu hỏi ảnh.,2185.66
OCR-014,infographic_mau_an_toan_mang.png,PNG,OCR/Vision,"Hãy trích xuất các nhãn hoặc ý chính nhìn thấy trong ""infographic_mau_an_toan_mang.png"".",6f8d63eb72674dc2af6c4651b49853ad_infographic_mau_an_toan_mang.png,"Noi dung minh hoa dai hon, dung de kiem thu nhan dien chu trong anh PNG. Noi dung minh hoa dai hon, dung de kiem thu nhan dien chu trong anh PNG.",infographic_mau_an_toan_mang.png (6f8d63eb72674dc2af6c4651b49853ad_infographic_mau_an_toan_mang.png),Đúng,Đúng,Một phần,0.5,Không,Medium,Đạt kỳ vọng theo bộ từ khóa chuẩn.,Tinh chỉnh citation selection và reranking để nguồn trả về sát hơn.,2156.55
OCR-015,jpeg_01_ke_hoach_du_lich.jpeg,JPEG,OCR/Vision,"Hãy trích xuất các nhãn hoặc ý chính nhìn thấy trong ""jpeg_01_ke_hoach_du_lich.jpeg"".",af1543170da2459e8e35a33eab1b7c94_jpeg_01_ke_hoach_du_lich.jpeg,Tôi không tìm thấy đủ thông tin trong tài liệu để trả lời chính xác.,,Sai,Sai,Sai,0.0,Không,High,Fallback dù case có đáp án kỳ vọng. Citation không bao phủ đúng file kỳ vọng. Retrieval/citation có dấu hiệu sai hoặc thiếu nguồn.,Rà soát OCR/Vision extraction và metadata ảnh; tăng kiểm tra fallback cho câu hỏi ảnh.,2140.3
OCR-016,jpeg_02_bang_an_toan_bep.jpeg,JPEG,OCR/Vision,"Hãy trích xuất các nhãn hoặc ý chính nhìn thấy trong ""jpeg_02_bang_an_toan_bep.jpeg"".",16a69c2060254036ad8ebc0c3ae0f81a_jpeg_02_bang_an_toan_bep.jpeg,Tôi không tìm thấy đủ thông tin trong tài liệu để trả lời chính xác.,,Sai,Sai,Sai,0.0,Không,High,Fallback dù case có đáp án kỳ vọng. Citation không bao phủ đúng file kỳ vọng. Retrieval/citation có dấu hiệu sai hoặc thiếu nguồn.,Rà soát OCR/Vision extraction và metadata ảnh; tăng kiểm tra fallback cho câu hỏi ảnh.,2124.4
OCR-017,jpg_01_infographic_giac_ngu.jpg,JPG,OCR/Vision,"Hãy trích xuất các nhãn hoặc ý chính nhìn thấy trong ""jpg_01_infographic_giac_ngu.jpg"".",8012c82141b74b7eb38bb4f20aa27ea9_jpg_01_infographic_giac_ngu.jpg,Tôi không tìm thấy đủ thông tin trong tài liệu để trả lời chính xác.,,Sai,Sai,Sai,0.0,Không,High,Fallback dù case có đáp án kỳ vọng. Citation không bao phủ đúng file kỳ vọng. Retrieval/citation có dấu hiệu sai hoặc thiếu nguồn.,Rà soát OCR/Vision extraction và metadata ảnh; tăng kiểm tra fallback cho câu hỏi ảnh.,2150.54
OCR-018,jpg_02_so_do_lop_hoc.jpg,JPG,OCR/Vision,"Hãy trích xuất các nhãn hoặc ý chính nhìn thấy trong ""jpg_02_so_do_lop_hoc.jpg"".",5393830183424ded8252273adae05f6d_jpg_02_so_do_lop_hoc.jpg,Tôi không tìm thấy đủ thông tin trong tài liệu để trả lời chính xác.,,Sai,Sai,Sai,0.0,Không,High,Fallback dù case có đáp án kỳ vọng. Citation không bao phủ đúng file kỳ vọng. Retrieval/citation có dấu hiệu sai hoặc thiếu nguồn.,Rà soát OCR/Vision extraction và metadata ảnh; tăng kiểm tra fallback cho câu hỏi ảnh.,2122.85
OCR-019,png_01_ban_do_y_tuong.png,PNG,OCR/Vision,"Hãy trích xuất các nhãn hoặc ý chính nhìn thấy trong ""png_01_ban_do_y_tuong.png"".",da2dab99728f47558f2b62326de763f8_png_01_ban_do_y_tuong.png,Tôi không tìm thấy đủ thông tin trong tài liệu để trả lời chính xác.,,Sai,Sai,Sai,0.0,Không,High,Fallback dù case có đáp án kỳ vọng. Citation không bao phủ đúng file kỳ vọng. Retrieval/citation có dấu hiệu sai hoặc thiếu nguồn.,Rà soát OCR/Vision extraction và metadata ảnh; tăng kiểm tra fallback cho câu hỏi ảnh.,2125.13
OCR-020,png_02_quy_trinh_giao_hang.png,PNG,OCR/Vision,"Hãy trích xuất các nhãn hoặc ý chính nhìn thấy trong ""png_02_quy_trinh_giao_hang.png"".",d9b451f71253409cb4b43901b422bcc6_png_02_quy_trinh_giao_hang.png,Tôi không tìm thấy đủ thông tin trong tài liệu để trả lời chính xác.,,Sai,Sai,Sai,0.0,Không,High,Fallback dù case có đáp án kỳ vọng. Citation không bao phủ đúng file kỳ vọng. Retrieval/citation có dấu hiệu sai hoặc thiếu nguồn.,Rà soát OCR/Vision extraction và metadata ảnh; tăng kiểm tra fallback cho câu hỏi ảnh.,2137.93
NEG-001,AI Document Question Answering System.pptx,PPTX,Negative/Hallucination,"Trong file ""AI Document Question Answering System.pptx"" có thông tin về blockchain không?",Không tìm thấy thông tin trong tài liệu.,AI Document Question Answering System ĐỀ TÀI: AI Document Question Answering System.,AI Document Question Answering System.pptx (slide 3) | AI Document Question Answering System.pptx (slide 1) | AI Document Question Answering System.pptx (slide 2),Đúng,Đúng,Sai,0.0,Có,Critical,Có dấu hiệu suy đoán hoặc trả lời ngoài tài liệu.,"Bổ sung metadata slide/title/shape, ưu tiên slide filter và citation theo slide.",2160.98
NEG-002,bai_trinh_chieu_mau_thu_vien_thong_minh.pptx,PPTX,Negative/Hallucination,"Trong file ""bai_trinh_chieu_mau_thu_vien_thong_minh.pptx"" có thông tin về mat khau admin không?",Không tìm thấy thông tin trong tài liệu.,"Luồng này giúp kiểm thử file PPTX vì mỗi bước có tiêu đề, mô tả và vị trí trực quan riêng. Lưu thông tin sách, tác giả, thể loại, vị trí kệ, trạng thái mượn và lịch sử cập nhật. Kết luận: thư viện cần được số hóa theo hướng dễ dùng, có dữ liệu tập trung và hỗ trợ tìm kiếm thông minh. File PPTX mẫu • 2 File PPTX mẫu • 6.",bai_trinh_chieu_mau_thu_vien_thong_minh.pptx (slide 3) | bai_trinh_chieu_mau_thu_vien_thong_minh.pptx (slide 2) | bai_trinh_chieu_mau_thu_vien_thong_minh.pptx (slide 4),Đúng,Đúng,Sai,0.0,Có,Critical,Có dấu hiệu suy đoán hoặc trả lời ngoài tài liệu.,"Bổ sung metadata slide/title/shape, ưu tiên slide filter và citation theo slide.",2191.82
NEG-005,bao_cao_quan_ly_rac_thai_nhua.pdf,PDF,Negative/Hallucination,"Trong file ""bao_cao_quan_ly_rac_thai_nhua.pdf"" có thông tin về gia co phieu Apple không?",Không tìm thấy thông tin trong tài liệu.,"Tài liệu PDF mẫu này trình bày một vấn đề môi trường khác với file DOCX: cách quản lý file PDF. Nhựa khó phân hủy, có thể tồn tại trong môi trường rất lâu.",bao_cao_quan_ly_rac_thai_nhua.pdf (trang 1),Đúng,Đúng,Sai,0.0,Có,Critical,Có dấu hiệu suy đoán hoặc trả lời ngoài tài liệu.,Siết missing-evidence gate và prompt fallback cho câu hỏi không có thông tin.,2133.01
NEG-010,infographic_mau_an_toan_mang.png,PNG,Negative/Hallucination,"Trong file ""infographic_mau_an_toan_mang.png"" có thông tin về hop dong lao dong không?",Không tìm thấy thông tin trong tài liệu.,"Noi dung minh hoa dai hon, dung de kiem thu nhan dien chu trong anh PNG. Noi dung minh hoa dai hon, dung de kiem thu nhan dien chu trong anh PNG.",infographic_mau_an_toan_mang.png (6f8d63eb72674dc2af6c4651b49853ad_infographic_mau_an_toan_mang.png),Đúng,Đúng,Sai,0.0,Có,Critical,Có dấu hiệu suy đoán hoặc trả lời ngoài tài liệu.,Rà soát OCR/Vision extraction và metadata ảnh; tăng kiểm tra fallback cho câu hỏi ảnh.,2126.49
NEG-015,ke_hoach_mau_du_lich_da_lat.md,MD,Negative/Hallucination,"Trong file ""ke_hoach_mau_du_lich_da_lat.md"" có thông tin về so dien thoai ca nhan không?",Không tìm thấy thông tin trong tài liệu.,Số điện thoại trong tài liệu: 250000300000.,ke_hoach_mau_du_lich_da_lat.md (Kế hoạch mẫu: Du lịch Đà Lạt 3 ngày 2 đêm > 8. Rủi ro và phương án xử lý) | ke_hoach_mau_du_lich_da_lat.md (Kế hoạch mẫu: Du lịch Đà Lạt 3 ngày 2 đêm) | ke_hoach_mau_du_lich_da_lat.md (Kế hoạch mẫu: Du lịch Đà Lạt 3 ngày 2 đêm > 9. Kết luận),Đúng,Đúng,Sai,0.0,Có,Critical,Có dấu hiệu suy đoán hoặc trả lời ngoài tài liệu.,Siết missing-evidence gate và prompt fallback cho câu hỏi không có thông tin.,137.28
NEG-019,noi_dung_mau_thanh_pho_xanh.pdf,PDF,Negative/Hallucination,"Trong file ""noi_dung_mau_thanh_pho_xanh.pdf"" có thông tin về luong nhan vien không?",Không tìm thấy thông tin trong tài liệu.,"bản, bảng và bố cục cơ bản trong một file PDF. Tài liệu PDF mẫu này có nội dung ngẫu nhiên, dùng để kiểm tra khả năng hiển thị văn.",noi_dung_mau_thanh_pho_xanh.pdf (trang 1),Đúng,Đúng,Sai,0.0,Có,Critical,Có dấu hiệu suy đoán hoặc trả lời ngoài tài liệu.,Siết missing-evidence gate và prompt fallback cho câu hỏi không có thông tin.,2199.67
NEG-020,pdf_01_nang_luong_mat_troi.pdf,PDF,Negative/Hallucination,"Trong file ""pdf_01_nang_luong_mat_troi.pdf"" có thông tin về thong tin bao hiem không?",Không tìm thấy thông tin trong tài liệu.,Bảng thông tin kiểm thử.,pdf_01_nang_luong_mat_troi.pdf (trang 1),Đúng,Đúng,Sai,0.0,Có,Critical,Có dấu hiệu suy đoán hoặc trả lời ngoài tài liệu.,Siết missing-evidence gate và prompt fallback cho câu hỏi không có thông tin.,2154.03
