ID,Run,File,FileType,Group,Question,Expected,Actual,Sources,Retrieval,Citation,Answer,Score,Hallucination,Severity,Notes,Fix,LatencyMs
B300-DIR-001,Base 300,AI Document Question Answering System.pptx,PPTX,Base 300,"Tài liệu ""AI Document Question Answering System.pptx"" nói về nội dung gì?",Slide: 1 > Slide 1 > Blocks: 4-7,"Tài liệu ""AI Document Question Answering System.pptx"" có các ý chính: - TRƯỜNG ĐẠI HỌC GIAO THÔNG VẬN TẢI THÀNH PHỐ HỒ CHÍ MINH - ĐỀ TÀI: AI Document Question Answering System - Giảng viên hướng dẫn: Nguyễn Văn Huy - Sinh viên thực hiện: Huỳnh Ngọc Quang Vinh - Nội dung.",AI Document Question Answering System.pptx (slide 1) | AI Document Question Answering System.pptx (slide 2) | AI Document Question Answering System.pptx (slide 4),Đúng,Đúng,Một phần,0.5,Không,Medium,Đạt kỳ vọng theo bộ từ khóa chuẩn.,Tinh chỉnh citation selection và reranking để nguồn trả về sát hơn.,6555.75
B300-DIR-002,Base 300,AI Document Question Answering System.pptx,PPTX,Base 300,"Nêu một thông tin cụ thể xuất hiện trong file ""AI Document Question Answering System.pptx"".",Slide: 1 > Slide 1 > Blocks: 4-7,"Một thông tin cụ thể trong ""AI Document Question Answering System.pptx"" là: TRƯỜNG ĐẠI HỌC GIAO THÔNG VẬN TẢI THÀNH PHỐ HỒ CHÍ MINH.",AI Document Question Answering System.pptx (slide 1) | AI Document Question Answering System.pptx (slide 2) | AI Document Question Answering System.pptx (slide 3),Đúng,Đúng,Một phần,0.5,Không,Medium,Đạt kỳ vọng theo bộ từ khóa chuẩn.,Tinh chỉnh citation selection và reranking để nguồn trả về sát hơn.,559.58
B300-DIR-003,Base 300,bai_trinh_chieu_mau_thu_vien_thong_minh.pptx,PPTX,Base 300,"Tài liệu ""bai_trinh_chieu_mau_thu_vien_thong_minh.pptx"" nói về nội dung gì?",Slide: 1 > Slide 1 > Blocks: 1-5,"Tài liệu ""bai_trinh_chieu_mau_thu_vien_thong_minh.pptx"" có các ý chính: - BÀI TRÌNH CHIẾU MẪU - Thư viện thông minh - cho trường học hiện đại - LIBRARY - Một bộ slide có nội dung dài vừa phải, chủ đề riêng biệt so với PDF, Markdown và hình ảnh. Dùng để kiểm thử khả năng đọc PPTX, tách nội dung theo slide, nhận diện tiêu đề và xử...",bai_trinh_chieu_mau_thu_vien_thong_minh.pptx (slide 1) | bai_trinh_chieu_mau_thu_vien_thong_minh.pptx (slide 7) | bai_trinh_chieu_mau_thu_vien_thong_minh.pptx (slide 2),Đúng,Đúng,Một phần,0.5,Không,Medium,Đạt kỳ vọng theo bộ từ khóa chuẩn.,Tinh chỉnh citation selection và reranking để nguồn trả về sát hơn.,440.46
B300-DIR-004,Base 300,bai_trinh_chieu_mau_thu_vien_thong_minh.pptx,PPTX,Base 300,"Nêu một thông tin cụ thể xuất hiện trong file ""bai_trinh_chieu_mau_thu_vien_thong_minh.pptx"".",Slide: 1 > Slide 1 > Blocks: 1-5,"Một thông tin cụ thể trong ""bai_trinh_chieu_mau_thu_vien_thong_minh.pptx"" là: BÀI TRÌNH CHIẾU MẪU.",bai_trinh_chieu_mau_thu_vien_thong_minh.pptx (slide 3) | bai_trinh_chieu_mau_thu_vien_thong_minh.pptx (slide 1) | bai_trinh_chieu_mau_thu_vien_thong_minh.pptx (slide 5),Đúng,Đúng,Một phần,0.5,Không,Medium,Đạt kỳ vọng theo bộ từ khóa chuẩn.,Tinh chỉnh citation selection và reranking để nguồn trả về sát hơn.,415.1
B300-DIR-005,Base 300,bao_cao_an_toan_du_lieu_ca_nhan.docx,DOCX,Base 300,"Tài liệu ""bao_cao_an_toan_du_lieu_ca_nhan.docx"" nói về nội dung gì?",1. Bối cảnh vấn đề,"Tài liệu ""bao_cao_an_toan_du_lieu_ca_nhan.docx"" có các ý chính: - 1. Bối cảnh vấn đề - 2. Nguyên nhân chính - 3. Tác động - 4. Bảng đề xuất biện pháp - 5. Kết luận.","bao_cao_an_toan_du_lieu_ca_nhan.docx (trang 1) | bao_cao_an_toan_du_lieu_ca_nhan.docx (trang 1, 5. Kết luận) | bao_cao_an_toan_du_lieu_ca_nhan.docx (trang 1, 2. Nguyên nhân chính)",Đúng,Đúng,Đúng,1.0,Không,None,Đạt kỳ vọng theo bộ từ khóa chuẩn.,Không cần fix.,292.35
B300-DIR-006,Base 300,bao_cao_an_toan_du_lieu_ca_nhan.docx,DOCX,Base 300,"Nêu một thông tin cụ thể xuất hiện trong file ""bao_cao_an_toan_du_lieu_ca_nhan.docx"".",1. Bối cảnh vấn đề,"Một thông tin cụ thể trong ""bao_cao_an_toan_du_lieu_ca_nhan.docx"" là: 1. Bối cảnh vấn đề.","bao_cao_an_toan_du_lieu_ca_nhan.docx (trang 1) | bao_cao_an_toan_du_lieu_ca_nhan.docx (trang 1, 5. Kết luận) | bao_cao_an_toan_du_lieu_ca_nhan.docx (trang 1, 1. Bối cảnh vấn đề)",Đúng,Đúng,Đúng,1.0,Không,None,Đạt kỳ vọng theo bộ từ khóa chuẩn.,Không cần fix.,372.89
B300-DIR-007,Base 300,bao_cao_mau_chuyen_doi_so_giao_duc.pdf,PDF,Base 300,"Tài liệu ""bao_cao_mau_chuyen_doi_so_giao_duc.pdf"" nói về nội dung gì?",Page: 1 > File: 622ffb96990a4b598a0a7d08c5044369_bao_cao_mau_chuyen_doi_so_giao_duc.pdf,"Tài liệu ""bao_cao_mau_chuyen_doi_so_giao_duc.pdf"" có các ý chính: - paragraph - 2. Mục tiêu triển khai - BÁO CÁO MẪU: CHUYỂN ĐỔI SỐ TRONG - GIÁO DỤC - Tài liệu minh họa nội dung dài, có nhiều mục, bảng số liệu giả lập và khuyến nghị triển khai.",bao_cao_mau_chuyen_doi_so_giao_duc.pdf (trang 1) | bao_cao_mau_chuyen_doi_so_giao_duc.pdf (trang 2) | bao_cao_mau_chuyen_doi_so_giao_duc.pdf (trang 3),Đúng,Đúng,Đúng,1.0,Không,None,Đạt kỳ vọng theo bộ từ khóa chuẩn.,Không cần fix.,494.64
B300-DIR-008,Base 300,bao_cao_mau_chuyen_doi_so_giao_duc.pdf,PDF,Base 300,"Nêu một thông tin cụ thể xuất hiện trong file ""bao_cao_mau_chuyen_doi_so_giao_duc.pdf"".",Page: 1 > File: 622ffb96990a4b598a0a7d08c5044369_bao_cao_mau_chuyen_doi_so_giao_duc.pdf,"Một thông tin cụ thể trong ""bao_cao_mau_chuyen_doi_so_giao_duc.pdf"" là: paragraph.",bao_cao_mau_chuyen_doi_so_giao_duc.pdf (trang 2) | bao_cao_mau_chuyen_doi_so_giao_duc.pdf (trang 1) | bao_cao_mau_chuyen_doi_so_giao_duc.pdf (trang 3),Đúng,Đúng,Đúng,1.0,Không,None,Đạt kỳ vọng theo bộ từ khóa chuẩn.,Không cần fix.,486.27
B300-DIR-009,Base 300,bao_cao_quan_ly_rac_thai_nhua.pdf,PDF,Base 300,"Tài liệu ""bao_cao_quan_ly_rac_thai_nhua.pdf"" nói về nội dung gì?",Page: 1 > File: 3457847a7e04421b9303eb96a62b598a_bao_cao_quan_ly_rac_thai_nhua.pdf,"Tài liệu ""bao_cao_quan_ly_rac_thai_nhua.pdf"" có các ý chính: - 3. Hậu quả - 5. Kết luận - BÁO CÁO NGẮN: QUẢN LÝ RÁC THẢI NHỰA TẠI KHU - DÂN CƯ - Tài liệu PDF mẫu này trình bày một vấn đề môi trường khác với file DOCX: cách quản lý.",bao_cao_quan_ly_rac_thai_nhua.pdf (trang 1),Đúng,Đúng,Đúng,1.0,Không,None,Đạt kỳ vọng theo bộ từ khóa chuẩn.,Không cần fix.,401.2
B300-DIR-010,Base 300,bao_cao_quan_ly_rac_thai_nhua.pdf,PDF,Base 300,"Nêu một thông tin cụ thể xuất hiện trong file ""bao_cao_quan_ly_rac_thai_nhua.pdf"".",Page: 1 > File: 3457847a7e04421b9303eb96a62b598a_bao_cao_quan_ly_rac_thai_nhua.pdf,"Một thông tin cụ thể trong ""bao_cao_quan_ly_rac_thai_nhua.pdf"" là: 3. Hậu quả.",bao_cao_quan_ly_rac_thai_nhua.pdf (trang 1),Đúng,Đúng,Đúng,1.0,Không,None,Đạt kỳ vọng theo bộ từ khóa chuẩn.,Không cần fix.,303.25
B300-DIR-011,Base 300,content_summary.md,MD,Base 300,"Tài liệu ""content_summary.md"" nói về nội dung gì?",Test JPG.jpg (JPG),"Tài liệu ""content_summary.md"" có các ý chính: - BÁO CÁO THỰC TẬP TỐT NGHIỆP - MSSV:084205002647 - TÓM TẮT - LỜI NÓI ĐẦU - LỜI CẢM ƠN.",content_summary.md (- CHƯƠNG 1: TỔNG QUAN ĐỀ TÀI) | content_summary.md (- LỜI CẢM ƠN) | content_summary.md (- LỜI NÓI ĐẦU) | content_summary.md (- BÁO CÁO THỰC TẬP TỐT NGHIỆP) | content_summary.md (- Chương 1: > Page 8),Đúng,Đúng,Một phần,0.5,Không,Medium,Đạt kỳ vọng theo bộ từ khóa chuẩn.,Tinh chỉnh citation selection và reranking để nguồn trả về sát hơn.,408.73
B300-DIR-012,Base 300,content_summary.md,MD,Base 300,"Nêu một thông tin cụ thể xuất hiện trong file ""content_summary.md"".",Test JPG.jpg (JPG),"Một thông tin cụ thể trong ""content_summary.md"" là: BÁO CÁO THỰC TẬP TỐT NGHIỆP.",content_summary.md (- CHƯƠNG 1: TỔNG QUAN ĐỀ TÀI) | content_summary.md (- LỜI NÓI ĐẦU) | content_summary.md (- TÓM TẮT) | content_summary.md (- LỜI CẢM ƠN) | content_summary.md (- BÁO CÁO THỰC TẬP TỐT NGHIỆP),Đúng,Đúng,Một phần,0.5,Không,Medium,Đạt kỳ vọng theo bộ từ khóa chuẩn.,Tinh chỉnh citation selection và reranking để nguồn trả về sát hơn.,489.2
B300-DIR-013,Base 300,docx_01_thu_vien_so.docx,DOCX,Base 300,"Tài liệu ""docx_01_thu_vien_so.docx"" nói về nội dung gì?",Tóm tắt nhanh,"Tài liệu ""docx_01_thu_vien_so.docx"" có các ý chính: - Tóm tắt nhanh - Mục tiêu - Quy trình vận hành - Rủi ro cần lưu ý - Bảng ghi chú triển khai.","docx_01_thu_vien_so.docx (trang 1) | docx_01_thu_vien_so.docx (trang 1, Mục tiêu) | docx_01_thu_vien_so.docx (trang 1, Tóm tắt nhanh)",Đúng,Đúng,Đúng,1.0,Không,None,Đạt kỳ vọng theo bộ từ khóa chuẩn.,Không cần fix.,272.77
B300-DIR-014,Base 300,docx_01_thu_vien_so.docx,DOCX,Base 300,"Nêu một thông tin cụ thể xuất hiện trong file ""docx_01_thu_vien_so.docx"".",Tóm tắt nhanh,"Một thông tin cụ thể trong ""docx_01_thu_vien_so.docx"" là: Tóm tắt nhanh.","docx_01_thu_vien_so.docx (trang 1, Tóm tắt nhanh) | docx_01_thu_vien_so.docx (trang 1) | docx_01_thu_vien_so.docx (trang 1, Kết luận)",Đúng,Đúng,Một phần,0.5,Không,Medium,Đạt kỳ vọng theo bộ từ khóa chuẩn.,Tinh chỉnh citation selection và reranking để nguồn trả về sát hơn.,245.07
B300-DIR-015,Base 300,docx_02_ca_phe_sach.docx,DOCX,Base 300,"Tài liệu ""docx_02_ca_phe_sach.docx"" nói về nội dung gì?",Tóm tắt nhanh,"Tài liệu ""docx_02_ca_phe_sach.docx"" có các ý chính: - Tóm tắt nhanh - Nguyên liệu - Phục vụ - Kiểm soát chất lượng - Bảng ghi chú triển khai.","docx_02_ca_phe_sach.docx (trang 1, Tóm tắt nhanh) | docx_02_ca_phe_sach.docx (trang 1, Kết luận) | docx_02_ca_phe_sach.docx (trang 1, Bảng ghi chú triển khai)",Đúng,Đúng,Đúng,1.0,Không,None,Đạt kỳ vọng theo bộ từ khóa chuẩn.,Không cần fix.,278.28
B300-DIR-016,Base 300,docx_02_ca_phe_sach.docx,DOCX,Base 300,"Nêu một thông tin cụ thể xuất hiện trong file ""docx_02_ca_phe_sach.docx"".",Tóm tắt nhanh,"Một thông tin cụ thể trong ""docx_02_ca_phe_sach.docx"" là: Tóm tắt nhanh.","docx_02_ca_phe_sach.docx (trang 1, Tóm tắt nhanh) | docx_02_ca_phe_sach.docx (trang 1, Nguyên liệu) | docx_02_ca_phe_sach.docx (trang 1, Phục vụ)",Đúng,Đúng,Một phần,0.5,Không,Medium,Đạt kỳ vọng theo bộ từ khóa chuẩn.,Tinh chỉnh citation selection và reranking để nguồn trả về sát hơn.,288.64
B300-DIR-017,Base 300,file_excel_mau_song_xanh.xlsx,XLSX,Base 300,"Tài liệu ""file_excel_mau_song_xanh.xlsx"" nói về nội dung gì?",Du_lieu_chien_dich,"tài liệu dạng bảng gồm 1 sheet (Du_lieu_chien_dich); các cột chính gồm Ngày, Khu vực, Hoạt động, Người phụ trách, Số người tham gia, Rác tái chế (kg); số dòng dữ liệu đang có khoảng 32. Bạn muốn mình phân tích tiếp theo cột hoặc nhóm dữ liệu nào?","file_excel_mau_song_xanh.xlsx (sheet Du_lieu_chien_dich) | file_excel_mau_song_xanh.xlsx (sheet Du_lieu_chien_dich, A1:L32) | file_excel_mau_song_xanh.xlsx (sheet Tong_quan, A1:H16)",Đúng,Đúng,Đúng,1.0,Không,None,Đạt kỳ vọng theo bộ từ khóa chuẩn.,Không cần fix.,632.82
B300-DIR-018,Base 300,file_excel_mau_song_xanh.xlsx,XLSX,Base 300,"Nêu một thông tin cụ thể xuất hiện trong file ""file_excel_mau_song_xanh.xlsx"".",Du_lieu_chien_dich,"tài liệu dạng bảng gồm 1 sheet (Du_lieu_chien_dich); các cột chính gồm Ngày, Khu vực, Hoạt động, Người phụ trách, Số người tham gia, Rác tái chế (kg); số dòng dữ liệu đang có khoảng 32. Bạn muốn mình phân tích tiếp theo cột hoặc nhóm dữ liệu nào?","file_excel_mau_song_xanh.xlsx (sheet Du_lieu_chien_dich, A1:L32) | file_excel_mau_song_xanh.xlsx (sheet Du_lieu_chien_dich) | file_excel_mau_song_xanh.xlsx (sheet Tong_quan, A1:H16)",Đúng,Đúng,Đúng,1.0,Không,None,Đạt kỳ vọng theo bộ từ khóa chuẩn.,Không cần fix.,627.46
B300-DIR-019,Base 300,infographic_mau_an_toan_mang.png,PNG,Base 300,"Tài liệu ""infographic_mau_an_toan_mang.png"" nói về nội dung gì?",6f8d63eb72674dc2af6c4651b49853ad_infographic_mau_an_toan_mang.png,"Ảnh ""infographic_mau_an_toan_mang.png"" có nội dung chính: INFOGRAPHIC MAU; An toan mang; g cho sinh vien; 1. Mat khau manh; 2. Xac thuc hai lop; Khong dung ngay sinh, so dien thoai.",infographic_mau_an_toan_mang.png (6f8d63eb72674dc2af6c4651b49853ad_infographic_mau_an_toan_mang.png),Đúng,Đúng,Đúng,1.0,Không,None,Đạt kỳ vọng theo bộ từ khóa chuẩn.,Không cần fix.,444.65
B300-DIR-020,Base 300,infographic_mau_an_toan_mang.png,PNG,Base 300,"Nêu một thông tin cụ thể xuất hiện trong file ""infographic_mau_an_toan_mang.png"".",6f8d63eb72674dc2af6c4651b49853ad_infographic_mau_an_toan_mang.png,"Ảnh ""infographic_mau_an_toan_mang.png"" có nội dung chính: INFOGRAPHIC MAU; An toan mang; g cho sinh vien; 1. Mat khau manh; 2. Xac thuc hai lop; Khong dung ngay sinh, so dien thoai.",infographic_mau_an_toan_mang.png (6f8d63eb72674dc2af6c4651b49853ad_infographic_mau_an_toan_mang.png),Đúng,Đúng,Đúng,1.0,Không,None,Đạt kỳ vọng theo bộ từ khóa chuẩn.,Không cần fix.,433.05
B300-DIR-021,Base 300,jpeg_01_ke_hoach_du_lich.jpeg,JPEG,Base 300,"Tài liệu ""jpeg_01_ke_hoach_du_lich.jpeg"" nói về nội dung gì?",af1543170da2459e8e35a33eab1b7c94_jpeg_01_ke_hoach_du_lich.jpeg,"Ảnh ""jpeg_01_ke_hoach_du_lich.jpeg"" có nội dung chính: Ké hoach du lich 2 ngay; Lich trinh nhe nhang cho nhom ban; Ngay 1: tham quan chg dia; Ngay 2: chup anh buoi sáng,; phuong va an toi ven song.; mua qua va ve som..",jpeg_01_ke_hoach_du_lich.jpeg (af1543170da2459e8e35a33eab1b7c94_jpeg_01_ke_hoach_du_lich.jpeg),Đúng,Đúng,Đúng,1.0,Không,None,Đạt kỳ vọng theo bộ từ khóa chuẩn.,Không cần fix.,374.47
B300-DIR-022,Base 300,jpeg_01_ke_hoach_du_lich.jpeg,JPEG,Base 300,"Nêu một thông tin cụ thể xuất hiện trong file ""jpeg_01_ke_hoach_du_lich.jpeg"".",af1543170da2459e8e35a33eab1b7c94_jpeg_01_ke_hoach_du_lich.jpeg,"Ảnh ""jpeg_01_ke_hoach_du_lich.jpeg"" có nội dung chính: Ké hoach du lich 2 ngay; Lich trinh nhe nhang cho nhom ban; Ngay 1: tham quan chg dia; Ngay 2: chup anh buoi sáng,; phuong va an toi ven song.; mua qua va ve som..",jpeg_01_ke_hoach_du_lich.jpeg (af1543170da2459e8e35a33eab1b7c94_jpeg_01_ke_hoach_du_lich.jpeg),Đúng,Đúng,Đúng,1.0,Không,None,Đạt kỳ vọng theo bộ từ khóa chuẩn.,Không cần fix.,622.09
B300-DIR-023,Base 300,jpeg_02_bang_an_toan_bep.jpeg,JPEG,Base 300,"Tài liệu ""jpeg_02_bang_an_toan_bep.jpeg"" nói về nội dung gì?",16a69c2060254036ad8ebc0c3ae0f81a_jpeg_02_bang_an_toan_bep.jpeg,"Ảnh ""jpeg_02_bang_an_toan_bep.jpeg"" có nội dung chính: Bang nhac an toan bep; Danh cho bep nho trong ky tuc xa; Tat bep ngay sau khi nau xong.; Khong de khan giay gan nguon; nhiet.; Rura dao va cat vao khay rieng..",jpeg_02_bang_an_toan_bep.jpeg (16a69c2060254036ad8ebc0c3ae0f81a_jpeg_02_bang_an_toan_bep.jpeg),Đúng,Đúng,Đúng,1.0,Không,None,Đạt kỳ vọng theo bộ từ khóa chuẩn.,Không cần fix.,316.1
B300-DIR-024,Base 300,jpeg_02_bang_an_toan_bep.jpeg,JPEG,Base 300,"Nêu một thông tin cụ thể xuất hiện trong file ""jpeg_02_bang_an_toan_bep.jpeg"".",16a69c2060254036ad8ebc0c3ae0f81a_jpeg_02_bang_an_toan_bep.jpeg,"Ảnh ""jpeg_02_bang_an_toan_bep.jpeg"" có nội dung chính: Bang nhac an toan bep; Danh cho bep nho trong ky tuc xa; Tat bep ngay sau khi nau xong.; Khong de khan giay gan nguon; nhiet.; Rura dao va cat vao khay rieng.. ### Bảng tổng hợp | Chủ đề | Điểm chính | |---|---| | OCR Text | Nội dung chính trong tài liệu | | Bang nhac an toan bep | Nội dung chính trong tài liệu | | Danh cho bep nho trong ky tuc xa | Nội dung chính trong tài liệu | | Tat bep ngay sau khi nau xong | Nội dung chính trong tài liệu | | Khong de khan giay gan nguon | Nội dung chính trong tài liệu | | Rura dao va cat vao khay rieng | Nội dung chính trong tài liệu | | Kiem tra 6 dien truoc khi rai | Nội dung chính trong tài liệu | | Anh kiem thur | c6 tieu de, khoi noi dung va chur tieng Viet r |.",jpeg_02_bang_an_toan_bep.jpeg (16a69c2060254036ad8ebc0c3ae0f81a_jpeg_02_bang_an_toan_bep.jpeg),Đúng,Đúng,Đúng,1.0,Không,None,Đạt kỳ vọng theo bộ từ khóa chuẩn.,Không cần fix.,658.72
B300-DIR-025,Base 300,jpg_01_infographic_giac_ngu.jpg,JPG,Base 300,"Tài liệu ""jpg_01_infographic_giac_ngu.jpg"" nói về nội dung gì?",8012c82141b74b7eb38bb4f20aa27ea9_jpg_01_infographic_giac_ngu.jpg,"Ảnh ""jpg_01_infographic_giac_ngu.jpg"" có nội dung chính: Thoi quen ngu; lanh manh; Mot checklist nho cho buoi toi; Tát man hinh it nhat 30 phut; Giu phong mat, yén tinh va; truoc khi ngu..",jpg_01_infographic_giac_ngu.jpg (8012c82141b74b7eb38bb4f20aa27ea9_jpg_01_infographic_giac_ngu.jpg),Đúng,Đúng,Đúng,1.0,Không,None,Đạt kỳ vọng theo bộ từ khóa chuẩn.,Không cần fix.,303.13
B300-DIR-026,Base 300,jpg_01_infographic_giac_ngu.jpg,JPG,Base 300,"Nêu một thông tin cụ thể xuất hiện trong file ""jpg_01_infographic_giac_ngu.jpg"".",8012c82141b74b7eb38bb4f20aa27ea9_jpg_01_infographic_giac_ngu.jpg,"Ảnh ""jpg_01_infographic_giac_ngu.jpg"" có nội dung chính: Thoi quen ngu; lanh manh; Mot checklist nho cho buoi toi; Tát man hinh it nhat 30 phut; Giu phong mat, yén tinh va; truoc khi ngu..",jpg_01_infographic_giac_ngu.jpg (8012c82141b74b7eb38bb4f20aa27ea9_jpg_01_infographic_giac_ngu.jpg),Đúng,Đúng,Đúng,1.0,Không,None,Đạt kỳ vọng theo bộ từ khóa chuẩn.,Không cần fix.,256.25
B300-DIR-027,Base 300,jpg_02_so_do_lop_hoc.jpg,JPG,Base 300,"Tài liệu ""jpg_02_so_do_lop_hoc.jpg"" nói về nội dung gì?",5393830183424ded8252273adae05f6d_jpg_02_so_do_lop_hoc.jpg,"Ảnh ""jpg_02_so_do_lop_hoc.jpg"" có nội dung chính: So d6 lop hoc linh hoat; Ggi y b6 tri cho hoat dong nhom; Ban trung tam danh cho thao; G6c yen tinh cho doc tai lieu cá; luan nhanh.; nhan..",jpg_02_so_do_lop_hoc.jpg (5393830183424ded8252273adae05f6d_jpg_02_so_do_lop_hoc.jpg),Đúng,Đúng,Đúng,1.0,Không,None,Đạt kỳ vọng theo bộ từ khóa chuẩn.,Không cần fix.,516.24
B300-DIR-028,Base 300,jpg_02_so_do_lop_hoc.jpg,JPG,Base 300,"Nêu một thông tin cụ thể xuất hiện trong file ""jpg_02_so_do_lop_hoc.jpg"".",5393830183424ded8252273adae05f6d_jpg_02_so_do_lop_hoc.jpg,"Ảnh ""jpg_02_so_do_lop_hoc.jpg"" có nội dung chính: So d6 lop hoc linh hoat; Ggi y b6 tri cho hoat dong nhom; Ban trung tam danh cho thao; G6c yen tinh cho doc tai lieu cá; luan nhanh.; nhan..",jpg_02_so_do_lop_hoc.jpg (5393830183424ded8252273adae05f6d_jpg_02_so_do_lop_hoc.jpg),Đúng,Đúng,Đúng,1.0,Không,None,Đạt kỳ vọng theo bộ từ khóa chuẩn.,Không cần fix.,619.6
B300-DIR-029,Base 300,ke_hoach_mau_du_lich_da_lat.md,MD,Base 300,"Tài liệu ""ke_hoach_mau_du_lich_da_lat.md"" nói về nội dung gì?",Kế hoạch mẫu: Du lịch Đà Lạt 3 ngày 2 đêm,"Tài liệu ""ke_hoach_mau_du_lich_da_lat.md"" có các ý chính: - Kế hoạch mẫu: Du lịch Đà Lạt 3 ngày 2 đêm - 1. Mục tiêu chuyến đi - 2. Nguyên tắc lập lịch trình - 3. Lịch trình ngày 1: Đến nơi và làm quen thành phố - 4. Lịch trình ngày 2: Thiên nhiên và trải nghiệm.",ke_hoach_mau_du_lich_da_lat.md (Kế hoạch mẫu: Du lịch Đà Lạt 3 ngày 2 đêm) | ke_hoach_mau_du_lich_da_lat.md (Kế hoạch mẫu: Du lịch Đà Lạt 3 ngày 2 đêm > 1. Mục tiêu chuyến đi) | ke_hoach_mau_du_lich_da_lat.md (Kế hoạch mẫu: Du lịch Đà Lạt 3 ngày 2 đêm > 9. Kết luận),Đúng,Đúng,Đúng,1.0,Không,None,Đạt kỳ vọng theo bộ từ khóa chuẩn.,Không cần fix.,471.69
B300-DIR-030,Base 300,ke_hoach_mau_du_lich_da_lat.md,MD,Base 300,"Nêu một thông tin cụ thể xuất hiện trong file ""ke_hoach_mau_du_lich_da_lat.md"".",Kế hoạch mẫu: Du lịch Đà Lạt 3 ngày 2 đêm,"Một thông tin cụ thể trong ""ke_hoach_mau_du_lich_da_lat.md"" là: Kế hoạch mẫu: Du lịch Đà Lạt 3 ngày 2 đêm.",ke_hoach_mau_du_lich_da_lat.md (Kế hoạch mẫu: Du lịch Đà Lạt 3 ngày 2 đêm > 8. Rủi ro và phương án xử lý) | ke_hoach_mau_du_lich_da_lat.md (Kế hoạch mẫu: Du lịch Đà Lạt 3 ngày 2 đêm) | ke_hoach_mau_du_lich_da_lat.md (Kế hoạch mẫu: Du lịch Đà Lạt 3 ngày 2 đêm > 9. Kết luận),Đúng,Đúng,Đúng,1.0,Không,None,Đạt kỳ vọng theo bộ từ khóa chuẩn.,Không cần fix.,345.19
B300-DIR-031,Base 300,md_01_workshop_thuyet_trinh.md,MD,Base 300,"Tài liệu ""md_01_workshop_thuyet_trinh.md"" nói về nội dung gì?",Mục tiêu,"Tài liệu ""md_01_workshop_thuyet_trinh.md"" có các ý chính: - Mục tiêu - Kế hoạch workshop kỹ năng thuyết trình - Nội dung chính - Lịch trình - Ghi chú.",md_01_workshop_thuyet_trinh.md (Kế hoạch workshop kỹ năng thuyết trình > Mục tiêu) | md_01_workshop_thuyet_trinh.md (Kế hoạch workshop kỹ năng thuyết trình > Lịch trình) | md_01_workshop_thuyet_trinh.md (Kế hoạch workshop kỹ năng thuyết trình > Nội dung chính),Đúng,Đúng,Đúng,1.0,Không,None,Đạt kỳ vọng theo bộ từ khóa chuẩn.,Không cần fix.,278.22
B300-DIR-032,Base 300,md_01_workshop_thuyet_trinh.md,MD,Base 300,"Nêu một thông tin cụ thể xuất hiện trong file ""md_01_workshop_thuyet_trinh.md"".",Mục tiêu,"Một thông tin cụ thể trong ""md_01_workshop_thuyet_trinh.md"" là: Mục tiêu.",md_01_workshop_thuyet_trinh.md (Kế hoạch workshop kỹ năng thuyết trình > Mục tiêu) | md_01_workshop_thuyet_trinh.md (Kế hoạch workshop kỹ năng thuyết trình > Lịch trình) | md_01_workshop_thuyet_trinh.md (Kế hoạch workshop kỹ năng thuyết trình > Nội dung chính),Đúng,Đúng,Đúng,1.0,Không,None,Đạt kỳ vọng theo bộ từ khóa chuẩn.,Không cần fix.,264.6
B300-DIR-033,Base 300,md_02_app_chi_tieu.md,MD,Base 300,"Tài liệu ""md_02_app_chi_tieu.md"" nói về nội dung gì?",Bối cảnh,"Tài liệu ""md_02_app_chi_tieu.md"" có các ý chính: - Bối cảnh - Hồ sơ ý tưởng ứng dụng quản lý chi tiêu sinh viên - Tính năng đề xuất - Dữ liệu mẫu - Đánh giá.",md_02_app_chi_tieu.md (Hồ sơ ý tưởng ứng dụng quản lý chi tiêu sinh viên > Bối cảnh) | md_02_app_chi_tieu.md (Hồ sơ ý tưởng ứng dụng quản lý chi tiêu sinh viên > Đánh giá) | md_02_app_chi_tieu.md (Hồ sơ ý tưởng ứng dụng quản lý chi tiêu sinh viên > Tính năng đề xuất),Đúng,Đúng,Đúng,1.0,Không,None,Đạt kỳ vọng theo bộ từ khóa chuẩn.,Không cần fix.,278.86
B300-DIR-034,Base 300,md_02_app_chi_tieu.md,MD,Base 300,"Nêu một thông tin cụ thể xuất hiện trong file ""md_02_app_chi_tieu.md"".",Bối cảnh,"Một thông tin cụ thể trong ""md_02_app_chi_tieu.md"" là: Bối cảnh.",md_02_app_chi_tieu.md (Hồ sơ ý tưởng ứng dụng quản lý chi tiêu sinh viên > Tính năng đề xuất) | md_02_app_chi_tieu.md (Hồ sơ ý tưởng ứng dụng quản lý chi tiêu sinh viên > Bối cảnh) | md_02_app_chi_tieu.md (Hồ sơ ý tưởng ứng dụng quản lý chi tiêu sinh viên > Đánh giá),Đúng,Đúng,Đúng,1.0,Không,None,Đạt kỳ vọng theo bộ từ khóa chuẩn.,Không cần fix.,298.19
B300-DIR-035,Base 300,nhat_ky_mau_vuon_rau_do_thi.txt,TXT,Base 300,"Tài liệu ""nhat_ky_mau_vuon_rau_do_thi.txt"" nói về nội dung gì?",NHẬT KÝ MẪU: DỰ ÁN VƯỜN RAU ĐÔ THỊ TRÊN SÂN THƯỢNG,"Tài liệu ""nhat_ky_mau_vuon_rau_do_thi.txt"" có các ý chính: - NHẬT KÝ MẪU: DỰ ÁN VƯỜN RAU ĐÔ THỊ TRÊN SÂN THƯỢNG - paragraph - 2. MỤC TIÊU CỦA DỰ ÁN - 5. NHỮNG KHÓ KHĂN BAN ĐẦU - 6. KẾT QUẢ SAU MỘT THÁNG.",nhat_ky_mau_vuon_rau_do_thi.txt (NHẬT KÝ MẪU: DỰ ÁN VƯỜN RAU ĐÔ THỊ TRÊN SÂN THƯỢNG) | nhat_ky_mau_vuon_rau_do_thi.txt (2. MỤC TIÊU CỦA DỰ ÁN) | nhat_ky_mau_vuon_rau_do_thi.txt,Đúng,Đúng,Đúng,1.0,Không,None,Đạt kỳ vọng theo bộ từ khóa chuẩn.,Không cần fix.,430.53
B300-DIR-036,Base 300,nhat_ky_mau_vuon_rau_do_thi.txt,TXT,Base 300,"Nêu một thông tin cụ thể xuất hiện trong file ""nhat_ky_mau_vuon_rau_do_thi.txt"".",NHẬT KÝ MẪU: DỰ ÁN VƯỜN RAU ĐÔ THỊ TRÊN SÂN THƯỢNG,"Một thông tin cụ thể trong ""nhat_ky_mau_vuon_rau_do_thi.txt"" là: NHẬT KÝ MẪU: DỰ ÁN VƯỜN RAU ĐÔ THỊ TRÊN SÂN THƯỢNG.",nhat_ky_mau_vuon_rau_do_thi.txt (NHẬT KÝ MẪU: DỰ ÁN VƯỜN RAU ĐÔ THỊ TRÊN SÂN THƯỢNG) | nhat_ky_mau_vuon_rau_do_thi.txt | nhat_ky_mau_vuon_rau_do_thi.txt (9. KẾT LUẬN),Đúng,Đúng,Một phần,0.5,Không,Medium,Đạt kỳ vọng theo bộ từ khóa chuẩn.,Tinh chỉnh citation selection và reranking để nguồn trả về sát hơn.,347.83
B300-DIR-037,Base 300,noi_dung_mau_thanh_pho_xanh.pdf,PDF,Base 300,"Tài liệu ""noi_dung_mau_thanh_pho_xanh.pdf"" nói về nội dung gì?",Page: 1 > File: 6fed6fca7b0548108ff36bd64f2b7e5c_noi_dung_mau_thanh_pho_xanh.pdf,"Ảnh ""noi_dung_mau_thanh_pho_xanh.pdf"" có nội dung chính: Hoạt động nổi bật; Hành trình Thành phố Xanh 2030; Một bộ nội dung mẫu ngẫu nhiên về lối sống bền vững, công nghệ và cộng đồng.; Tài liệu PDF mẫu này có nội dung ngẫu nhiên, dùng để kiểm tra khả năng hiển thị văn; bản, bảng và bố cục cơ bản trong một file PDF.; Bối cảnh.",noi_dung_mau_thanh_pho_xanh.pdf (trang 1),Đúng,Đúng,Đúng,1.0,Không,None,Đạt kỳ vọng theo bộ từ khóa chuẩn.,Không cần fix.,428.19
B300-DIR-038,Base 300,noi_dung_mau_thanh_pho_xanh.pdf,PDF,Base 300,"Nêu một thông tin cụ thể xuất hiện trong file ""noi_dung_mau_thanh_pho_xanh.pdf"".",Page: 1 > File: 6fed6fca7b0548108ff36bd64f2b7e5c_noi_dung_mau_thanh_pho_xanh.pdf,"Ảnh ""noi_dung_mau_thanh_pho_xanh.pdf"" có nội dung chính: Hoạt động nổi bật; Hành trình Thành phố Xanh 2030; Một bộ nội dung mẫu ngẫu nhiên về lối sống bền vững, công nghệ và cộng đồng.; Tài liệu PDF mẫu này có nội dung ngẫu nhiên, dùng để kiểm tra khả năng hiển thị văn; bản, bảng và bố cục cơ bản trong một file PDF.; Bối cảnh.",noi_dung_mau_thanh_pho_xanh.pdf (trang 1),Đúng,Đúng,Đúng,1.0,Không,None,Đạt kỳ vọng theo bộ từ khóa chuẩn.,Không cần fix.,427.92
B300-DIR-039,Base 300,pdf_01_nang_luong_mat_troi.pdf,PDF,Base 300,"Tài liệu ""pdf_01_nang_luong_mat_troi.pdf"" nói về nội dung gì?",Page: 1 > File: e8441761a52e48118928dd7bdd361d66_pdf_01_nang_luong_mat_troi.pdf,"Tài liệu ""pdf_01_nang_luong_mat_troi.pdf"" có các ý chính: - Tránh khu vực bị che bởi cây lớn. - Báo cáo ngắn về điện mặt trời hộ gia đình - Tài liệu trình bày lợi ích, cách ước tính chi phí và các lưu ý khi lắp đặt điện mặt trời cho nhà ở đô thị. - Lợi ích chính - Điện mặt trời giúp giảm hóa đơn điện, tận dụng mái nhà và tạo nguồn năng lượng sạch. Hiệu quả.",pdf_01_nang_luong_mat_troi.pdf (trang 1),Đúng,Đúng,Đúng,1.0,Không,None,Đạt kỳ vọng theo bộ từ khóa chuẩn.,Không cần fix.,259.52
B300-DIR-040,Base 300,pdf_01_nang_luong_mat_troi.pdf,PDF,Base 300,"Nêu một thông tin cụ thể xuất hiện trong file ""pdf_01_nang_luong_mat_troi.pdf"".",Page: 1 > File: e8441761a52e48118928dd7bdd361d66_pdf_01_nang_luong_mat_troi.pdf,"Một thông tin cụ thể trong ""pdf_01_nang_luong_mat_troi.pdf"" là: Tránh khu vực bị che bởi cây lớn..",pdf_01_nang_luong_mat_troi.pdf (trang 1),Đúng,Đúng,Đúng,1.0,Không,None,Đạt kỳ vọng theo bộ từ khóa chuẩn.,Không cần fix.,277.53
B300-DIR-041,Base 300,pdf_02_an_toan_du_lieu.pdf,PDF,Base 300,"Tài liệu ""pdf_02_an_toan_du_lieu.pdf"" nói về nội dung gì?",Page: 1 > File: d849cc7fe46a49b19f7bf1c4bdc7c468_pdf_02_an_toan_du_lieu.pdf,"Tài liệu ""pdf_02_an_toan_du_lieu.pdf"" có các ý chính: - Chỉ cấp quyền cho đúng người. - Hướng dẫn an toàn dữ liệu cá nhân - Tài liệu hướng dẫn thói quen bảo vệ dữ liệu cá nhân khi sử dụng ứng dụng học tập, email và lưu trữ - đám mây. - Mật khẩu.",pdf_02_an_toan_du_lieu.pdf (trang 1),Đúng,Đúng,Đúng,1.0,Không,None,Đạt kỳ vọng theo bộ từ khóa chuẩn.,Không cần fix.,297.67
B300-DIR-042,Base 300,pdf_02_an_toan_du_lieu.pdf,PDF,Base 300,"Nêu một thông tin cụ thể xuất hiện trong file ""pdf_02_an_toan_du_lieu.pdf"".",Page: 1 > File: d849cc7fe46a49b19f7bf1c4bdc7c468_pdf_02_an_toan_du_lieu.pdf,"Một thông tin cụ thể trong ""pdf_02_an_toan_du_lieu.pdf"" là: Chỉ cấp quyền cho đúng người..",pdf_02_an_toan_du_lieu.pdf (trang 1),Đúng,Đúng,Đúng,1.0,Không,None,Đạt kỳ vọng theo bộ từ khóa chuẩn.,Không cần fix.,279.84
B300-DIR-043,Base 300,pdf_page_index.md,MD,Base 300,"Tài liệu ""pdf_page_index.md"" nói về nội dung gì?",Test pdf.pdf > Page 1,"Tài liệu ""pdf_page_index.md"" có các ý chính: - Chương 1 - VIỆN CÔNG NGHỆ THÔNG TIN, ĐIỆN, ĐIỆN TỬ - First 3 non-empty lines - 3Giai đoạn bùng nổ - Ứng dụng của xử lý ảnh.",pdf_page_index.md (First 3 non-empty lines:) | pdf_page_index.md (- Chương 1:) | pdf_page_index.md (- 3Giai đoạn bùng nổ:),Đúng,Đúng,Đúng,1.0,Không,None,Đạt kỳ vọng theo bộ từ khóa chuẩn.,Không cần fix.,303.03
B300-DIR-044,Base 300,pdf_page_index.md,MD,Base 300,"Nêu một thông tin cụ thể xuất hiện trong file ""pdf_page_index.md"".",Test pdf.pdf > Page 1,"Một thông tin cụ thể trong ""pdf_page_index.md"" là: Chương 1.",pdf_page_index.md (First 3 non-empty lines:) | pdf_page_index.md (- Chương 1:) | pdf_page_index.md (- 1. Biến đổi không gian:),Đúng,Đúng,Một phần,0.5,Không,Medium,Đạt kỳ vọng theo bộ từ khóa chuẩn.,Tinh chỉnh citation selection và reranking để nguồn trả về sát hơn.,319.63
B300-DIR-045,Base 300,png_01_ban_do_y_tuong.png,PNG,Base 300,"Tài liệu ""png_01_ban_do_y_tuong.png"" nói về nội dung gì?",da2dab99728f47558f2b62326de763f8_png_01_ban_do_y_tuong.png,"Ảnh ""png_01_ban_do_y_tuong.png"" có nội dung chính: Ban do y tuong; g hoc nhom; Tap trung - chia viéc - phan hoi; Xac dinh muc tiéu buoi hoc va; Chia vai tro: nguoi tom tat,; tai lieu can doc truoc..",png_01_ban_do_y_tuong.png (da2dab99728f47558f2b62326de763f8_png_01_ban_do_y_tuong.png),Đúng,Đúng,Đúng,1.0,Không,None,Đạt kỳ vọng theo bộ từ khóa chuẩn.,Không cần fix.,320.54
B300-DIR-046,Base 300,png_01_ban_do_y_tuong.png,PNG,Base 300,"Nêu một thông tin cụ thể xuất hiện trong file ""png_01_ban_do_y_tuong.png"".",da2dab99728f47558f2b62326de763f8_png_01_ban_do_y_tuong.png,"Ảnh ""png_01_ban_do_y_tuong.png"" có nội dung chính: Ban do y tuong; g hoc nhom; Tap trung - chia viéc - phan hoi; Xac dinh muc tiéu buoi hoc va; Chia vai tro: nguoi tom tat,; tai lieu can doc truoc..",png_01_ban_do_y_tuong.png (da2dab99728f47558f2b62326de763f8_png_01_ban_do_y_tuong.png),Đúng,Đúng,Đúng,1.0,Không,None,Đạt kỳ vọng theo bộ từ khóa chuẩn.,Không cần fix.,517.09
B300-DIR-047,Base 300,png_02_quy_trinh_giao_hang.png,PNG,Base 300,"Tài liệu ""png_02_quy_trinh_giao_hang.png"" nói về nội dung gì?",d9b451f71253409cb4b43901b422bcc6_png_02_quy_trinh_giao_hang.png,"Ảnh ""png_02_quy_trinh_giao_hang.png"" có nội dung chính: Quy trinh giao hang noi bo; Tu nhan don den xac nhan hoan tat; Nhan don tur he thong va kiem; Dong g6i hang theo ma don,; tra dja chi.; dan nhan ro rang..",png_02_quy_trinh_giao_hang.png (d9b451f71253409cb4b43901b422bcc6_png_02_quy_trinh_giao_hang.png),Đúng,Đúng,Đúng,1.0,Không,None,Đạt kỳ vọng theo bộ từ khóa chuẩn.,Không cần fix.,302.11
B300-DIR-048,Base 300,png_02_quy_trinh_giao_hang.png,PNG,Base 300,"Nêu một thông tin cụ thể xuất hiện trong file ""png_02_quy_trinh_giao_hang.png"".",d9b451f71253409cb4b43901b422bcc6_png_02_quy_trinh_giao_hang.png,"Ảnh ""png_02_quy_trinh_giao_hang.png"" có nội dung chính: Quy trinh giao hang noi bo; Tu nhan don den xac nhan hoan tat; Nhan don tur he thong va kiem; Dong g6i hang theo ma don,; tra dja chi.; dan nhan ro rang..",png_02_quy_trinh_giao_hang.png (d9b451f71253409cb4b43901b422bcc6_png_02_quy_trinh_giao_hang.png),Đúng,Đúng,Đúng,1.0,Không,None,Đạt kỳ vọng theo bộ từ khóa chuẩn.,Không cần fix.,651.61
B300-DIR-049,Base 300,poster_mau_nang_luong_tai_tao.jpg,JPG,Base 300,"Tài liệu ""poster_mau_nang_luong_tai_tao.jpg"" nói về nội dung gì?",542799e0036a49f8a9f537634345ae76_poster_mau_nang_luong_tai_tao.jpg,"Ảnh ""poster_mau_nang_luong_tai_tao.jpg"" có nội dung chính: POSTER MAU; Nang; g luong tai tao trong doi sd; Noi dung khac voi PNG va PDF, trinh bay theo dang poster JPG.; Dien mat troi; Phu hop mái nha, truong hoc va nha xuong. Hé thong giup tao dién vao ban.",poster_mau_nang_luong_tai_tao.jpg (542799e0036a49f8a9f537634345ae76_poster_mau_nang_luong_tai_tao.jpg),Đúng,Đúng,Đúng,1.0,Không,None,Đạt kỳ vọng theo bộ từ khóa chuẩn.,Không cần fix.,313.79
B300-DIR-050,Base 300,poster_mau_nang_luong_tai_tao.jpg,JPG,Base 300,"Nêu một thông tin cụ thể xuất hiện trong file ""poster_mau_nang_luong_tai_tao.jpg"".",542799e0036a49f8a9f537634345ae76_poster_mau_nang_luong_tai_tao.jpg,"Ảnh ""poster_mau_nang_luong_tai_tao.jpg"" có nội dung chính: POSTER MAU; Nang; g luong tai tao trong doi sd; Noi dung khac voi PNG va PDF, trinh bay theo dang poster JPG.; Dien mat troi; Phu hop mái nha, truong hoc va nha xuong. Hé thong giup tao dién vao ban.",poster_mau_nang_luong_tai_tao.jpg (542799e0036a49f8a9f537634345ae76_poster_mau_nang_luong_tai_tao.jpg),Đúng,Đúng,Đúng,1.0,Không,None,Đạt kỳ vọng theo bộ từ khóa chuẩn.,Không cần fix.,367.24
B300-DIR-051,Base 300,pptx_01_du_lich_can_tho.pptx,PPTX,Base 300,"Tài liệu ""pptx_01_du_lich_can_tho.pptx"" nói về nội dung gì?",Slide: 1 > Slide 1 > Blocks: 2-5,"Tài liệu ""pptx_01_du_lich_can_tho.pptx"" có các ý chính: - Lịch trình Cần Thơ cuối tuần - Gợi ý 2 ngày 1 đêm cho nhóm bạn nhỏ - Mục tiêu chuyến đi - Đi nhẹ, ăn ngon, chụp ảnh đẹp và không dồn lịch quá dày. Kế hoạch ưu tiên trải nghiệm địa phương, di chuyển ngắn và có thời gian nghỉ. - 2 ngày.",pptx_01_du_lich_can_tho.pptx (slide 1) | pptx_01_du_lich_can_tho.pptx (slide 5) | pptx_01_du_lich_can_tho.pptx (slide 3),Đúng,Đúng,Một phần,0.5,Không,Medium,Đạt kỳ vọng theo bộ từ khóa chuẩn.,Tinh chỉnh citation selection và reranking để nguồn trả về sát hơn.,427.6
B300-DIR-052,Base 300,pptx_01_du_lich_can_tho.pptx,PPTX,Base 300,"Nêu một thông tin cụ thể xuất hiện trong file ""pptx_01_du_lich_can_tho.pptx"".",Slide: 1 > Slide 1 > Blocks: 2-5,"Một thông tin cụ thể trong ""pptx_01_du_lich_can_tho.pptx"" là: Lịch trình Cần Thơ cuối tuần.",pptx_01_du_lich_can_tho.pptx (slide 5) | pptx_01_du_lich_can_tho.pptx (slide 4) | pptx_01_du_lich_can_tho.pptx (slide 1),Đúng,Đúng,Một phần,0.5,Không,Medium,Đạt kỳ vọng theo bộ từ khóa chuẩn.,Tinh chỉnh citation selection và reranking để nguồn trả về sát hơn.,468.54
B300-DIR-053,Base 300,pptx_02_trong_cay_truong_hoc.pptx,PPTX,Base 300,"Tài liệu ""pptx_02_trong_cay_truong_hoc.pptx"" nói về nội dung gì?",Slide: 1 > Slide 1 > Blocks: 2-5,"Tài liệu ""pptx_02_trong_cay_truong_hoc.pptx"" có các ý chính: - Chiến dịch trồng cây trường học - Kế hoạch 4 tuần cho khuôn viên xanh hơn - Ý tưởng chính - Chiến dịch kết hợp giáo dục môi trường, hoạt động nhóm và theo dõi cây sau khi trồng. Mục tiêu không chỉ là trồng nhiều cây mà còn duy trì cây sống tốt. - Xanh hơn.",pptx_02_trong_cay_truong_hoc.pptx (slide 1) | pptx_02_trong_cay_truong_hoc.pptx (slide 5) | pptx_02_trong_cay_truong_hoc.pptx (slide 4),Đúng,Đúng,Một phần,0.5,Không,Medium,Đạt kỳ vọng theo bộ từ khóa chuẩn.,Tinh chỉnh citation selection và reranking để nguồn trả về sát hơn.,366.84
B300-DIR-054,Base 300,pptx_02_trong_cay_truong_hoc.pptx,PPTX,Base 300,"Nêu một thông tin cụ thể xuất hiện trong file ""pptx_02_trong_cay_truong_hoc.pptx"".",Slide: 1 > Slide 1 > Blocks: 2-5,"Một thông tin cụ thể trong ""pptx_02_trong_cay_truong_hoc.pptx"" là: Chiến dịch trồng cây trường học.",pptx_02_trong_cay_truong_hoc.pptx (slide 5) | pptx_02_trong_cay_truong_hoc.pptx (slide 4) | pptx_02_trong_cay_truong_hoc.pptx (slide 3),Đúng,Đúng,Một phần,0.5,Không,Medium,Đạt kỳ vọng theo bộ từ khóa chuẩn.,Tinh chỉnh citation selection và reranking để nguồn trả về sát hơn.,445.72
B300-DIR-055,Base 300,RETRIEVAL_TESTING_QUESTION_SET.md,MD,Base 300,"Tài liệu ""RETRIEVAL_TESTING_QUESTION_SET.md"" nói về nội dung gì?",1) Pham vi bo test,"Tài liệu ""RETRIEVAL_TESTING_QUESTION_SET.md"" có các ý chính: - 1) Pham vi bo test - RETRIEVAL TESTING - BO CAU HOI KIEM THU THUC TE - Muc tieu - Voi moi cau hoi - 4. Xac dinh vi tri tài liệu dung trong Top-3.",RETRIEVAL_TESTING_QUESTION_SET.md (5. Danh dau ket qua: > 3) Bang Retrieval Testing + Bo cau hoi) | RETRIEVAL_TESTING_QUESTION_SET.md (5. Danh dau ket qua: > 4) Nhom cau hoi fallback (ngoai pham vi) de test chong hallucination) | RETRIEVAL_TESTING_QUESTION_SET.md (Muc tieu:),Đúng,Đúng,Đúng,1.0,Không,None,Đạt kỳ vọng theo bộ từ khóa chuẩn.,Không cần fix.,514.68
B300-DIR-056,Base 300,RETRIEVAL_TESTING_QUESTION_SET.md,MD,Base 300,"Nêu một thông tin cụ thể xuất hiện trong file ""RETRIEVAL_TESTING_QUESTION_SET.md"".",1) Pham vi bo test,"Một thông tin cụ thể trong ""RETRIEVAL_TESTING_QUESTION_SET.md"" là: 1) Pham vi bo test.",RETRIEVAL_TESTING_QUESTION_SET.md (5. Danh dau ket qua: > 3) Bang Retrieval Testing + Bo cau hoi) | RETRIEVAL_TESTING_QUESTION_SET.md (5. Danh dau ket qua: > 4) Nhom cau hoi fallback (ngoai pham vi) de test chong hallucination) | RETRIEVAL_TESTING_QUESTION_SET.md (Muc tieu:),Đúng,Đúng,Đúng,1.0,Không,None,Đạt kỳ vọng theo bộ từ khóa chuẩn.,Không cần fix.,427.48
B300-DIR-057,Base 300,storyboard_mau_suc_khoe_hoc_duong.jpeg,JPEG,Base 300,"Tài liệu ""storyboard_mau_suc_khoe_hoc_duong.jpeg"" nói về nội dung gì?",a9ace2ff83464a59a43f6c683aac0c5f_storyboard_mau_suc_khoe_hoc_duong.jpeg,"Ảnh ""storyboard_mau_suc_khoe_hoc_duong.jpeg"" có nội dung chính: MAu: Surc khoe hoc duong; STORYBOARD; Anh JPEG c6 noi dung riéng, mo ta 6 canh truyén thong ngan.; Canh 1; Canh 2; Canh 3.",storyboard_mau_suc_khoe_hoc_duong.jpeg (a9ace2ff83464a59a43f6c683aac0c5f_storyboard_mau_suc_khoe_hoc_duong.jpeg),Đúng,Đúng,Đúng,1.0,Không,None,Đạt kỳ vọng theo bộ từ khóa chuẩn.,Không cần fix.,647.08
B300-DIR-058,Base 300,storyboard_mau_suc_khoe_hoc_duong.jpeg,JPEG,Base 300,"Nêu một thông tin cụ thể xuất hiện trong file ""storyboard_mau_suc_khoe_hoc_duong.jpeg"".",a9ace2ff83464a59a43f6c683aac0c5f_storyboard_mau_suc_khoe_hoc_duong.jpeg,"Ảnh ""storyboard_mau_suc_khoe_hoc_duong.jpeg"" có nội dung chính: MAu: Surc khoe hoc duong; STORYBOARD; Anh JPEG c6 noi dung riéng, mo ta 6 canh truyén thong ngan.; Canh 1; Canh 2; Canh 3.",storyboard_mau_suc_khoe_hoc_duong.jpeg (a9ace2ff83464a59a43f6c683aac0c5f_storyboard_mau_suc_khoe_hoc_duong.jpeg),Đúng,Đúng,Đúng,1.0,Không,None,Đạt kỳ vọng theo bộ từ khóa chuẩn.,Không cần fix.,538.98
B300-DIR-059,Base 300,Test docx.docx,DOCX,Base 300,"Tài liệu ""Test docx.docx"" nói về nội dung gì?",BÁO CÁO THỰC TẬP TỐT NGHIỆP,"Tài liệu ""Test docx.docx"" có các ý chính: - BÁO CÁO THỰC TẬP TỐT NGHIỆP - LỜI CẢM ƠN - NHẬN XÉT CỦA GIẢNG VIÊN - 1.1. Đặt vấn đề - Có ba đặc thù quan trọng.","Test docx.docx (trang 16) | Test docx.docx (trang 41, 6.2. Hạn chế) | Test docx.docx (trang 24)",Đúng,Đúng,Đúng,1.0,Không,None,Đạt kỳ vọng theo bộ từ khóa chuẩn.,Không cần fix.,703.71
B300-DIR-060,Base 300,Test docx.docx,DOCX,Base 300,"Nêu một thông tin cụ thể xuất hiện trong file ""Test docx.docx"".",BÁO CÁO THỰC TẬP TỐT NGHIỆP,"Một thông tin cụ thể trong ""Test docx.docx"" là: BÁO CÁO THỰC TẬP TỐT NGHIỆP.","Test docx.docx (trang 29) | Test docx.docx (trang 35, CHƯƠNG 5: KIỂM THỬ & ĐÁNH GIÁ > 5.1. Kịch bản kiểm thử) | Test docx.docx (trang 38, 5.3. Đánh giá chất lượng câu trả lời)",Đúng,Đúng,Một phần,0.5,Không,Medium,Đạt kỳ vọng theo bộ từ khóa chuẩn.,Tinh chỉnh citation selection và reranking để nguồn trả về sát hơn.,589.8
B300-DIR-061,Base 300,Test jpeg.jpeg,JPEG,Base 300,"Tài liệu ""Test jpeg.jpeg"" nói về nội dung gì?",b8f8ee50acbd45bf99da91f58570d763_Test jpeg.jpeg,"Ảnh ""Test jpeg.jpeg"" có nội dung chính: BAO CAO D0ANH THU THANG05/2026; Monthly Sales Summary; Doanh thu theo tuan (trieu dong); Trieu dong; Tuan 1; Tuan 2.",Test jpeg.jpeg (b8f8ee50acbd45bf99da91f58570d763_Test jpeg.jpeg),Đúng,Đúng,Đúng,1.0,Không,None,Đạt kỳ vọng theo bộ từ khóa chuẩn.,Không cần fix.,603.74
B300-DIR-062,Base 300,Test jpeg.jpeg,JPEG,Base 300,"Nêu một thông tin cụ thể xuất hiện trong file ""Test jpeg.jpeg"".",b8f8ee50acbd45bf99da91f58570d763_Test jpeg.jpeg,"Ảnh ""Test jpeg.jpeg"" có nội dung chính: BAO CAO D0ANH THU THANG05/2026; Monthly Sales Summary; Doanh thu theo tuan (trieu dong); Trieu dong; Tuan 1; Tuan 2.",Test jpeg.jpeg (b8f8ee50acbd45bf99da91f58570d763_Test jpeg.jpeg),Đúng,Đúng,Đúng,1.0,Không,None,Đạt kỳ vọng theo bộ từ khóa chuẩn.,Không cần fix.,607.09
B300-DIR-063,Base 300,Test JPG.jpg,JPG,Base 300,"Tài liệu ""Test JPG.jpg"" nói về nội dung gì?",cb467cc5db3c48429e68a3e690bb161b_Test JPG.jpg,"Ảnh ""Test JPG.jpg"" có nội dung chính: AI DOCUMENT CHAT - OCR TEST PAGE; Tai lieu kiem thu so 01; Muc tieu; Kiem tra kha nang nhan dien van ban tieng Viet va tieng Anh; Kiem tra trich xuat bang, ngay thang, email va so dien thoai; Kiem tra chunking va metadata co ban.",Test JPG.jpg (cb467cc5db3c48429e68a3e690bb161b_Test JPG.jpg),Đúng,Đúng,Đúng,1.0,Không,None,Đạt kỳ vọng theo bộ từ khóa chuẩn.,Không cần fix.,291.46
B300-DIR-064,Base 300,Test JPG.jpg,JPG,Base 300,"Nêu một thông tin cụ thể xuất hiện trong file ""Test JPG.jpg"".",cb467cc5db3c48429e68a3e690bb161b_Test JPG.jpg,"Ảnh ""Test JPG.jpg"" có nội dung chính: AI DOCUMENT CHAT - OCR TEST PAGE; Tai lieu kiem thu so 01; Muc tieu; Kiem tra kha nang nhan dien van ban tieng Viet va tieng Anh; Kiem tra trich xuat bang, ngay thang, email va so dien thoai; Kiem tra chunking va metadata co ban.",Test JPG.jpg (cb467cc5db3c48429e68a3e690bb161b_Test JPG.jpg),Đúng,Đúng,Đúng,1.0,Không,None,Đạt kỳ vọng theo bộ từ khóa chuẩn.,Không cần fix.,380.46
B300-DIR-065,Base 300,Test md.md,MD,Base 300,"Tài liệu ""Test md.md"" nói về nội dung gì?",Trí tuệ nhân tạo trong hệ thống hỏi đáp tài liệu,"Tài liệu ""Test md.md"" có các ý chính: - Trí tuệ nhân tạo trong hệ thống hỏi đáp tài liệu - Mục lục - 1. Giới thiệu chung - 1.1. Mục tiêu của hệ thống - Các mục tiêu cụ thể gồm.",Test md.md (Phụ lục C. Đoạn văn bản dài để kiểm thử chunking) | Test md.md (Phụ lục A. Bộ câu hỏi kiểm thử mẫu) | Test md.md (1. Giới thiệu chung),Đúng,Đúng,Đúng,1.0,Không,None,Đạt kỳ vọng theo bộ từ khóa chuẩn.,Không cần fix.,463.65
B300-DIR-066,Base 300,Test md.md,MD,Base 300,"Nêu một thông tin cụ thể xuất hiện trong file ""Test md.md"".",Trí tuệ nhân tạo trong hệ thống hỏi đáp tài liệu,"Một thông tin cụ thể trong ""Test md.md"" là: Trí tuệ nhân tạo trong hệ thống hỏi đáp tài liệu.",Test md.md (1. Giới thiệu chung) | Test md.md (Phụ lục C. Đoạn văn bản dài để kiểm thử chunking) | Test md.md (10. Kết luận và hướng phát triển),Đúng,Đúng,Đúng,1.0,Không,None,Đạt kỳ vọng theo bộ từ khóa chuẩn.,Không cần fix.,709.2
B300-DIR-067,Base 300,Test pdf scan.pdf,PDF,Base 300,"Tài liệu ""Test pdf scan.pdf"" nói về nội dung gì?",Page: 1 > File: e4eee1144064466092a3e26cce305d0b_Test pdf scan.pdf,"Tài liệu ""Test pdf scan.pdf"" có các ý chính: - Hình 1 - OCR From Images - TreViet Nam - Bao bung than boc lay than - Tay om, tay niu tre gan nhau them.",Test pdf scan.pdf (trang 1),Đúng,Đúng,Đúng,1.0,Không,None,Đạt kỳ vọng theo bộ từ khóa chuẩn.,Không cần fix.,351.56
B300-DIR-068,Base 300,Test pdf scan.pdf,PDF,Base 300,"Nêu một thông tin cụ thể xuất hiện trong file ""Test pdf scan.pdf"".",Page: 1 > File: e4eee1144064466092a3e26cce305d0b_Test pdf scan.pdf,"Một thông tin cụ thể trong ""Test pdf scan.pdf"" là: Hình 1.",Test pdf scan.pdf (trang 1),Đúng,Đúng,Đúng,1.0,Không,None,Đạt kỳ vọng theo bộ từ khóa chuẩn.,Không cần fix.,281.64
B300-DIR-069,Base 300,Test pdf.pdf,PDF,Base 300,"Tài liệu ""Test pdf.pdf"" nói về nội dung gì?",Page: 1 > File: c4220cd9dc7b4b1292798be9a6c655a0_Test pdf.pdf,"Tài liệu ""Test pdf.pdf"" có các ý chính: - paragraph - ● Những năm 1950-1960: ● Những năm 1970-1980: ● Những năm 2000 trở đi - Ưu điểm Nhược điểm - 1. Biến đổi không gian: 3. Phân đoạn - trình (C++, Python, Java,...).",Test pdf.pdf (trang 14) | Test pdf.pdf (trang 6) | Test pdf.pdf (trang 4),Đúng,Đúng,Đúng,1.0,Không,None,Đạt kỳ vọng theo bộ từ khóa chuẩn.,Không cần fix.,392.22
B300-DIR-070,Base 300,Test pdf.pdf,PDF,Base 300,"Nêu một thông tin cụ thể xuất hiện trong file ""Test pdf.pdf"".",Page: 1 > File: c4220cd9dc7b4b1292798be9a6c655a0_Test pdf.pdf,"Một thông tin cụ thể trong ""Test pdf.pdf"" là: paragraph.",Test pdf.pdf (trang 17) | Test pdf.pdf (trang 1) | Test pdf.pdf (trang 14),Đúng,Đúng,Một phần,0.5,Không,Medium,Đạt kỳ vọng theo bộ từ khóa chuẩn.,Tinh chỉnh citation selection và reranking để nguồn trả về sát hơn.,375.17
B300-DIR-071,Base 300,Test PNG.png,PNG,Base 300,"Tài liệu ""Test PNG.png"" nói về nội dung gì?",b82666e7786846928e815761b567733d_Test PNG.png,"Ảnh ""Test PNG.png"" có nội dung chính: QUAN CA PHE MAY; OPEN 07:00 - 22:00; Scan QR; de thanh toan; Khuyen mai 20% cho sinh vien; Wi-Fi: MayCoffee_Free.",Test PNG.png (b82666e7786846928e815761b567733d_Test PNG.png),Đúng,Đúng,Đúng,1.0,Không,None,Đạt kỳ vọng theo bộ từ khóa chuẩn.,Không cần fix.,799.99
B300-DIR-072,Base 300,Test PNG.png,PNG,Base 300,"Nêu một thông tin cụ thể xuất hiện trong file ""Test PNG.png"".",b82666e7786846928e815761b567733d_Test PNG.png,"Ảnh ""Test PNG.png"" có nội dung chính: QUAN CA PHE MAY; OPEN 07:00 - 22:00; Scan QR; de thanh toan; Khuyen mai 20% cho sinh vien; Wi-Fi: MayCoffee_Free.",Test PNG.png (b82666e7786846928e815761b567733d_Test PNG.png),Đúng,Đúng,Đúng,1.0,Không,None,Đạt kỳ vọng theo bộ từ khóa chuẩn.,Không cần fix.,413.91
B300-DIR-073,Base 300,Test pptx.pptx,PPTX,Base 300,"Tài liệu ""Test pptx.pptx"" nói về nội dung gì?",Slide: 1 > オフィス業務 > Blocks: 2-2,"Tài liệu ""Test pptx.pptx"" có các ý chính: - オフィス業務 - 主な授業内容 - ＜授業の目的＞ - 企業実習評価表のコメント - 日本人は、 どんな人と一緒に仕事がしたいと 考えていると思いますか？.","Test pptx.pptx (slide 13, 日本人は、どんな人と一緒に仕事がしたいと考えていると思いますか？) | Test pptx.pptx (slide 14, 日本人は、どんな人と一緒に仕事がしたいと考えていますか？) | Test pptx.pptx (slide 5, ＜授業の目的＞)",Đúng,Đúng,Đúng,1.0,Không,None,Đạt kỳ vọng theo bộ từ khóa chuẩn.,Không cần fix.,343.78
B300-DIR-074,Base 300,Test pptx.pptx,PPTX,Base 300,"Nêu một thông tin cụ thể xuất hiện trong file ""Test pptx.pptx"".",Slide: 1 > オフィス業務 > Blocks: 2-2,"Một thông tin cụ thể trong ""Test pptx.pptx"" là: オフィス業務.","Test pptx.pptx (slide 1, オフィス業務) | Test pptx.pptx (slide 5, ＜授業の目的＞) | Test pptx.pptx (slide 13, 日本人は、どんな人と一緒に仕事がしたいと考えていると思いますか？)",Đúng,Đúng,Một phần,0.5,Không,Medium,Đạt kỳ vọng theo bộ từ khóa chuẩn.,Tinh chỉnh citation selection và reranking để nguồn trả về sát hơn.,422.3
B300-DIR-075,Base 300,test txt.txt,TXT,Base 300,"Tài liệu ""test txt.txt"" nói về nội dung gì?",DU LỊCH SINH THÁI Ở VIỆT NAM,"Tài liệu ""test txt.txt"" có các ý chính: - DU LỊCH SINH THÁI Ở VIỆT NAM - 2. ĐẶC ĐIỂM CỦA DU LỊCH SINH THÁI - 3. MỘT SỐ ĐỊA ĐIỂM DU LỊCH SINH THÁI NỔI BẬT - paragraph - 5. THÁCH THỨC TRONG PHÁT TRIỂN DU LỊCH SINH THÁI.",test txt.txt (DU LỊCH SINH THÁI Ở VIỆT NAM) | test txt.txt (9. CÂU HỎI KIỂM THỬ MẪU) | test txt.txt (10. KẾT LUẬN),Đúng,Đúng,Đúng,1.0,Không,None,Đạt kỳ vọng theo bộ từ khóa chuẩn.,Không cần fix.,282.55
B300-DIR-076,Base 300,test txt.txt,TXT,Base 300,"Nêu một thông tin cụ thể xuất hiện trong file ""test txt.txt"".",DU LỊCH SINH THÁI Ở VIỆT NAM,"Một thông tin cụ thể trong ""test txt.txt"" là: DU LỊCH SINH THÁI Ở VIỆT NAM.",test txt.txt (3. MỘT SỐ ĐỊA ĐIỂM DU LỊCH SINH THÁI NỔI BẬT) | test txt.txt (DU LỊCH SINH THÁI Ở VIỆT NAM) | test txt.txt (7. VAI TRÒ CỦA CÔNG NGHỆ),Đúng,Đúng,Đúng,1.0,Không,None,Đạt kỳ vọng theo bộ từ khóa chuẩn.,Không cần fix.,422.08
B300-DIR-077,Base 300,Test xlsx.xlsx,XLSX,Base 300,"Tài liệu ""Test xlsx.xlsx"" nói về nội dung gì?",Sheet: Sheet4 > Sheet4,"tài liệu dạng bảng gồm 2 sheet (Sheet4, Sheet2); các cột chính gồm No., 受験番号, 氏名, 性別, 学科名, 日本語; số dòng dữ liệu đang có khoảng 35. Bạn muốn mình phân tích tiếp theo cột hoặc nhóm dữ liệu nào?","Test xlsx.xlsx (sheet Sheet2, A1:Z1000) | Test xlsx.xlsx (sheet Sheet1, A1:Z1000) | Test xlsx.xlsx (sheet Sheet2)",Đúng,Đúng,Một phần,0.5,Không,Medium,Đạt kỳ vọng theo bộ từ khóa chuẩn.,Tinh chỉnh citation selection và reranking để nguồn trả về sát hơn.,399.38
B300-DIR-078,Base 300,Test xlsx.xlsx,XLSX,Base 300,"Nêu một thông tin cụ thể xuất hiện trong file ""Test xlsx.xlsx"".",Sheet: Sheet4 > Sheet4,"tài liệu dạng bảng gồm 2 sheet (Sheet4, Sheet2); các cột chính gồm No., 受験番号, 氏名, 性別, 学科名, 日本語; số dòng dữ liệu đang có khoảng 35. Bạn muốn mình phân tích tiếp theo cột hoặc nhóm dữ liệu nào?","Test xlsx.xlsx (sheet Sheet1, A1:Z1000) | Test xlsx.xlsx (sheet Sheet2, A1:Z1000) | Test xlsx.xlsx (sheet Sheet2)",Đúng,Đúng,Một phần,0.5,Không,Medium,Đạt kỳ vọng theo bộ từ khóa chuẩn.,Tinh chỉnh citation selection và reranking để nguồn trả về sát hơn.,439.86
B300-DIR-079,Base 300,txt_01_nhat_ky_vuon_rau.txt,TXT,Base 300,"Tài liệu ""txt_01_nhat_ky_vuon_rau.txt"" nói về nội dung gì?",NHẬT KÝ VƯỜN RAU BAN CÔNG,"Tài liệu ""txt_01_nhat_ky_vuon_rau.txt"" có các ý chính: - NHẬT KÝ VƯỜN RAU BAN CÔNG - paragraph - Ngày bắt đầu: 05/05/2026 - Mục tiêu của vườn rau là tạo một góc xanh nhỏ trên ban công, có thể trồng rau ăn lá, vài cây gia vị và một số chậu hoa đuổi côn trùng. Diện tích chỉ khoảng 3 mét vuông nên cách... - Kế hoạch tuần đầu gồm vệ sinh ban công, mua đất sạch, chọn chậu có lỗ thoát nước và gieo thử cải xanh, húng quế, xà lách. Mỗi sáng tưới nhẹ một lần, buổi chiều kiểm tra độ ẩm bằ...",txt_01_nhat_ky_vuon_rau.txt (NHẬT KÝ VƯỜN RAU BAN CÔNG) | txt_01_nhat_ky_vuon_rau.txt,Đúng,Đúng,Đúng,1.0,Không,None,Đạt kỳ vọng theo bộ từ khóa chuẩn.,Không cần fix.,362.22
B300-DIR-080,Base 300,txt_01_nhat_ky_vuon_rau.txt,TXT,Base 300,"Nêu một thông tin cụ thể xuất hiện trong file ""txt_01_nhat_ky_vuon_rau.txt"".",NHẬT KÝ VƯỜN RAU BAN CÔNG,"Một thông tin cụ thể trong ""txt_01_nhat_ky_vuon_rau.txt"" là: NHẬT KÝ VƯỜN RAU BAN CÔNG.",txt_01_nhat_ky_vuon_rau.txt (NHẬT KÝ VƯỜN RAU BAN CÔNG) | txt_01_nhat_ky_vuon_rau.txt,Đúng,Đúng,Đúng,1.0,Không,None,Đạt kỳ vọng theo bộ từ khóa chuẩn.,Không cần fix.,370.51
B300-DIR-081,Base 300,txt_02_ke_hoach_clb_sach.txt,TXT,Base 300,"Tài liệu ""txt_02_ke_hoach_clb_sach.txt"" nói về nội dung gì?",KẾ HOẠCH CÂU LẠC BỘ ĐỌC SÁCH THÁNG 6,"Tài liệu ""txt_02_ke_hoach_clb_sach.txt"" có các ý chính: - KẾ HOẠCH CÂU LẠC BỘ ĐỌC SÁCH THÁNG 6 - paragraph - Câu lạc bộ đặt mục tiêu duy trì thói quen đọc đều đặn, chia sẻ cảm nhận ngắn gọn và khuyến khích thành viên mới tham gia. Chủ đề tháng 6 là “kỹ năng học tập và tư duy phản biện”... - Lịch hoạt động gồm ba buổi chính. Buổi 1 giới thiệu sách và chia nhóm. Buổi 2 thảo luận các ý tưởng nổi bật, liên hệ với việc học đại học. Buổi 3 tổng kết, bình chọn phần chia s... - Quy tắc tham gia.",txt_02_ke_hoach_clb_sach.txt (KẾ HOẠCH CÂU LẠC BỘ ĐỌC SÁCH THÁNG 6) | txt_02_ke_hoach_clb_sach.txt,Đúng,Đúng,Đúng,1.0,Không,None,Đạt kỳ vọng theo bộ từ khóa chuẩn.,Không cần fix.,381.35
B300-DIR-082,Base 300,txt_02_ke_hoach_clb_sach.txt,TXT,Base 300,"Nêu một thông tin cụ thể xuất hiện trong file ""txt_02_ke_hoach_clb_sach.txt"".",KẾ HOẠCH CÂU LẠC BỘ ĐỌC SÁCH THÁNG 6,"Một thông tin cụ thể trong ""txt_02_ke_hoach_clb_sach.txt"" là: KẾ HOẠCH CÂU LẠC BỘ ĐỌC SÁCH THÁNG 6.",txt_02_ke_hoach_clb_sach.txt (KẾ HOẠCH CÂU LẠC BỘ ĐỌC SÁCH THÁNG 6) | txt_02_ke_hoach_clb_sach.txt,Đúng,Đúng,Đúng,1.0,Không,None,Đạt kỳ vọng theo bộ từ khóa chuẩn.,Không cần fix.,507.83
B300-DIR-083,Base 300,xlsx_01_bao_cao_doanh_thu.xlsx,XLSX,Base 300,"Tài liệu ""xlsx_01_bao_cao_doanh_thu.xlsx"" nói về nội dung gì?",Doanh thu,"tài liệu dạng bảng gồm 2 sheet (Doanh thu, KPI); các cột chính gồm Tháng, Sản phẩm A, Sản phẩm B, Dịch vụ, Tổng, Ghi chú; số dòng dữ liệu đang có khoảng 7. Bạn muốn mình phân tích tiếp theo cột hoặc nhóm dữ liệu nào?","xlsx_01_bao_cao_doanh_thu.xlsx (sheet Doanh thu, A1:F7) | xlsx_01_bao_cao_doanh_thu.xlsx (sheet Doanh thu) | xlsx_01_bao_cao_doanh_thu.xlsx (sheet KPI, A1:D6)",Đúng,Đúng,Đúng,1.0,Không,None,Đạt kỳ vọng theo bộ từ khóa chuẩn.,Không cần fix.,702.71
B300-DIR-084,Base 300,xlsx_01_bao_cao_doanh_thu.xlsx,XLSX,Base 300,"Nêu một thông tin cụ thể xuất hiện trong file ""xlsx_01_bao_cao_doanh_thu.xlsx"".",Doanh thu,"tài liệu dạng bảng gồm 2 sheet (Doanh thu, KPI); các cột chính gồm Tháng, Sản phẩm A, Sản phẩm B, Dịch vụ, Tổng, Ghi chú; số dòng dữ liệu đang có khoảng 7. Bạn muốn mình phân tích tiếp theo cột hoặc nhóm dữ liệu nào?","xlsx_01_bao_cao_doanh_thu.xlsx (sheet Doanh thu, A1:F7) | xlsx_01_bao_cao_doanh_thu.xlsx (sheet Doanh thu) | xlsx_01_bao_cao_doanh_thu.xlsx (sheet KPI, A1:D6)",Đúng,Đúng,Đúng,1.0,Không,None,Đạt kỳ vọng theo bộ từ khóa chuẩn.,Không cần fix.,1251.8
B300-DIR-085,Base 300,xlsx_02_ke_hoach_hoc_tap.xlsx,XLSX,Base 300,"Tài liệu ""xlsx_02_ke_hoach_hoc_tap.xlsx"" nói về nội dung gì?",Ke hoach hoc tap,"tài liệu dạng bảng gồm 2 sheet (Ke hoach hoc tap, Tai nguyen); các cột chính gồm Tuần, Môn học, Mục tiêu, Giờ dự kiến, Giờ thực tế, Tỷ lệ hoàn thành; số dòng dữ liệu đang có khoảng 7. Bạn muốn mình phân tích tiếp theo cột hoặc nhóm dữ liệu nào?","xlsx_02_ke_hoach_hoc_tap.xlsx (sheet Ke hoach hoc tap, A1:F7) | xlsx_02_ke_hoach_hoc_tap.xlsx (sheet Tai nguyen, A1:D7) | xlsx_02_ke_hoach_hoc_tap.xlsx (sheet Tai nguyen)",Đúng,Đúng,Đúng,1.0,Không,None,Đạt kỳ vọng theo bộ từ khóa chuẩn.,Không cần fix.,881.65
B300-DIR-086,Base 300,xlsx_02_ke_hoach_hoc_tap.xlsx,XLSX,Base 300,"Nêu một thông tin cụ thể xuất hiện trong file ""xlsx_02_ke_hoach_hoc_tap.xlsx"".",Ke hoach hoc tap,"tài liệu dạng bảng gồm 2 sheet (Ke hoach hoc tap, Tai nguyen); các cột chính gồm Tuần, Môn học, Mục tiêu, Giờ dự kiến, Giờ thực tế, Tỷ lệ hoàn thành; số dòng dữ liệu đang có khoảng 7. Bạn muốn mình phân tích tiếp theo cột hoặc nhóm dữ liệu nào?","xlsx_02_ke_hoach_hoc_tap.xlsx (sheet Ke hoach hoc tap, A1:F7) | xlsx_02_ke_hoach_hoc_tap.xlsx (sheet Ke hoach hoc tap) | xlsx_02_ke_hoach_hoc_tap.xlsx (sheet Tai nguyen, A1:D7)",Đúng,Đúng,Đúng,1.0,Không,None,Đạt kỳ vọng theo bộ từ khóa chuẩn.,Không cần fix.,453.02
B300-DIR-087,Base 300,Test docx.docx,DOCX,Base 300,"Trong file ""Test docx.docx"", ý hoặc mục nào liên quan đến ""bao""?",BÁO CÁO THỰC TẬP TỐT NGHIỆP,"Thông qua Neo4j, các điều luật không tồn tại độc lập mà được kết nối chặt chẽ theo các quan hệ như: “Dẫn chiếu đến”, “Quy định chi tiết cho”, hoặc “Thuộc chương/mục”. Đề tài tập trung phạm vi nghiên cứu vào hệ thống các văn bản quy phạm pháp luật liên quan trực tiếp đến lĩnh vực công nghệ thông tin đang có hiệu lực tại Việt Nam, bao gồm các trụ cột chính như Luật Công nghệ thông tin, Luật An toàn thông tin mạng, Luật An ninh mạng, Luật Giao dịch điện tử cùng các nghị định hướng dẫn thi hành về bảo vệ dữ liệu cá nhân và quản lý dịch vụ Internet. Kiến trúc RAG bao gồm ba giai đoạn chính hoạt động tuần tự: đầu tiên là Retrieval (Truy xuất) để tìm kiếm các đoạn văn bản luật liên quan nhất từ kho dữ liệu; tiếp theo là Augmented (Tăng cường) để bổ sung các đoạn văn bản này vào câu lệnh gửi đến AI; và cuối cùng là Generation (Sinh câu trả lời) để tạo ra phản hồi hoàn chỉnh. Mặc dù mô hình DEk21 rất mạnh trong việc hiểu nội dung, nhưng do văn bản luật có tính dẫn chiếu chéo cao, việc thiếu đi cấu trúc liên kết khiến hệ thống dễ bỏ sót các văn bản dưới luật hoặc các điều khoản liên quan ở xa về mặt không gian vector. Điểm yếu của các hệ thống này là khả năng ""đọc hiểu"" bị giới hạn trong khô","Test docx.docx (trang 8, 2.2. Các kỹ thuật NLP liên quan:) | Test docx.docx (trang 3) | Test docx.docx (trang 15, 2.7. Các hệ thống liên quan và khoảng trống nghiên cứu)",Đúng,Đúng,Đúng,1.0,Không,None,Đạt kỳ vọng theo bộ từ khóa chuẩn.,Không cần fix.,2902.26
B300-DIR-088,Base 300,content_summary.md,MD,Base 300,"Trong file ""content_summary.md"", ý hoặc mục nào liên quan đến ""png""?",Test PNG.png (PNG),"3.3.1. - Độ chính xác và Khả năng kiểm soát ảo giác (Accuracy & Grounding) - Trong pha Offline, hệ thống thực hiện xử lý dữ liệu nguồn từ các văn bản pháp luật (DOCX), trích xuất metadata và áp dụng kỹ thuật phân mảnh dữ liệu 4 tầng (4-tier chunking) để xây dựng cấu trúc phân - ""chuong_so"": ""1"", ""chuong_ten"": ""Quy định chung"", - TEXT INDEX entity_name_idx FOR (n:Entity) ON n.name - 3.7.4. - Tổng hợp và Phản hồi có Căn cứ - Để đảm bảo mô hình không chỉ phản hồi đúng mà còn chuyên nghiệp và chặt chẽ, hệ thống áp dụng chiến lược thiết kế câu lệnh kết hợp giữa hai phương pháp tối ưu:.",content_summary.md (- CHƯƠNG 1: TỔNG QUAN ĐỀ TÀI) | content_summary.md (- LỜI NÓI ĐẦU) | content_summary.md (- BÁO CÁO THỰC TẬP TỐT NGHIỆP) | content_summary.md (- LỜI CẢM ƠN) | content_summary.md (- TÓM TẮT),Đúng,Đúng,Một phần,0.5,Không,Medium,Đạt kỳ vọng theo bộ từ khóa chuẩn.,Tinh chỉnh citation selection và reranking để nguồn trả về sát hơn.,2630.57
B300-DIR-089,Base 300,Test md.md,MD,Base 300,"Trong file ""Test md.md"", ý hoặc mục nào liên quan đến ""gioi""?",1. Giới thiệu chung,"Ví dụ, câu “hệ thống dùng cơ sở dữ liệu nào” và đoạn “metadata được lưu trong PostgreSQL” có thể không giống nhau hoàn toàn về từ khóa, nhưng có liên quan về ý nghĩa. Những đoạn có ý nghĩa gần nhau sẽ có vector gần nhau, giúp hệ thống tìm được nội dung liên quan ngay cả khi cách diễn đạt khác nhau. Thay vào đó, hệ thống tìm các chunk liên quan trong vector index. Câu trả lời nên cho biết thông tin được lấy từ file nào, trang nào hoặc slide nào. Nếu đoạn văn bị cắt sai vị trí, câu trả lời của hệ thống có thể thiếu thông tin hoặc hiểu sai ý nghĩa.",Test md.md (2. Bối cảnh phát triển AI Document Chat) | Test md.md (Phụ lục C. Đoạn văn bản dài để kiểm thử chunking) | Test md.md (6. Vai trò của embedding và vector database),Đúng,Đúng,Một phần,0.5,Không,Medium,Đạt kỳ vọng theo bộ từ khóa chuẩn.,Tinh chỉnh citation selection và reranking để nguồn trả về sát hơn.,965.48
B300-DIR-090,Base 300,Test xlsx.xlsx,XLSX,Base 300,"Trong file ""Test xlsx.xlsx"", ý hoặc mục nào liên quan đến ""sheet4""?",Sheet: Sheet4 > Table: used_range_1 > Rows: 5-6,"sheet Sheet4; các cột chính gồm No., 受験番号, 氏名, 性別, 学科名, 日本語, 数学, 文学; khoảng 30 dòng dữ liệu; ví dụ Sheet Index: 1; Hidden Sheet: True; Header Columns: No., 受験番号, 氏名, 性別, 学科名, 日本語, 数学, 文学, 総計, 結果, column_11, column_12, column_13, column_14, column_15, column_16, column_17, column_18, column_19, column_20, column_21, column_22, column_23, column_24, column_25, column_26; Header Units: (none).","Test xlsx.xlsx (sheet Sheet4, A1:Z1000) | Test xlsx.xlsx (sheet Sheet4)",Đúng,Đúng,Một phần,0.5,Không,Medium,Đạt kỳ vọng theo bộ từ khóa chuẩn.,Tinh chỉnh citation selection và reranking để nguồn trả về sát hơn.,411.65
B300-SUM-001,Base 300,AI Document Question Answering System.pptx,PPTX,Base 300,"Tóm tắt ngắn file ""AI Document Question Answering System.pptx"" trong 3 ý.",Tóm tắt có các ý chính: blocks,"Tài liệu ""AI Document Question Answering System.pptx"" có các ý chính: - TRƯỜNG ĐẠI HỌC GIAO THÔNG VẬN TẢI THÀNH PHỐ HỒ CHÍ MINH - ĐỀ TÀI: AI Document Question Answering System - Giảng viên hướng dẫn: Nguyễn Văn Huy - Sinh viên thực hiện: Huỳnh Ngọc Quang Vinh - Nội dung.",AI Document Question Answering System.pptx (slide 1) | AI Document Question Answering System.pptx (slide 2) | AI Document Question Answering System.pptx (slide 4) | AI Document Question Answering System.pptx (slide 9) | AI Document Question Answering System.pptx (slide 8),Đúng,Đúng,Một phần,0.5,Không,Medium,Đạt kỳ vọng theo bộ từ khóa chuẩn.,Tinh chỉnh citation selection và reranking để nguồn trả về sát hơn.,357.16
B300-SUM-002,Base 300,bai_trinh_chieu_mau_thu_vien_thong_minh.pptx,PPTX,Base 300,"Tóm tắt ngắn file ""bai_trinh_chieu_mau_thu_vien_thong_minh.pptx"" trong 3 ý.","Tóm tắt có các ý chính: 10, 13, blocks","Tài liệu ""bai_trinh_chieu_mau_thu_vien_thong_minh.pptx"" có các ý chính: - BÀI TRÌNH CHIẾU MẪU - Thư viện thông minh - cho trường học hiện đại - LIBRARY - Một bộ slide có nội dung dài vừa phải, chủ đề riêng biệt so với PDF, Markdown và hình ảnh. Dùng để kiểm thử khả năng đọc PPTX, tách nội dung theo slide, nhận diện tiêu đề và xử...",bai_trinh_chieu_mau_thu_vien_thong_minh.pptx (slide 1) | bai_trinh_chieu_mau_thu_vien_thong_minh.pptx (slide 3) | bai_trinh_chieu_mau_thu_vien_thong_minh.pptx (slide 2) | bai_trinh_chieu_mau_thu_vien_thong_minh.pptx (slide 4) | bai_trinh_chieu_mau_thu_vien_thong_minh.pptx (slide 7),Đúng,Đúng,Một phần,0.5,Không,Medium,Đạt kỳ vọng theo bộ từ khóa chuẩn.,Tinh chỉnh citation selection và reranking để nguồn trả về sát hơn.,388.28
B300-SUM-003,Base 300,bao_cao_an_toan_du_lieu_ca_nhan.docx,DOCX,Base 300,"Tóm tắt ngắn file ""bao_cao_an_toan_du_lieu_ca_nhan.docx"" trong 3 ý.","Tóm tắt có các ý chính: nhan, dang, van, bao","Tài liệu ""bao_cao_an_toan_du_lieu_ca_nhan.docx"" có các ý chính: - 1. Bối cảnh vấn đề - 2. Nguyên nhân chính - 3. Tác động - 4. Bảng đề xuất biện pháp - 5. Kết luận.","bao_cao_an_toan_du_lieu_ca_nhan.docx (trang 1) | bao_cao_an_toan_du_lieu_ca_nhan.docx (trang 1, 5. Kết luận) | bao_cao_an_toan_du_lieu_ca_nhan.docx (trang 1, 2. Nguyên nhân chính) | bao_cao_an_toan_du_lieu_ca_nhan.docx (trang 1, 4. Bảng đề xuất biện pháp) | bao_cao_an_toan_du_lieu_ca_nhan.docx (trang 1, 3. Tác động)",Đúng,Đúng,Đúng,1.0,Không,None,Đạt kỳ vọng theo bộ từ khóa chuẩn.,Không cần fix.,360.11
B300-SUM-004,Base 300,bao_cao_mau_chuyen_doi_so_giao_duc.pdf,PDF,Base 300,"Tóm tắt ngắn file ""bao_cao_mau_chuyen_doi_so_giao_duc.pdf"" trong 3 ý.","Tóm tắt có các ý chính: bao, cao, chuyen, doi","Tài liệu ""bao_cao_mau_chuyen_doi_so_giao_duc.pdf"" có các ý chính: - paragraph - 2. Mục tiêu triển khai - BÁO CÁO MẪU: CHUYỂN ĐỔI SỐ TRONG - GIÁO DỤC - Tài liệu minh họa nội dung dài, có nhiều mục, bảng số liệu giả lập và khuyến nghị triển khai.",bao_cao_mau_chuyen_doi_so_giao_duc.pdf (trang 3) | bao_cao_mau_chuyen_doi_so_giao_duc.pdf (trang 1) | bao_cao_mau_chuyen_doi_so_giao_duc.pdf (trang 2) | bao_cao_mau_chuyen_doi_so_giao_duc.pdf (trang 4),Đúng,Đúng,Đúng,1.0,Không,None,Đạt kỳ vọng theo bộ từ khóa chuẩn.,Không cần fix.,794.68
B300-SUM-005,Base 300,bao_cao_quan_ly_rac_thai_nhua.pdf,PDF,Base 300,"Tóm tắt ngắn file ""bao_cao_quan_ly_rac_thai_nhua.pdf"" trong 3 ý.","Tóm tắt có các ý chính: quan, rac, thai, nhua","Tài liệu ""bao_cao_quan_ly_rac_thai_nhua.pdf"" có các ý chính: - 3. Hậu quả - 5. Kết luận - BÁO CÁO NGẮN: QUẢN LÝ RÁC THẢI NHỰA TẠI KHU - DÂN CƯ - Tài liệu PDF mẫu này trình bày một vấn đề môi trường khác với file DOCX: cách quản lý.",bao_cao_quan_ly_rac_thai_nhua.pdf (trang 1),Đúng,Đúng,Đúng,1.0,Không,None,Đạt kỳ vọng theo bộ từ khóa chuẩn.,Không cần fix.,319.47
B300-SUM-006,Base 300,content_summary.md,MD,Base 300,"Tóm tắt ngắn file ""content_summary.md"" trong 3 ý.","Tóm tắt có các ý chính: 084205002647, test, jpg, png","Tài liệu ""content_summary.md"" có các ý chính: - BÁO CÁO THỰC TẬP TỐT NGHIỆP - MSSV:084205002647 - TÓM TẮT - LỜI NÓI ĐẦU - LỜI CẢM ƠN.",content_summary.md (- CHƯƠNG 1: TỔNG QUAN ĐỀ TÀI) | content_summary.md (- LỜI CẢM ƠN) | content_summary.md (- LỜI NÓI ĐẦU) | content_summary.md (- BÁO CÁO THỰC TẬP TỐT NGHIỆP) | content_summary.md (- Chương 1: > Page 10),Đúng,Đúng,Đúng,1.0,Không,None,Đạt kỳ vọng theo bộ từ khóa chuẩn.,Không cần fix.,585.98
B300-SUM-007,Base 300,docx_01_thu_vien_so.docx,DOCX,Base 300,"Tóm tắt ngắn file ""docx_01_thu_vien_so.docx"" trong 3 ý.","Tóm tắt có các ý chính: muc, tieu, quy, trinh","Tài liệu ""docx_01_thu_vien_so.docx"" có các ý chính: - Tóm tắt nhanh - Mục tiêu - Quy trình vận hành - Rủi ro cần lưu ý - Bảng ghi chú triển khai.","docx_01_thu_vien_so.docx (trang 1) | docx_01_thu_vien_so.docx (trang 1, Tóm tắt nhanh) | docx_01_thu_vien_so.docx (trang 1, Mục tiêu) | docx_01_thu_vien_so.docx (trang 1, Rủi ro cần lưu ý) | docx_01_thu_vien_so.docx (trang 1, Bảng ghi chú triển khai)",Đúng,Đúng,Đúng,1.0,Không,None,Đạt kỳ vọng theo bộ từ khóa chuẩn.,Không cần fix.,684.19
B300-SUM-008,Base 300,docx_02_ca_phe_sach.docx,DOCX,Base 300,"Tóm tắt ngắn file ""docx_02_ca_phe_sach.docx"" trong 3 ý.","Tóm tắt có các ý chính: quan, ghi, chu, nguyen","Tài liệu ""docx_02_ca_phe_sach.docx"" có các ý chính: - Tóm tắt nhanh - Nguyên liệu - Phục vụ - Kiểm soát chất lượng - Bảng ghi chú triển khai.","docx_02_ca_phe_sach.docx (trang 1, Tóm tắt nhanh) | docx_02_ca_phe_sach.docx (trang 1, Bảng ghi chú triển khai) | docx_02_ca_phe_sach.docx (trang 1, Kết luận) | docx_02_ca_phe_sach.docx (trang 1, Nguyên liệu) | docx_02_ca_phe_sach.docx (trang 1)",Đúng,Đúng,Đúng,1.0,Không,None,Đạt kỳ vọng theo bộ từ khóa chuẩn.,Không cần fix.,1280.64
B300-SUM-009,Base 300,file_excel_mau_song_xanh.xlsx,XLSX,Base 300,"Tóm tắt ngắn file ""file_excel_mau_song_xanh.xlsx"" trong 3 ý.","Tóm tắt có các ý chính: chien, dich, used","tài liệu dạng bảng gồm 1 sheet (Du_lieu_chien_dich); các cột chính gồm Ngày, Khu vực, Hoạt động, Người phụ trách, Số người tham gia, Rác tái chế (kg); số dòng dữ liệu đang có khoảng 32. Bạn muốn mình phân tích tiếp theo cột hoặc nhóm dữ liệu nào?","file_excel_mau_song_xanh.xlsx (sheet Du_lieu_chien_dich, A1:L32) | file_excel_mau_song_xanh.xlsx (sheet Du_lieu_chien_dich) | file_excel_mau_song_xanh.xlsx (sheet Tong_quan, A1:H16) | file_excel_mau_song_xanh.xlsx (sheet Tong_quan)",Đúng,Đúng,Đúng,1.0,Không,None,Đạt kỳ vọng theo bộ từ khóa chuẩn.,Không cần fix.,1246.58
B300-SUM-010,Base 300,infographic_mau_an_toan_mang.png,PNG,Base 300,"Tóm tắt ngắn file ""infographic_mau_an_toan_mang.png"" trong 3 ý.","Tóm tắt có các ý chính: infographic, toan, mang, png","Ảnh ""infographic_mau_an_toan_mang.png"" có nội dung chính: INFOGRAPHIC MAU; An toan mang; g cho sinh vien; 1. Mat khau manh; 2. Xac thuc hai lop; Khong dung ngay sinh, so dien thoai.",infographic_mau_an_toan_mang.png (6f8d63eb72674dc2af6c4651b49853ad_infographic_mau_an_toan_mang.png),Đúng,Đúng,Đúng,1.0,Không,None,Đạt kỳ vọng theo bộ từ khóa chuẩn.,Không cần fix.,671.99
B300-SUM-011,Base 300,jpeg_01_ke_hoach_du_lich.jpeg,JPEG,Base 300,"Tóm tắt ngắn file ""jpeg_01_ke_hoach_du_lich.jpeg"" trong 3 ý.","Tóm tắt có các ý chính: lich, ngay, jpeg, hoach","Ảnh ""jpeg_01_ke_hoach_du_lich.jpeg"" có nội dung chính: Ké hoach du lich 2 ngay; Lich trinh nhe nhang cho nhom ban; Ngay 1: tham quan chg dia; Ngay 2: chup anh buoi sáng,; phuong va an toi ven song.; mua qua va ve som..",jpeg_01_ke_hoach_du_lich.jpeg (af1543170da2459e8e35a33eab1b7c94_jpeg_01_ke_hoach_du_lich.jpeg),Đúng,Đúng,Đúng,1.0,Không,None,Đạt kỳ vọng theo bộ từ khóa chuẩn.,Không cần fix.,491.23
B300-SUM-012,Base 300,jpeg_02_bang_an_toan_bep.jpeg,JPEG,Base 300,"Tóm tắt ngắn file ""jpeg_02_bang_an_toan_bep.jpeg"" trong 3 ý.","Tóm tắt có các ý chính: bep, jpeg, bang, toan","Ảnh ""jpeg_02_bang_an_toan_bep.jpeg"" có nội dung chính: Bang nhac an toan bep; Danh cho bep nho trong ky tuc xa; Tat bep ngay sau khi nau xong.; Khong de khan giay gan nguon; nhiet.; Rura dao va cat vao khay rieng..",jpeg_02_bang_an_toan_bep.jpeg (16a69c2060254036ad8ebc0c3ae0f81a_jpeg_02_bang_an_toan_bep.jpeg),Đúng,Đúng,Đúng,1.0,Không,None,Đạt kỳ vọng theo bộ từ khóa chuẩn.,Không cần fix.,292.03
B300-SUM-013,Base 300,jpg_01_infographic_giac_ngu.jpg,JPG,Base 300,"Tóm tắt ngắn file ""jpg_01_infographic_giac_ngu.jpg"" trong 3 ý.","Tóm tắt có các ý chính: 30, jpg, ngu, 8012c82141b74b7eb38bb4f20aa27ea9","Ảnh ""jpg_01_infographic_giac_ngu.jpg"" có nội dung chính: Thoi quen ngu; lanh manh; Mot checklist nho cho buoi toi; Tát man hinh it nhat 30 phut; Giu phong mat, yén tinh va; truoc khi ngu..",jpg_01_infographic_giac_ngu.jpg (8012c82141b74b7eb38bb4f20aa27ea9_jpg_01_infographic_giac_ngu.jpg),Đúng,Đúng,Đúng,1.0,Không,None,Đạt kỳ vọng theo bộ từ khóa chuẩn.,Không cần fix.,377.31
B300-SUM-014,Base 300,jpg_02_so_do_lop_hoc.jpg,JPG,Base 300,"Tóm tắt ngắn file ""jpg_02_so_do_lop_hoc.jpg"" trong 3 ý.","Tóm tắt có các ý chính: jpg, lop, hoc, hoat","Ảnh ""jpg_02_so_do_lop_hoc.jpg"" có nội dung chính: So d6 lop hoc linh hoat; Ggi y b6 tri cho hoat dong nhom; Ban trung tam danh cho thao; G6c yen tinh cho doc tai lieu cá; luan nhanh.; nhan..",jpg_02_so_do_lop_hoc.jpg (5393830183424ded8252273adae05f6d_jpg_02_so_do_lop_hoc.jpg),Đúng,Đúng,Đúng,1.0,Không,None,Đạt kỳ vọng theo bộ từ khóa chuẩn.,Không cần fix.,1280.93
B300-SUM-015,Base 300,ke_hoach_mau_du_lich_da_lat.md,MD,Base 300,"Tóm tắt ngắn file ""ke_hoach_mau_du_lich_da_lat.md"" trong 3 ý.","Tóm tắt có các ý chính: lich, ngay, trinh, hoach","Tài liệu ""ke_hoach_mau_du_lich_da_lat.md"" có các ý chính: - Kế hoạch mẫu: Du lịch Đà Lạt 3 ngày 2 đêm - 1. Mục tiêu chuyến đi - 2. Nguyên tắc lập lịch trình - 3. Lịch trình ngày 1: Đến nơi và làm quen thành phố - 4. Lịch trình ngày 2: Thiên nhiên và trải nghiệm.",ke_hoach_mau_du_lich_da_lat.md (Kế hoạch mẫu: Du lịch Đà Lạt 3 ngày 2 đêm > 1. Mục tiêu chuyến đi) | ke_hoach_mau_du_lich_da_lat.md (Kế hoạch mẫu: Du lịch Đà Lạt 3 ngày 2 đêm > 9. Kết luận) | ke_hoach_mau_du_lich_da_lat.md (Kế hoạch mẫu: Du lịch Đà Lạt 3 ngày 2 đêm) | ke_hoach_mau_du_lich_da_lat.md (Kế hoạch mẫu: Du lịch Đà Lạt 3 ngày 2 đêm > 3. Lịch trình ngày 1: Đến nơi và làm quen thành phố) | ke_hoach_mau_du_lich_da_lat.md (Kế hoạch mẫu: Du lịch Đà Lạt 3 ngày 2 đêm > 8. Rủi ro và phương án xử lý),Đúng,Đúng,Đúng,1.0,Không,None,Đạt kỳ vọng theo bộ từ khóa chuẩn.,Không cần fix.,933.6
B300-SUM-016,Base 300,md_01_workshop_thuyet_trinh.md,MD,Base 300,"Tóm tắt ngắn file ""md_01_workshop_thuyet_trinh.md"" trong 3 ý.","Tóm tắt có các ý chính: trinh, workshop, thuyet, hoach","Tài liệu ""md_01_workshop_thuyet_trinh.md"" có các ý chính: - Mục tiêu - Kế hoạch workshop kỹ năng thuyết trình - Nội dung chính - Lịch trình - Ghi chú.",md_01_workshop_thuyet_trinh.md (Kế hoạch workshop kỹ năng thuyết trình > Mục tiêu) | md_01_workshop_thuyet_trinh.md (Kế hoạch workshop kỹ năng thuyết trình > Lịch trình) | md_01_workshop_thuyet_trinh.md (Kế hoạch workshop kỹ năng thuyết trình > Ghi chú) | md_01_workshop_thuyet_trinh.md (Kế hoạch workshop kỹ năng thuyết trình > Nội dung chính),Đúng,Đúng,Đúng,1.0,Không,None,Đạt kỳ vọng theo bộ từ khóa chuẩn.,Không cần fix.,820.6
B300-SUM-017,Base 300,md_02_app_chi_tieu.md,MD,Base 300,"Tóm tắt ngắn file ""md_02_app_chi_tieu.md"" trong 3 ý.","Tóm tắt có các ý chính: tuong, ung, quan, chi","Tài liệu ""md_02_app_chi_tieu.md"" có các ý chính: - Bối cảnh - Hồ sơ ý tưởng ứng dụng quản lý chi tiêu sinh viên - Tính năng đề xuất - Dữ liệu mẫu - Đánh giá.",md_02_app_chi_tieu.md (Hồ sơ ý tưởng ứng dụng quản lý chi tiêu sinh viên > Bối cảnh) | md_02_app_chi_tieu.md (Hồ sơ ý tưởng ứng dụng quản lý chi tiêu sinh viên > Đánh giá) | md_02_app_chi_tieu.md (Hồ sơ ý tưởng ứng dụng quản lý chi tiêu sinh viên > Tính năng đề xuất) | md_02_app_chi_tieu.md (Hồ sơ ý tưởng ứng dụng quản lý chi tiêu sinh viên > Dữ liệu mẫu),Đúng,Đúng,Đúng,1.0,Không,None,Đạt kỳ vọng theo bộ từ khóa chuẩn.,Không cần fix.,743.04
B300-SUM-018,Base 300,nhat_ky_mau_vuon_rau_do_thi.txt,TXT,Base 300,"Tóm tắt ngắn file ""nhat_ky_mau_vuon_rau_do_thi.txt"" trong 3 ý.","Tóm tắt có các ý chính: muc, ban, theo, txt","Tài liệu ""nhat_ky_mau_vuon_rau_do_thi.txt"" có các ý chính: - NHẬT KÝ MẪU: DỰ ÁN VƯỜN RAU ĐÔ THỊ TRÊN SÂN THƯỢNG - paragraph - 2. MỤC TIÊU CỦA DỰ ÁN - 5. NHỮNG KHÓ KHĂN BAN ĐẦU - 6. KẾT QUẢ SAU MỘT THÁNG.",nhat_ky_mau_vuon_rau_do_thi.txt (NHẬT KÝ MẪU: DỰ ÁN VƯỜN RAU ĐÔ THỊ TRÊN SÂN THƯỢNG) | nhat_ky_mau_vuon_rau_do_thi.txt | nhat_ky_mau_vuon_rau_do_thi.txt (2. MỤC TIÊU CỦA DỰ ÁN) | nhat_ky_mau_vuon_rau_do_thi.txt (9. KẾT LUẬN) | nhat_ky_mau_vuon_rau_do_thi.txt (5. NHỮNG KHÓ KHĂN BAN ĐẦU),Đúng,Đúng,Đúng,1.0,Không,None,Đạt kỳ vọng theo bộ từ khóa chuẩn.,Không cần fix.,424.77
B300-SUM-019,Base 300,noi_dung_mau_thanh_pho_xanh.pdf,PDF,Base 300,"Tóm tắt ngắn file ""noi_dung_mau_thanh_pho_xanh.pdf"" trong 3 ý.","Tóm tắt có các ý chính: 2030, pdf, dong, thanh","Ảnh ""noi_dung_mau_thanh_pho_xanh.pdf"" có nội dung chính: Hoạt động nổi bật; Hành trình Thành phố Xanh 2030; Một bộ nội dung mẫu ngẫu nhiên về lối sống bền vững, công nghệ và cộng đồng.; Tài liệu PDF mẫu này có nội dung ngẫu nhiên, dùng để kiểm tra khả năng hiển thị văn; bản, bảng và bố cục cơ bản trong một file PDF.; Bối cảnh.",noi_dung_mau_thanh_pho_xanh.pdf (trang 1),Đúng,Đúng,Đúng,1.0,Không,None,Đạt kỳ vọng theo bộ từ khóa chuẩn.,Không cần fix.,671.14
B300-SUM-020,Base 300,pdf_01_nang_luong_mat_troi.pdf,PDF,Base 300,"Tóm tắt ngắn file ""pdf_01_nang_luong_mat_troi.pdf"" trong 3 ý.","Tóm tắt có các ý chính: dien, mat, troi, nang","Tài liệu ""pdf_01_nang_luong_mat_troi.pdf"" có các ý chính: - Tránh khu vực bị che bởi cây lớn. - Báo cáo ngắn về điện mặt trời hộ gia đình - Tài liệu trình bày lợi ích, cách ước tính chi phí và các lưu ý khi lắp đặt điện mặt trời cho nhà ở đô thị. - Lợi ích chính - Điện mặt trời giúp giảm hóa đơn điện, tận dụng mái nhà và tạo nguồn năng lượng sạch. Hiệu quả.",pdf_01_nang_luong_mat_troi.pdf (trang 1),Đúng,Đúng,Đúng,1.0,Không,None,Đạt kỳ vọng theo bộ từ khóa chuẩn.,Không cần fix.,866.84
B300-SUM-021,Base 300,pdf_02_an_toan_du_lieu.pdf,PDF,Base 300,"Tóm tắt ngắn file ""pdf_02_an_toan_du_lieu.pdf"" trong 3 ý.","Tóm tắt có các ý chính: mat, khau, pdf, toan","Tài liệu ""pdf_02_an_toan_du_lieu.pdf"" có các ý chính: - Chỉ cấp quyền cho đúng người. - Hướng dẫn an toàn dữ liệu cá nhân - Tài liệu hướng dẫn thói quen bảo vệ dữ liệu cá nhân khi sử dụng ứng dụng học tập, email và lưu trữ - đám mây. - Mật khẩu.",pdf_02_an_toan_du_lieu.pdf (trang 1),Đúng,Đúng,Đúng,1.0,Không,None,Đạt kỳ vọng theo bộ từ khóa chuẩn.,Không cần fix.,469.47
B300-SUM-022,Base 300,pdf_page_index.md,MD,Base 300,"Tóm tắt ngắn file ""pdf_page_index.md"" trong 3 ý.","Tóm tắt có các ý chính: first, non, empty, lines","Tài liệu ""pdf_page_index.md"" có các ý chính: - Chương 1 - VIỆN CÔNG NGHỆ THÔNG TIN, ĐIỆN, ĐIỆN TỬ - First 3 non-empty lines - 3Giai đoạn bùng nổ - Ứng dụng của xử lý ảnh.","pdf_page_index.md (First 3 non-empty lines:) | pdf_page_index.md (- Chương 1:) | pdf_page_index.md (- VIỆN CÔNG NGHỆ THÔNG TIN, ĐIỆN, ĐIỆN TỬ > Page 2) | pdf_page_index.md (First 3 non-empty lines: > Page 8) | pdf_page_index.md (First 3 non-empty lines: > Page 10)",Đúng,Đúng,Đúng,1.0,Không,None,Đạt kỳ vọng theo bộ từ khóa chuẩn.,Không cần fix.,449.23
B300-SUM-023,Base 300,png_01_ban_do_y_tuong.png,PNG,Base 300,"Tóm tắt ngắn file ""png_01_ban_do_y_tuong.png"" trong 3 ý.","Tóm tắt có các ý chính: png, ban, tuong, hoc","Ảnh ""png_01_ban_do_y_tuong.png"" có nội dung chính: Ban do y tuong; g hoc nhom; Tap trung - chia viéc - phan hoi; Xac dinh muc tiéu buoi hoc va; Chia vai tro: nguoi tom tat,; tai lieu can doc truoc..",png_01_ban_do_y_tuong.png (da2dab99728f47558f2b62326de763f8_png_01_ban_do_y_tuong.png),Đúng,Đúng,Đúng,1.0,Không,None,Đạt kỳ vọng theo bộ từ khóa chuẩn.,Không cần fix.,256.24
B300-SUM-024,Base 300,png_02_quy_trinh_giao_hang.png,PNG,Base 300,"Tóm tắt ngắn file ""png_02_quy_trinh_giao_hang.png"" trong 3 ý.","Tóm tắt có các ý chính: hang, nhan, don, png","Ảnh ""png_02_quy_trinh_giao_hang.png"" có nội dung chính: Quy trinh giao hang noi bo; Tu nhan don den xac nhan hoan tat; Nhan don tur he thong va kiem; Dong g6i hang theo ma don,; tra dja chi.; dan nhan ro rang..",png_02_quy_trinh_giao_hang.png (d9b451f71253409cb4b43901b422bcc6_png_02_quy_trinh_giao_hang.png),Đúng,Đúng,Đúng,1.0,Không,None,Đạt kỳ vọng theo bộ từ khóa chuẩn.,Không cần fix.,307.01
B300-SUM-025,Base 300,poster_mau_nang_luong_tai_tao.jpg,JPG,Base 300,"Tóm tắt ngắn file ""poster_mau_nang_luong_tai_tao.jpg"" trong 3 ý.","Tóm tắt có các ý chính: poster, tao, luong, jpg","Ảnh ""poster_mau_nang_luong_tai_tao.jpg"" có nội dung chính: POSTER MAU; Nang; g luong tai tao trong doi sd; Noi dung khac voi PNG va PDF, trinh bay theo dang poster JPG.; Dien mat troi; Phu hop mái nha, truong hoc va nha xuong. Hé thong giup tao dién vao ban.",poster_mau_nang_luong_tai_tao.jpg (542799e0036a49f8a9f537634345ae76_poster_mau_nang_luong_tai_tao.jpg),Đúng,Đúng,Đúng,1.0,Không,None,Đạt kỳ vọng theo bộ từ khóa chuẩn.,Không cần fix.,273.17
B300-SUM-026,Base 300,pptx_01_du_lich_can_tho.pptx,PPTX,Base 300,"Tóm tắt ngắn file ""pptx_01_du_lich_can_tho.pptx"" trong 3 ý.","Tóm tắt có các ý chính: 11, 17, 14, blocks","Tài liệu ""pptx_01_du_lich_can_tho.pptx"" có các ý chính: - Lịch trình Cần Thơ cuối tuần - Gợi ý 2 ngày 1 đêm cho nhóm bạn nhỏ - Mục tiêu chuyến đi - Đi nhẹ, ăn ngon, chụp ảnh đẹp và không dồn lịch quá dày. Kế hoạch ưu tiên trải nghiệm địa phương, di chuyển ngắn và có thời gian nghỉ. - 2 ngày.",pptx_01_du_lich_can_tho.pptx (slide 1) | pptx_01_du_lich_can_tho.pptx (slide 5) | pptx_01_du_lich_can_tho.pptx (slide 4) | pptx_01_du_lich_can_tho.pptx (slide 2) | pptx_01_du_lich_can_tho.pptx (slide 3),Đúng,Đúng,Một phần,0.5,Không,Medium,Đạt kỳ vọng theo bộ từ khóa chuẩn.,Tinh chỉnh citation selection và reranking để nguồn trả về sát hơn.,1177.59
B300-SUM-027,Base 300,pptx_02_trong_cay_truong_hoc.pptx,PPTX,Base 300,"Tóm tắt ngắn file ""pptx_02_trong_cay_truong_hoc.pptx"" trong 3 ý.","Tóm tắt có các ý chính: 10, 14, blocks, 17","Tài liệu ""pptx_02_trong_cay_truong_hoc.pptx"" có các ý chính: - Chiến dịch trồng cây trường học - Kế hoạch 4 tuần cho khuôn viên xanh hơn - Ý tưởng chính - Chiến dịch kết hợp giáo dục môi trường, hoạt động nhóm và theo dõi cây sau khi trồng. Mục tiêu không chỉ là trồng nhiều cây mà còn duy trì cây sống tốt. - Xanh hơn.",pptx_02_trong_cay_truong_hoc.pptx (slide 1) | pptx_02_trong_cay_truong_hoc.pptx (slide 5) | pptx_02_trong_cay_truong_hoc.pptx (slide 3) | pptx_02_trong_cay_truong_hoc.pptx (slide 4) | pptx_02_trong_cay_truong_hoc.pptx (slide 2),Đúng,Đúng,Một phần,0.5,Không,Medium,Đạt kỳ vọng theo bộ từ khóa chuẩn.,Tinh chỉnh citation selection và reranking để nguồn trả về sát hơn.,460.37
B300-SUM-028,Base 300,RETRIEVAL_TESTING_QUESTION_SET.md,MD,Base 300,"Tóm tắt ngắn file ""RETRIEVAL_TESTING_QUESTION_SET.md"" trong 3 ý.","Tóm tắt có các ý chính: retrieval, testing, pham, test","Tài liệu ""RETRIEVAL_TESTING_QUESTION_SET.md"" có các ý chính: - 1) Pham vi bo test - RETRIEVAL TESTING - BO CAU HOI KIEM THU THUC TE - Muc tieu - Voi moi cau hoi - 4. Xac dinh vi tri tài liệu dung trong Top-3.",RETRIEVAL_TESTING_QUESTION_SET.md (5. Danh dau ket qua: > 3) Bang Retrieval Testing + Bo cau hoi) | RETRIEVAL_TESTING_QUESTION_SET.md (5. Danh dau ket qua: > 4) Nhom cau hoi fallback (ngoai pham vi) de test chong hallucination) | RETRIEVAL_TESTING_QUESTION_SET.md (RETRIEVAL TESTING - BO CAU HOI KIEM THU THUC TE > 1) Pham vi bo test) | RETRIEVAL_TESTING_QUESTION_SET.md (Muc tieu:) | RETRIEVAL_TESTING_QUESTION_SET.md (Voi moi cau hoi:),Đúng,Đúng,Đúng,1.0,Không,None,Đạt kỳ vọng theo bộ từ khóa chuẩn.,Không cần fix.,537.84
B300-SUM-029,Base 300,storyboard_mau_suc_khoe_hoc_duong.jpeg,JPEG,Base 300,"Tóm tắt ngắn file ""storyboard_mau_suc_khoe_hoc_duong.jpeg"" trong 3 ý.","Tóm tắt có các ý chính: hoc, storyboard, khoe, duong","Ảnh ""storyboard_mau_suc_khoe_hoc_duong.jpeg"" có nội dung chính: MAu: Surc khoe hoc duong; STORYBOARD; Anh JPEG c6 noi dung riéng, mo ta 6 canh truyén thong ngan.; Canh 1; Canh 2; Canh 3.",storyboard_mau_suc_khoe_hoc_duong.jpeg (a9ace2ff83464a59a43f6c683aac0c5f_storyboard_mau_suc_khoe_hoc_duong.jpeg),Đúng,Đúng,Đúng,1.0,Không,None,Đạt kỳ vọng theo bộ từ khóa chuẩn.,Không cần fix.,310.12
B300-SUM-030,Base 300,Test docx.docx,DOCX,Base 300,"Tóm tắt ngắn file ""Test docx.docx"" trong 3 ý.","Tóm tắt có các ý chính: vien, thuc, van, cong","Tài liệu ""Test docx.docx"" có các ý chính: - BÁO CÁO THỰC TẬP TỐT NGHIỆP - LỜI CẢM ƠN - NHẬN XÉT CỦA GIẢNG VIÊN - 1.1. Đặt vấn đề - Có ba đặc thù quan trọng.","Test docx.docx (trang 2) | Test docx.docx (trang 3) | Test docx.docx (trang 34, 4.6. Đóng gói và triển khai hệ thống) | Test docx.docx (trang 32, 4.4.2. Quy trình kiểm soát và tổng hợp nội dung) | Test docx.docx (trang 24)",Đúng,Đúng,Đúng,1.0,Không,None,Đạt kỳ vọng theo bộ từ khóa chuẩn.,Không cần fix.,594.13
B300-SUM-031,Base 300,Test jpeg.jpeg,JPEG,Base 300,"Tóm tắt ngắn file ""Test jpeg.jpeg"" trong 3 ý.","Tóm tắt có các ý chính: 2026, jpeg, thu, trieu","Ảnh ""Test jpeg.jpeg"" có nội dung chính: BAO CAO D0ANH THU THANG05/2026; Monthly Sales Summary; Doanh thu theo tuan (trieu dong); Trieu dong; Tuan 1; Tuan 2.",Test jpeg.jpeg (b8f8ee50acbd45bf99da91f58570d763_Test jpeg.jpeg),Đúng,Đúng,Đúng,1.0,Không,None,Đạt kỳ vọng theo bộ từ khóa chuẩn.,Không cần fix.,345.05
B300-SUM-032,Base 300,Test JPG.jpg,JPG,Base 300,"Tóm tắt ngắn file ""Test JPG.jpg"" trong 3 ý.","Tóm tắt có các ý chính: 01, test, jpg, ocr","Ảnh ""Test JPG.jpg"" có nội dung chính: AI DOCUMENT CHAT - OCR TEST PAGE; Tai lieu kiem thu so 01; Muc tieu; Kiem tra kha nang nhan dien van ban tieng Viet va tieng Anh; Kiem tra trich xuat bang, ngay thang, email va so dien thoai; Kiem tra chunking va metadata co ban.",Test JPG.jpg (cb467cc5db3c48429e68a3e690bb161b_Test JPG.jpg),Đúng,Đúng,Đúng,1.0,Không,None,Đạt kỳ vọng theo bộ từ khóa chuẩn.,Không cần fix.,298.45
B300-SUM-033,Base 300,Test md.md,MD,Base 300,"Tóm tắt ngắn file ""Test md.md"" trong 3 ý.","Tóm tắt có các ý chính: muc, tieu, tri, tue","Tài liệu ""Test md.md"" có các ý chính: - Trí tuệ nhân tạo trong hệ thống hỏi đáp tài liệu - Mục lục - 1. Giới thiệu chung - 1.1. Mục tiêu của hệ thống - Các mục tiêu cụ thể gồm.",Test md.md (Phụ lục A. Bộ câu hỏi kiểm thử mẫu) | Test md.md (Phụ lục C. Đoạn văn bản dài để kiểm thử chunking) | Test md.md (1. Giới thiệu chung > 1.1. Mục tiêu của hệ thống) | Test md.md (Trí tuệ nhân tạo trong hệ thống hỏi đáp tài liệu > Mục lục) | Test md.md (1. Giới thiệu chung),Đúng,Đúng,Đúng,1.0,Không,None,Đạt kỳ vọng theo bộ từ khóa chuẩn.,Không cần fix.,375.7
B300-SUM-034,Base 300,Test pdf scan.pdf,PDF,Base 300,"Tóm tắt ngắn file ""Test pdf scan.pdf"" trong 3 ý.","Tóm tắt có các ý chính: pdf, e4eee1144064466092a3e26cce305d0b, test, scan","Tài liệu ""Test pdf scan.pdf"" có các ý chính: - Hình 1 - OCR From Images - TreViet Nam - Bao bung than boc lay than - Tay om, tay niu tre gan nhau them.",Test pdf scan.pdf (trang 3),Đúng,Đúng,Đúng,1.0,Không,None,Đạt kỳ vọng theo bộ từ khóa chuẩn.,Không cần fix.,521.99
B300-SUM-035,Base 300,Test pdf.pdf,PDF,Base 300,"Tóm tắt ngắn file ""Test pdf.pdf"" trong 3 ý.","Tóm tắt có các ý chính: 1950, 1960, 1970, pdf","Tài liệu ""Test pdf.pdf"" có các ý chính: - paragraph - ● Những năm 1950-1960: ● Những năm 1970-1980: ● Những năm 2000 trở đi - Ưu điểm Nhược điểm - 1. Biến đổi không gian: 3. Phân đoạn - trình (C++, Python, Java,...).",Test pdf.pdf (trang 7) | Test pdf.pdf (trang 10) | Test pdf.pdf (trang 8) | Test pdf.pdf (trang 4) | Test pdf.pdf (trang 3),Đúng,Đúng,Đúng,1.0,Không,None,Đạt kỳ vọng theo bộ từ khóa chuẩn.,Không cần fix.,432.29
B300-SUM-036,Base 300,Test PNG.png,PNG,Base 300,"Tóm tắt ngắn file ""Test PNG.png"" trong 3 ý.","Tóm tắt có các ý chính: 07:00, 22:00, 20, png","Ảnh ""Test PNG.png"" có nội dung chính: QUAN CA PHE MAY; OPEN 07:00 - 22:00; Scan QR; de thanh toan; Khuyen mai 20% cho sinh vien; Wi-Fi: MayCoffee_Free.",Test PNG.png (b82666e7786846928e815761b567733d_Test PNG.png),Đúng,Đúng,Đúng,1.0,Không,None,Đạt kỳ vọng theo bộ từ khóa chuẩn.,Không cần fix.,246.58
B300-SUM-037,Base 300,Test pptx.pptx,PPTX,Base 300,"Tóm tắt ngắn file ""Test pptx.pptx"" trong 3 ý.","Tóm tắt có các ý chính: blocks, 企業実習評価表のコメント, オフィス業務, 主な授業内容","Tài liệu ""Test pptx.pptx"" có các ý chính: - オフィス業務 - 主な授業内容 - ＜授業の目的＞ - 企業実習評価表のコメント - 日本人は、 どんな人と一緒に仕事がしたいと 考えていると思いますか？.","Test pptx.pptx (slide 14, 日本人は、どんな人と一緒に仕事がしたいと考えていますか？) | Test pptx.pptx (slide 2, 主な授業内容) | Test pptx.pptx (slide 1, オフィス業務) | Test pptx.pptx (slide 40) | Test pptx.pptx (slide 8, ＜授業の目的＞)",Đúng,Đúng,Đúng,1.0,Không,None,Đạt kỳ vọng theo bộ từ khóa chuẩn.,Không cần fix.,505.39
B300-SUM-038,Base 300,test txt.txt,TXT,Base 300,"Tóm tắt ngắn file ""test txt.txt"" trong 3 ý.","Tóm tắt có các ý chính: lich, sinh, thai, diem","Tài liệu ""test txt.txt"" có các ý chính: - DU LỊCH SINH THÁI Ở VIỆT NAM - 2. ĐẶC ĐIỂM CỦA DU LỊCH SINH THÁI - 3. MỘT SỐ ĐỊA ĐIỂM DU LỊCH SINH THÁI NỔI BẬT - paragraph - 5. THÁCH THỨC TRONG PHÁT TRIỂN DU LỊCH SINH THÁI.",test txt.txt (3. MỘT SỐ ĐỊA ĐIỂM DU LỊCH SINH THÁI NỔI BẬT) | test txt.txt (DU LỊCH SINH THÁI Ở VIỆT NAM) | test txt.txt | test txt.txt (9. CÂU HỎI KIỂM THỬ MẪU) | test txt.txt (10. KẾT LUẬN),Đúng,Đúng,Đúng,1.0,Không,None,Đạt kỳ vọng theo bộ từ khóa chuẩn.,Không cần fix.,561.73
B300-SUM-039,Base 300,Test xlsx.xlsx,XLSX,Base 300,"Tóm tắt ngắn file ""Test xlsx.xlsx"" trong 3 ý.","Tóm tắt có các ý chính: 10, 11, 12, sheet4","tài liệu dạng bảng gồm 2 sheet (Sheet4, Sheet2); các cột chính gồm No., 受験番号, 氏名, 性別, 学科名, 日本語; số dòng dữ liệu đang có khoảng 35. Bạn muốn mình phân tích tiếp theo cột hoặc nhóm dữ liệu nào?","Test xlsx.xlsx (sheet Sheet1, A1:Z1000) | Test xlsx.xlsx (sheet Sheet2, A1:Z1000) | Test xlsx.xlsx (sheet Sheet4, A1:Z1000) | Test xlsx.xlsx (sheet Sheet2) | Test xlsx.xlsx (sheet Sheet4)",Đúng,Đúng,Một phần,0.5,Không,Medium,Đạt kỳ vọng theo bộ từ khóa chuẩn.,Tinh chỉnh citation selection và reranking để nguồn trả về sát hơn.,491.47
B300-SUM-040,Base 300,txt_01_nhat_ky_vuon_rau.txt,TXT,Base 300,"Tóm tắt ngắn file ""txt_01_nhat_ky_vuon_rau.txt"" trong 3 ý.","Tóm tắt có các ý chính: 05, 2026, rau, ban","Tài liệu ""txt_01_nhat_ky_vuon_rau.txt"" có các ý chính: - NHẬT KÝ VƯỜN RAU BAN CÔNG - paragraph - Ngày bắt đầu: 05/05/2026 - Mục tiêu của vườn rau là tạo một góc xanh nhỏ trên ban công, có thể trồng rau ăn lá, vài cây gia vị và một số chậu hoa đuổi côn trùng. Diện tích chỉ khoảng 3 mét vuông nên cách... - Kế hoạch tuần đầu gồm vệ sinh ban công, mua đất sạch, chọn chậu có lỗ thoát nước và gieo thử cải xanh, húng quế, xà lách. Mỗi sáng tưới nhẹ một lần, buổi chiều kiểm tra độ ẩm bằ...",txt_01_nhat_ky_vuon_rau.txt (NHẬT KÝ VƯỜN RAU BAN CÔNG) | txt_01_nhat_ky_vuon_rau.txt,Đúng,Đúng,Đúng,1.0,Không,None,Đạt kỳ vọng theo bộ từ khóa chuẩn.,Không cần fix.,310.27
B300-SUM-041,Base 300,txt_02_ke_hoach_clb_sach.txt,TXT,Base 300,"Tóm tắt ngắn file ""txt_02_ke_hoach_clb_sach.txt"" trong 3 ý.","Tóm tắt có các ý chính: 30, doc, sach, buoi","Tài liệu ""txt_02_ke_hoach_clb_sach.txt"" có các ý chính: - KẾ HOẠCH CÂU LẠC BỘ ĐỌC SÁCH THÁNG 6 - paragraph - Câu lạc bộ đặt mục tiêu duy trì thói quen đọc đều đặn, chia sẻ cảm nhận ngắn gọn và khuyến khích thành viên mới tham gia. Chủ đề tháng 6 là “kỹ năng học tập và tư duy phản biện”... - Lịch hoạt động gồm ba buổi chính. Buổi 1 giới thiệu sách và chia nhóm. Buổi 2 thảo luận các ý tưởng nổi bật, liên hệ với việc học đại học. Buổi 3 tổng kết, bình chọn phần chia s... - Quy tắc tham gia.",txt_02_ke_hoach_clb_sach.txt (KẾ HOẠCH CÂU LẠC BỘ ĐỌC SÁCH THÁNG 6) | txt_02_ke_hoach_clb_sach.txt,Đúng,Đúng,Đúng,1.0,Không,None,Đạt kỳ vọng theo bộ từ khóa chuẩn.,Không cần fix.,298.21
B300-SUM-042,Base 300,xlsx_01_bao_cao_doanh_thu.xlsx,XLSX,Base 300,"Tóm tắt ngắn file ""xlsx_01_bao_cao_doanh_thu.xlsx"" trong 3 ý.","Tóm tắt có các ý chính: doanh, thu, used, kpi","tài liệu dạng bảng gồm 2 sheet (Doanh thu, KPI); các cột chính gồm Tháng, Sản phẩm A, Sản phẩm B, Dịch vụ, Tổng, Ghi chú; số dòng dữ liệu đang có khoảng 7. Bạn muốn mình phân tích tiếp theo cột hoặc nhóm dữ liệu nào?","xlsx_01_bao_cao_doanh_thu.xlsx (sheet Doanh thu, A1:F7) | xlsx_01_bao_cao_doanh_thu.xlsx (sheet Doanh thu) | xlsx_01_bao_cao_doanh_thu.xlsx (sheet KPI, A1:D6) | xlsx_01_bao_cao_doanh_thu.xlsx (sheet KPI)",Đúng,Đúng,Đúng,1.0,Không,None,Đạt kỳ vọng theo bộ từ khóa chuẩn.,Không cần fix.,461.01
B300-SUM-043,Base 300,xlsx_02_ke_hoach_hoc_tap.xlsx,XLSX,Base 300,"Tóm tắt ngắn file ""xlsx_02_ke_hoach_hoc_tap.xlsx"" trong 3 ý.","Tóm tắt có các ý chính: hoach, hoc, tap, used","tài liệu dạng bảng gồm 2 sheet (Ke hoach hoc tap, Tai nguyen); các cột chính gồm Tuần, Môn học, Mục tiêu, Giờ dự kiến, Giờ thực tế, Tỷ lệ hoàn thành; số dòng dữ liệu đang có khoảng 7. Bạn muốn mình phân tích tiếp theo cột hoặc nhóm dữ liệu nào?","xlsx_02_ke_hoach_hoc_tap.xlsx (sheet Ke hoach hoc tap, A1:F7) | xlsx_02_ke_hoach_hoc_tap.xlsx (sheet Tai nguyen, A1:D7) | xlsx_02_ke_hoach_hoc_tap.xlsx (sheet Ke hoach hoc tap) | xlsx_02_ke_hoach_hoc_tap.xlsx (sheet Tai nguyen)",Đúng,Đúng,Đúng,1.0,Không,None,Đạt kỳ vọng theo bộ từ khóa chuẩn.,Không cần fix.,277.74
B300-SUM-044,Base 300,Test docx.docx,DOCX,Base 300,"Tổng hợp các nội dung chính và điểm đáng chú ý trong ""Test docx.docx"".","Tổng hợp đúng các ý liên quan: vien, thuc, van, cong, nghe","Ảnh ""Test docx.docx"" có nội dung chính: BÁO CÁO THỰC TẬP TỐT NGHIỆP; LỜI CẢM ƠN; NHẬN XÉT CỦA GIẢNG VIÊN; 1.1. Đặt vấn đề; Có ba đặc thù quan trọng; 1.2. Mục tiêu.","Test docx.docx (trang 27) | Test docx.docx (trang 3) | Test docx.docx (trang 30) | Test docx.docx (trang 41, 6.2. Hạn chế) | Test docx.docx (trang 42, 6.3. Hướng phát triển)",Đúng,Đúng,Đúng,1.0,Không,None,Đạt kỳ vọng theo bộ từ khóa chuẩn.,Không cần fix.,594.32
B300-SUM-045,Base 300,content_summary.md,MD,Base 300,"Tổng hợp các nội dung chính và điểm đáng chú ý trong ""content_summary.md"".","Tổng hợp đúng các ý liên quan: 084205002647, test, jpg, png, docx","Ảnh ""content_summary.md"" có nội dung chính: BÁO CÁO THỰC TẬP TỐT NGHIỆP; MSSV:084205002647; TÓM TẮT; LỜI NÓI ĐẦU; LỜI CẢM ƠN; NHẬN XÉT CỦA GIẢNG VIÊN.",content_summary.md (- CHƯƠNG 1: TỔNG QUAN ĐỀ TÀI) | content_summary.md (- LỜI CẢM ƠN) | content_summary.md (- LỜI NÓI ĐẦU) | content_summary.md (- BÁO CÁO THỰC TẬP TỐT NGHIỆP) | content_summary.md (- Chương 1: > Page 8),Đúng,Đúng,Đúng,1.0,Không,None,Đạt kỳ vọng theo bộ từ khóa chuẩn.,Không cần fix.,387.14
B300-SUM-046,Base 300,Test md.md,MD,Base 300,"Tổng hợp các nội dung chính và điểm đáng chú ý trong ""Test md.md"".","Tổng hợp đúng các ý liên quan: muc, tieu, tri, tue, nhan","Ảnh ""Test md.md"" có nội dung chính: Trí tuệ nhân tạo trong hệ thống hỏi đáp tài liệu; Mục lục; 1. Giới thiệu chung; 1.1. Mục tiêu của hệ thống; Các mục tiêu cụ thể gồm; 1.2. Ý nghĩa thực tiễn.",Test md.md (2. Bối cảnh phát triển AI Document Chat) | Test md.md (1. Giới thiệu chung) | Test md.md (3. Kiến trúc tổng thể của hệ thống) | Test md.md (10. Kết luận và hướng phát triển) | Test md.md (Các mục tiêu cụ thể gồm: > 1.2. Ý nghĩa thực tiễn),Đúng,Đúng,Đúng,1.0,Không,None,Đạt kỳ vọng theo bộ từ khóa chuẩn.,Không cần fix.,463.66
B300-SUM-047,Base 300,Test xlsx.xlsx,XLSX,Base 300,"Tổng hợp các nội dung chính và điểm đáng chú ý trong ""Test xlsx.xlsx"".","Tổng hợp đúng các ý liên quan: 10, 11, 12, sheet4, used","tài liệu dạng bảng gồm 2 sheet (Sheet4, Sheet2); các cột chính gồm No., 受験番号, 氏名, 性別, 学科名, 日本語; số dòng dữ liệu đang có khoảng 35. Bạn muốn mình phân tích tiếp theo cột hoặc nhóm dữ liệu nào?","Test xlsx.xlsx (sheet Sheet1, A1:Z1000) | Test xlsx.xlsx (sheet Sheet2, A1:Z1000) | Test xlsx.xlsx (sheet Sheet4, A1:Z1000) | Test xlsx.xlsx (sheet Sheet2) | Test xlsx.xlsx (sheet Sheet4)",Đúng,Đúng,Một phần,0.5,Không,Medium,Đạt kỳ vọng theo bộ từ khóa chuẩn.,Tinh chỉnh citation selection và reranking để nguồn trả về sát hơn.,510.63
B300-SUM-048,Base 300,pdf_page_index.md,MD,Base 300,"Tổng hợp các nội dung chính và điểm đáng chú ý trong ""pdf_page_index.md"".","Tổng hợp đúng các ý liên quan: first, non, empty, lines, pdf","Ảnh ""pdf_page_index.md"" có nội dung chính: Chương 1; VIỆN CÔNG NGHỆ THÔNG TIN, ĐIỆN, ĐIỆN TỬ; First 3 non-empty lines; 3Giai đoạn bùng nổ; Ứng dụng của xử lý ảnh; 1. Biến đổi không gian.","pdf_page_index.md (First 3 non-empty lines:) | pdf_page_index.md (- Chương 1:) | pdf_page_index.md (- Lựa chọn sử dụng thư viện:) | pdf_page_index.md (- VIỆN CÔNG NGHỆ THÔNG TIN, ĐIỆN, ĐIỆN TỬ > Page 2) | pdf_page_index.md (- Ứng dụng của xử lý ảnh: > Page 12)",Đúng,Đúng,Đúng,1.0,Không,None,Đạt kỳ vọng theo bộ từ khóa chuẩn.,Không cần fix.,354.44
B300-SUM-049,Base 300,Test pptx.pptx,PPTX,Base 300,"Tổng hợp các nội dung chính và điểm đáng chú ý trong ""Test pptx.pptx"".","Tổng hợp đúng các ý liên quan: blocks, 企業実習評価表のコメント, オフィス業務, 主な授業内容, 授業の目的","Ảnh ""Test pptx.pptx"" có nội dung chính: オフィス業務; 主な授業内容; ＜授業の目的＞; 企業実習評価表のコメント; 日本人は、 どんな人と一緒に仕事がしたいと 考えていると思いますか？; 日本人は、 どんな人と一緒に仕事がしたいと 考えていますか？.","Test pptx.pptx (slide 14, 日本人は、どんな人と一緒に仕事がしたいと考えていますか？) | Test pptx.pptx (slide 13, 日本人は、どんな人と一緒に仕事がしたいと考えていると思いますか？) | Test pptx.pptx (slide 8, ＜授業の目的＞) | Test pptx.pptx (slide 1, オフィス業務) | Test pptx.pptx (slide 2, 主な授業内容)",Đúng,Đúng,Đúng,1.0,Không,None,Đạt kỳ vọng theo bộ từ khóa chuẩn.,Không cần fix.,329.73
B300-SUM-050,Base 300,file_excel_mau_song_xanh.xlsx,XLSX,Base 300,"Tổng hợp các nội dung chính và điểm đáng chú ý trong ""file_excel_mau_song_xanh.xlsx"".","Tổng hợp đúng các ý liên quan: chien, dich, used","tài liệu dạng bảng gồm 1 sheet (Du_lieu_chien_dich); các cột chính gồm Ngày, Khu vực, Hoạt động, Người phụ trách, Số người tham gia, Rác tái chế (kg); số dòng dữ liệu đang có khoảng 32. Bạn muốn mình phân tích tiếp theo cột hoặc nhóm dữ liệu nào?","file_excel_mau_song_xanh.xlsx (sheet Du_lieu_chien_dich) | file_excel_mau_song_xanh.xlsx (sheet Du_lieu_chien_dich, A1:L32) | file_excel_mau_song_xanh.xlsx (sheet Tong_quan, A1:H16) | file_excel_mau_song_xanh.xlsx (sheet Tong_quan)",Đúng,Đúng,Đúng,1.0,Không,None,Đạt kỳ vọng theo bộ từ khóa chuẩn.,Không cần fix.,542.09
B300-SUM-051,Base 300,Test pdf.pdf,PDF,Base 300,"Tổng hợp các nội dung chính và điểm đáng chú ý trong ""Test pdf.pdf"".","Tổng hợp đúng các ý liên quan: 1950, 1960, 1970, pdf, nam","Ảnh ""Test pdf.pdf"" có nội dung chính: paragraph; ● Những năm 1950-1960: ● Những năm 1970-1980: ● Những năm 2000 trở đi; Ưu điểm Nhược điểm; 1. Biến đổi không gian: 3. Phân đoạn; trình (C++, Python, Java,...).; Lựa chọn sử dụng thư viện: OpenCV.",Test pdf.pdf (trang 2) | Test pdf.pdf (trang 4) | Test pdf.pdf (trang 1) | Test pdf.pdf (trang 6) | Test pdf.pdf (trang 7),Đúng,Đúng,Đúng,1.0,Không,None,Đạt kỳ vọng theo bộ từ khóa chuẩn.,Không cần fix.,377.94
B300-SUM-052,Base 300,bai_trinh_chieu_mau_thu_vien_thong_minh.pptx,PPTX,Base 300,"Tổng hợp các nội dung chính và điểm đáng chú ý trong ""bai_trinh_chieu_mau_thu_vien_thong_minh.pptx"".","Tổng hợp đúng các ý liên quan: 10, 13, blocks","Ảnh ""bai_trinh_chieu_mau_thu_vien_thong_minh.pptx"" có nội dung chính: BÀI TRÌNH CHIẾU MẪU; Thư viện thông minh; cho trường học hiện đại; LIBRARY; Một bộ slide có nội dung dài vừa phải, chủ đề riêng biệt so với PDF, Markdown và hình ảnh. Dùng để kiểm thử khả năng đọc PPTX, tách nội dung theo slide, nhận diện tiêu đề và xử...; Dữ liệu sách.",bai_trinh_chieu_mau_thu_vien_thong_minh.pptx (slide 1) | bai_trinh_chieu_mau_thu_vien_thong_minh.pptx (slide 2) | bai_trinh_chieu_mau_thu_vien_thong_minh.pptx (slide 7) | bai_trinh_chieu_mau_thu_vien_thong_minh.pptx (slide 5) | bai_trinh_chieu_mau_thu_vien_thong_minh.pptx (slide 3),Đúng,Đúng,Một phần,0.5,Không,Medium,Đạt kỳ vọng theo bộ từ khóa chuẩn.,Tinh chỉnh citation selection và reranking để nguồn trả về sát hơn.,471.83
B300-SUM-053,Base 300,RETRIEVAL_TESTING_QUESTION_SET.md,MD,Base 300,"Tổng hợp các nội dung chính và điểm đáng chú ý trong ""RETRIEVAL_TESTING_QUESTION_SET.md"".","Tổng hợp đúng các ý liên quan: retrieval, testing, pham, test, danh","Ảnh ""RETRIEVAL_TESTING_QUESTION_SET.md"" có nội dung chính: 1) Pham vi bo test; RETRIEVAL TESTING - BO CAU HOI KIEM THU THUC TE; Muc tieu; Voi moi cau hoi; 4. Xac dinh vi tri tài liệu dung trong Top-3; 5. Danh dau ket qua.",RETRIEVAL_TESTING_QUESTION_SET.md (5. Danh dau ket qua: > 3) Bang Retrieval Testing + Bo cau hoi) | RETRIEVAL_TESTING_QUESTION_SET.md (5. Danh dau ket qua: > 4) Nhom cau hoi fallback (ngoai pham vi) de test chong hallucination) | RETRIEVAL_TESTING_QUESTION_SET.md (Muc tieu:) | RETRIEVAL_TESTING_QUESTION_SET.md (RETRIEVAL TESTING - BO CAU HOI KIEM THU THUC TE > 1) Pham vi bo test) | RETRIEVAL_TESTING_QUESTION_SET.md (5. Danh dau ket qua: > 5) Mau ghi ket qua (chuan theo cong thuc Top-1 / Top-3 / MRR)),Đúng,Đúng,Đúng,1.0,Không,None,Đạt kỳ vọng theo bộ từ khóa chuẩn.,Không cần fix.,417.81
B300-SUM-054,Base 300,bao_cao_mau_chuyen_doi_so_giao_duc.pdf,PDF,Base 300,"Tổng hợp các nội dung chính và điểm đáng chú ý trong ""bao_cao_mau_chuyen_doi_so_giao_duc.pdf"".","Tổng hợp đúng các ý liên quan: bao, cao, chuyen, doi, 622ffb96990a4b598a0a7d08c5044369","Ảnh ""bao_cao_mau_chuyen_doi_so_giao_duc.pdf"" có nội dung chính: paragraph; 2. Mục tiêu triển khai; BÁO CÁO MẪU: CHUYỂN ĐỔI SỐ TRONG; GIÁO DỤC; Tài liệu minh họa nội dung dài, có nhiều mục, bảng số liệu giả lập và khuyến nghị triển khai.; 1. Bối cảnh chung.",bao_cao_mau_chuyen_doi_so_giao_duc.pdf (trang 1) | bao_cao_mau_chuyen_doi_so_giao_duc.pdf (trang 2) | bao_cao_mau_chuyen_doi_so_giao_duc.pdf (trang 3) | bao_cao_mau_chuyen_doi_so_giao_duc.pdf (trang 4),Đúng,Đúng,Đúng,1.0,Không,None,Đạt kỳ vọng theo bộ từ khóa chuẩn.,Không cần fix.,338.38
B300-SUM-055,Base 300,AI Document Question Answering System.pptx,PPTX,Base 300,"Tổng hợp các nội dung chính và điểm đáng chú ý trong ""AI Document Question Answering System.pptx"".",Tổng hợp đúng các ý liên quan: blocks,"Ảnh ""AI Document Question Answering System.pptx"" có nội dung chính: TRƯỜNG ĐẠI HỌC GIAO THÔNG VẬN TẢI THÀNH PHỐ HỒ CHÍ MINH; ĐỀ TÀI: AI Document Question Answering System; Giảng viên hướng dẫn: Nguyễn Văn Huy; Sinh viên thực hiện: Huỳnh Ngọc Quang Vinh; Nội dung; [4] bullet/text_box @ x=253943,y=1071627,w=5862388,h=4848225: Giới thiệu đề tài. ### Tóm tắt nhanh - **Vấn đề thực tế** - **Giải pháp đề xuất** - **Kiến trúc tổng thể hệ thống** - **Chức năng chính** - **Pipeline xử lý tài liệu** - **Luồng hỏi đáp AI RAG** ### Bảng tổng hợp | Chủ đề | Điểm chính | |---|---| | Vấn đề thực tế | Nội dung chính trong tài liệu | | Giải pháp đề xuất | Nội dung chính trong tài liệu | | Kiến trúc tổng thể hệ thống | Nội dung chính trong tài liệu | | Chức năng chính | Nội dung chính trong tài liệu | | Pipeline xử lý tài liệu | Nội dung chính trong tài liệu | | Luồng hỏi đáp AI RAG | Nội dung chính trong tài liệu | | Giao diện hệ thống demo | Nội dung chính trong tài liệu | | Kết quả benchmark và Kết luận | Nội dung chính trong tài liệu | ### Sơ đồ tổng quan ```mermaid flowchart TB classDef terminal fill:#0f766e,stroke:#115e59,color:#ffffff,stroke-width:2.4px classDef branch fill:#ecfeff,stroke:#14b",AI Document Question Answering System.pptx (slide 2) | AI Document Question Answering System.pptx (slide 9) | AI Document Question Answering System.pptx (slide 8) | AI Document Question Answering System.pptx (slide 7) | AI Document Question Answering System.pptx (slide 12),Đúng,Đúng,Một phần,0.5,Không,Medium,Có sinh sơ đồ/mermaid khi câu hỏi không yêu cầu rõ.,Tinh chỉnh citation selection và reranking để nguồn trả về sát hơn.,579.4
B300-SUM-056,Base 300,pptx_01_du_lich_can_tho.pptx,PPTX,Base 300,"Tổng hợp các nội dung chính và điểm đáng chú ý trong ""pptx_01_du_lich_can_tho.pptx"".","Tổng hợp đúng các ý liên quan: 11, 17, 14, blocks, 15","Ảnh ""pptx_01_du_lich_can_tho.pptx"" có nội dung chính: Lịch trình Cần Thơ cuối tuần; Gợi ý 2 ngày 1 đêm cho nhóm bạn nhỏ; Mục tiêu chuyến đi; Đi nhẹ, ăn ngon, chụp ảnh đẹp và không dồn lịch quá dày. Kế hoạch ưu tiên trải nghiệm địa phương, di chuyển ngắn và có thời gian nghỉ.; 2 ngày; 1 đêm.",pptx_01_du_lich_can_tho.pptx (slide 5) | pptx_01_du_lich_can_tho.pptx (slide 2) | pptx_01_du_lich_can_tho.pptx (slide 1) | pptx_01_du_lich_can_tho.pptx (slide 3) | pptx_01_du_lich_can_tho.pptx (slide 4),Đúng,Đúng,Một phần,0.5,Không,Medium,Đạt kỳ vọng theo bộ từ khóa chuẩn.,Tinh chỉnh citation selection và reranking để nguồn trả về sát hơn.,377.55
B300-SUM-057,Base 300,pptx_02_trong_cay_truong_hoc.pptx,PPTX,Base 300,"Tổng hợp các nội dung chính và điểm đáng chú ý trong ""pptx_02_trong_cay_truong_hoc.pptx"".","Tổng hợp đúng các ý liên quan: 10, 14, blocks, 17","Ảnh ""pptx_02_trong_cay_truong_hoc.pptx"" có nội dung chính: Chiến dịch trồng cây trường học; Kế hoạch 4 tuần cho khuôn viên xanh hơn; Ý tưởng chính; Chiến dịch kết hợp giáo dục môi trường, hoạt động nhóm và theo dõi cây sau khi trồng. Mục tiêu không chỉ là trồng nhiều cây mà còn duy trì cây sống tốt.; Xanh hơn; mỗi tuần.",pptx_02_trong_cay_truong_hoc.pptx (slide 1) | pptx_02_trong_cay_truong_hoc.pptx (slide 4) | pptx_02_trong_cay_truong_hoc.pptx (slide 3) | pptx_02_trong_cay_truong_hoc.pptx (slide 2) | pptx_02_trong_cay_truong_hoc.pptx (slide 5),Đúng,Đúng,Một phần,0.5,Không,Medium,Đạt kỳ vọng theo bộ từ khóa chuẩn.,Tinh chỉnh citation selection và reranking để nguồn trả về sát hơn.,413.12
B300-SUM-058,Base 300,ke_hoach_mau_du_lich_da_lat.md,MD,Base 300,"Tổng hợp các nội dung chính và điểm đáng chú ý trong ""ke_hoach_mau_du_lich_da_lat.md"".","Tổng hợp đúng các ý liên quan: lich, ngay, trinh, hoach, lat","Ảnh ""ke_hoach_mau_du_lich_da_lat.md"" có nội dung chính: Kế hoạch mẫu: Du lịch Đà Lạt 3 ngày 2 đêm; 1. Mục tiêu chuyến đi; 2. Nguyên tắc lập lịch trình; 3. Lịch trình ngày 1: Đến nơi và làm quen thành phố; 4. Lịch trình ngày 2: Thiên nhiên và trải nghiệm; 5. Lịch trình ngày 3: Mua quà và kết thúc chuyến đi.",ke_hoach_mau_du_lich_da_lat.md (Kế hoạch mẫu: Du lịch Đà Lạt 3 ngày 2 đêm > 1. Mục tiêu chuyến đi) | ke_hoach_mau_du_lich_da_lat.md (Kế hoạch mẫu: Du lịch Đà Lạt 3 ngày 2 đêm > 4. Lịch trình ngày 2: Thiên nhiên và trải nghiệm) | ke_hoach_mau_du_lich_da_lat.md (Kế hoạch mẫu: Du lịch Đà Lạt 3 ngày 2 đêm > 9. Kết luận) | ke_hoach_mau_du_lich_da_lat.md (Kế hoạch mẫu: Du lịch Đà Lạt 3 ngày 2 đêm) | ke_hoach_mau_du_lich_da_lat.md (Kế hoạch mẫu: Du lịch Đà Lạt 3 ngày 2 đêm > 6. Bảng chi phí dự kiến),Đúng,Đúng,Đúng,1.0,Không,None,Đạt kỳ vọng theo bộ từ khóa chuẩn.,Không cần fix.,312.71
B300-SUM-059,Base 300,test txt.txt,TXT,Base 300,"Tổng hợp các nội dung chính và điểm đáng chú ý trong ""test txt.txt"".","Tổng hợp đúng các ý liên quan: lich, sinh, thai, diem, dia","Ảnh ""test txt.txt"" có nội dung chính: DU LỊCH SINH THÁI Ở VIỆT NAM; 2. ĐẶC ĐIỂM CỦA DU LỊCH SINH THÁI; 3. MỘT SỐ ĐỊA ĐIỂM DU LỊCH SINH THÁI NỔI BẬT; paragraph; 5. THÁCH THỨC TRONG PHÁT TRIỂN DU LỊCH SINH THÁI; 6. NGUYÊN TẮC PHÁT TRIỂN BỀN VỮNG.",test txt.txt (DU LỊCH SINH THÁI Ở VIỆT NAM) | test txt.txt (9. CÂU HỎI KIỂM THỬ MẪU) | test txt.txt (3. MỘT SỐ ĐỊA ĐIỂM DU LỊCH SINH THÁI NỔI BẬT) | test txt.txt | test txt.txt (10. KẾT LUẬN),Đúng,Đúng,Đúng,1.0,Không,None,Đạt kỳ vọng theo bộ từ khóa chuẩn.,Không cần fix.,350.03
B300-SUM-060,Base 300,nhat_ky_mau_vuon_rau_do_thi.txt,TXT,Base 300,"Tổng hợp các nội dung chính và điểm đáng chú ý trong ""nhat_ky_mau_vuon_rau_do_thi.txt"".","Tổng hợp đúng các ý liên quan: muc, ban, theo, txt, dai","Ảnh ""nhat_ky_mau_vuon_rau_do_thi.txt"" có nội dung chính: NHẬT KÝ MẪU: DỰ ÁN VƯỜN RAU ĐÔ THỊ TRÊN SÂN THƯỢNG; paragraph; 2. MỤC TIÊU CỦA DỰ ÁN; 5. NHỮNG KHÓ KHĂN BAN ĐẦU; 6. KẾT QUẢ SAU MỘT THÁNG; 7. BÀI HỌC RÚT RA.",nhat_ky_mau_vuon_rau_do_thi.txt | nhat_ky_mau_vuon_rau_do_thi.txt (NHẬT KÝ MẪU: DỰ ÁN VƯỜN RAU ĐÔ THỊ TRÊN SÂN THƯỢNG) | nhat_ky_mau_vuon_rau_do_thi.txt (2. MỤC TIÊU CỦA DỰ ÁN) | nhat_ky_mau_vuon_rau_do_thi.txt (5. NHỮNG KHÓ KHĂN BAN ĐẦU) | nhat_ky_mau_vuon_rau_do_thi.txt (6. KẾT QUẢ SAU MỘT THÁNG),Đúng,Đúng,Đúng,1.0,Không,None,Đạt kỳ vọng theo bộ từ khóa chuẩn.,Không cần fix.,432.83
B300-CMP-001,Base 300,"bao_cao_an_toan_du_lieu_ca_nhan.docx, Test jpeg.jpeg",DOCX+JPEG,Base 300,"So sánh nội dung của ""bao_cao_an_toan_du_lieu_ca_nhan.docx"" và ""Test jpeg.jpeg"".",Cần nêu được nội dung của cả hai file: 1. Bối cảnh vấn đề; b8f8ee50acbd45bf99da91f58570d763_Test jpeg.jpeg,Các tài liệu khác nhau ở phạm vi nội dung chính. bao_cao_an_toan_du_lieu_ca_nhan.docx: BÁO CÁO NGẮN AN TOÀN DỮ LIỆU CÁ NHÂN TRONG ỨNG DỤNG SỐ; Tài liệu mẫu này trình bày một vấn đề xã hội - công nghệ đang được quan tâm: bảo vệ dữ liệu cá nhân khi sử dụng các ứng dụng trực tuyến. Nội dung được tạo ngẫu nhiên nhằm phục vụ mục đích kiểm thử định dạng DOCX; Test jpeg.jpeg: BAO CAO D0ANH THU THANG05/2026; Monthly Sales Summary.,"bao_cao_an_toan_du_lieu_ca_nhan.docx (trang 1, 4. Bảng đề xuất biện pháp) | Test jpeg.jpeg (b8f8ee50acbd45bf99da91f58570d763_Test jpeg.jpeg)",Đúng,Đúng,Đúng,1.0,Không,None,Đạt kỳ vọng theo bộ từ khóa chuẩn.,Không cần fix.,1659.75
B300-CMP-002,Base 300,"docx_01_thu_vien_so.docx, jpg_01_infographic_giac_ngu.jpg",DOCX+JPG,Base 300,"So sánh nội dung của ""docx_01_thu_vien_so.docx"" và ""jpg_01_infographic_giac_ngu.jpg"".",Cần nêu được nội dung của cả hai file: Tóm tắt nhanh; 8012c82141b74b7eb38bb4f20aa27ea9_jpg_01_infographic_giac_ngu.jpg,"Các tài liệu khác nhau ở phạm vi nội dung chính. docx_01_thu_vien_so.docx: Kế hoạch xây dựng thư viện số mini; Tài liệu mô tả mục tiêu, dữ liệu và quy trình vận hành thử nghiệm; jpg_01_infographic_giac_ngu.jpg: Thoi quen ngu; lanh manh.","docx_01_thu_vien_so.docx (trang 1, Mục tiêu) | jpg_01_infographic_giac_ngu.jpg (8012c82141b74b7eb38bb4f20aa27ea9_jpg_01_infographic_giac_ngu.jpg)",Đúng,Đúng,Đúng,1.0,Không,None,Đạt kỳ vọng theo bộ từ khóa chuẩn.,Không cần fix.,715.55
B300-CMP-003,Base 300,"docx_02_ca_phe_sach.docx, jpg_02_so_do_lop_hoc.jpg",DOCX+JPG,Base 300,"So sánh nội dung của ""docx_02_ca_phe_sach.docx"" và ""jpg_02_so_do_lop_hoc.jpg"".",Cần nêu được nội dung của cả hai file: Tóm tắt nhanh; 5393830183424ded8252273adae05f6d_jpg_02_so_do_lop_hoc.jpg,Các tài liệu khác nhau ở phạm vi nội dung chính. docx_02_ca_phe_sach.docx: Sổ tay quán cà phê sạch; Ghi chú vận hành ngắn gọn cho mô hình quán nhỏ; jpg_02_so_do_lop_hoc.jpg: So d6 lop hoc linh hoat; Ggi y b6 tri cho hoat dong nhom.,"docx_02_ca_phe_sach.docx (trang 1, Phục vụ) | jpg_02_so_do_lop_hoc.jpg (5393830183424ded8252273adae05f6d_jpg_02_so_do_lop_hoc.jpg)",Đúng,Đúng,Đúng,1.0,Không,None,Đạt kỳ vọng theo bộ từ khóa chuẩn.,Không cần fix.,1178.07
B300-CMP-004,Base 300,"Test docx.docx, poster_mau_nang_luong_tai_tao.jpg",DOCX+JPG,Base 300,"So sánh nội dung của ""Test docx.docx"" và ""poster_mau_nang_luong_tai_tao.jpg"".",Cần nêu được nội dung của cả hai file: BÁO CÁO THỰC TẬP TỐT NGHIỆP; 542799e0036a49f8a9f537634345ae76_poster_mau_nang_luong_tai_tao.jpg,"Các tài liệu khác nhau ở phạm vi nội dung chính. Test docx.docx: BỘ GIAO THÔNG VẬN TẢI TRƯỜNG ĐẠI HỌC VẬN TẢI THÀNH PHỐ HỒ CHÍ MINH VIỆN CÔNG NGHỆ THÔNG TIN VÀ ĐIỆN, ĐIỆN TỬ; BÁO CÁO THỰC TẬP TỐT NGHIỆP; Đề tài: Nghiên cứu, ứng dụng mô hình AI, kết hợp đồ thị tri thức hỗ trợ tra cứu chính xác luật công nghệ thông tin; poster_mau_nang_luong_tai_tao.jpg: g luong tai tao trong doi sd; Noi dung khac voi PNG va PDF, trinh bay theo dang poster JPG.","poster_mau_nang_luong_tai_tao.jpg (542799e0036a49f8a9f537634345ae76_poster_mau_nang_luong_tai_tao.jpg) | Test docx.docx (trang 1, BÁO CÁO THỰC TẬP TỐT NGHIỆP)",Đúng,Đúng,Đúng,1.0,Không,None,Đạt kỳ vọng theo bộ từ khóa chuẩn.,Không cần fix.,1502.44
B300-CMP-005,Base 300,"jpeg_01_ke_hoach_du_lich.jpeg, Test JPG.jpg",JPEG+JPG,Base 300,"So sánh nội dung của ""jpeg_01_ke_hoach_du_lich.jpeg"" và ""Test JPG.jpg"".",Cần nêu được nội dung của cả hai file: af1543170da2459e8e35a33eab1b7c94_jpeg_01_ke_hoach_du_lich.jpeg; cb467cc5db3c48429e68a3e690bb161b_Test JPG.jpg,Các tài liệu khác nhau ở phạm vi nội dung chính. jpeg_01_ke_hoach_du_lich.jpeg: Ké hoach du lich 2 ngay; Lich trinh nhe nhang cho nhom ban; Test JPG.jpg: AI DOCUMENT CHAT - OCR TEST PAGE; Tai lieu kiem thu so 01.,jpeg_01_ke_hoach_du_lich.jpeg (af1543170da2459e8e35a33eab1b7c94_jpeg_01_ke_hoach_du_lich.jpeg) | Test JPG.jpg (cb467cc5db3c48429e68a3e690bb161b_Test JPG.jpg),Đúng,Đúng,Đúng,1.0,Không,None,Đạt kỳ vọng theo bộ từ khóa chuẩn.,Không cần fix.,567.96
B300-CMP-006,Base 300,"jpeg_02_bang_an_toan_bep.jpeg, content_summary.md",JPEG+MD,Base 300,"So sánh nội dung của ""jpeg_02_bang_an_toan_bep.jpeg"" và ""content_summary.md"".",Cần nêu được nội dung của cả hai file: 16a69c2060254036ad8ebc0c3ae0f81a_jpeg_02_bang_an_toan_bep.jpeg; Test JPG.jpg (JPG),"Các tài liệu khác nhau ở phạm vi nội dung chính. content_summary.md: Dimensions: 1086x1448, Mode: RGB; Dimensions: 1448x1086, Mode: RGB; jpeg_02_bang_an_toan_bep.jpeg: Bang nhac an toan bep; Danh cho bep nho trong ky tuc xa.",content_summary.md (- CHƯƠNG 1: TỔNG QUAN ĐỀ TÀI) | jpeg_02_bang_an_toan_bep.jpeg (16a69c2060254036ad8ebc0c3ae0f81a_jpeg_02_bang_an_toan_bep.jpeg),Đúng,Đúng,Đúng,1.0,Không,None,Đạt kỳ vọng theo bộ từ khóa chuẩn.,Không cần fix.,813.18
B300-CMP-007,Base 300,"storyboard_mau_suc_khoe_hoc_duong.jpeg, ke_hoach_mau_du_lich_da_lat.md",JPEG+MD,Base 300,"So sánh nội dung của ""storyboard_mau_suc_khoe_hoc_duong.jpeg"" và ""ke_hoach_mau_du_lich_da_lat.md"".",Cần nêu được nội dung của cả hai file: a9ace2ff83464a59a43f6c683aac0c5f_storyboard_mau_suc_khoe_hoc_duong.jpeg; Kế hoạch mẫu: Du lịch Đà Lạt 3 ngày 2 đêm,"Các tài liệu khác nhau ở phạm vi nội dung chính. ke_hoach_mau_du_lich_da_lat.md: Kế hoạch mẫu: Du lịch Đà Lạt 3 ngày 2 đêm; Tài liệu này là một bản kế hoạch mẫu có nội dung dài hơn, dùng để kiểm tra khả năng đọc file Markdown trong hệ thống AI document chat. Nội dung không đại diện cho lịch trình thực tế bắt buộc, mà chỉ là ví dụ minh họa; storyboard_mau_suc_khoe_hoc_duong.jpeg: MAu: Surc khoe hoc duong; STORYBOARD.",ke_hoach_mau_du_lich_da_lat.md (Kế hoạch mẫu: Du lịch Đà Lạt 3 ngày 2 đêm > 3. Lịch trình ngày 1: Đến nơi và làm quen thành phố) | storyboard_mau_suc_khoe_hoc_duong.jpeg (a9ace2ff83464a59a43f6c683aac0c5f_storyboard_mau_suc_khoe_hoc_duong.jpeg),Đúng,Đúng,Đúng,1.0,Không,None,Đạt kỳ vọng theo bộ từ khóa chuẩn.,Không cần fix.,1131.79
B300-CMP-008,Base 300,"Test jpeg.jpeg, md_01_workshop_thuyet_trinh.md",JPEG+MD,Base 300,"So sánh nội dung của ""Test jpeg.jpeg"" và ""md_01_workshop_thuyet_trinh.md"".",Cần nêu được nội dung của cả hai file: b8f8ee50acbd45bf99da91f58570d763_Test jpeg.jpeg; Mục tiêu,"Các tài liệu khác nhau ở phạm vi nội dung chính. md_01_workshop_thuyet_trinh.md: Mục tiêu; Workshop giúp sinh viên luyện cách chuẩn bị nội dung, kiểm soát thời gian và trình bày tự tin trước lớp. Nội dung không đi quá sâu vào lý thuyết mà tập trung vào thực hành ngắn; Test jpeg.jpeg: BAO CAO D0ANH THU THANG05/2026; Monthly Sales Summary.",md_01_workshop_thuyet_trinh.md (Kế hoạch workshop kỹ năng thuyết trình > Lịch trình) | Test jpeg.jpeg (b8f8ee50acbd45bf99da91f58570d763_Test jpeg.jpeg),Đúng,Đúng,Đúng,1.0,Không,None,Đạt kỳ vọng theo bộ từ khóa chuẩn.,Không cần fix.,846.46
B300-CMP-009,Base 300,"jpg_01_infographic_giac_ngu.jpg, md_02_app_chi_tieu.md",JPG+MD,Base 300,"So sánh nội dung của ""jpg_01_infographic_giac_ngu.jpg"" và ""md_02_app_chi_tieu.md"".",Cần nêu được nội dung của cả hai file: 8012c82141b74b7eb38bb4f20aa27ea9_jpg_01_infographic_giac_ngu.jpg; Bối cảnh,"Các tài liệu khác nhau ở phạm vi nội dung chính. md_02_app_chi_tieu.md: Bối cảnh; Nhiều sinh viên khó theo dõi chi phí ăn uống, đi lại, học tập và giải trí. Ứng dụng quản lý chi tiêu đơn giản có thể giúp ghi nhận khoản chi hằng ngày và cảnh báo khi vượt ngân sách; jpg_01_infographic_giac_ngu.jpg: Thoi quen ngu; lanh manh.",jpg_01_infographic_giac_ngu.jpg (8012c82141b74b7eb38bb4f20aa27ea9_jpg_01_infographic_giac_ngu.jpg) | md_02_app_chi_tieu.md (Hồ sơ ý tưởng ứng dụng quản lý chi tiêu sinh viên > Dữ liệu mẫu),Đúng,Đúng,Đúng,1.0,Không,None,Đạt kỳ vọng theo bộ từ khóa chuẩn.,Không cần fix.,1067.26
B300-CMP-010,Base 300,"jpg_02_so_do_lop_hoc.jpg, pdf_page_index.md",JPG+MD,Base 300,"So sánh nội dung của ""jpg_02_so_do_lop_hoc.jpg"" và ""pdf_page_index.md"".",Cần nêu được nội dung của cả hai file: 5393830183424ded8252273adae05f6d_jpg_02_so_do_lop_hoc.jpg; Test pdf.pdf > Page 1,Các tài liệu khác nhau ở phạm vi nội dung chính. pdf_page_index.md: Page 1; Total chars: 184; jpg_02_so_do_lop_hoc.jpg: So d6 lop hoc linh hoat; Ggi y b6 tri cho hoat dong nhom.,jpg_02_so_do_lop_hoc.jpg (5393830183424ded8252273adae05f6d_jpg_02_so_do_lop_hoc.jpg) | pdf_page_index.md (First 3 non-empty lines:),Đúng,Đúng,Đúng,1.0,Không,None,Đạt kỳ vọng theo bộ từ khóa chuẩn.,Không cần fix.,778.33
B300-CMP-011,Base 300,"poster_mau_nang_luong_tai_tao.jpg, RETRIEVAL_TESTING_QUESTION_SET.md",JPG+MD,Base 300,"So sánh nội dung của ""poster_mau_nang_luong_tai_tao.jpg"" và ""RETRIEVAL_TESTING_QUESTION_SET.md"".",Cần nêu được nội dung của cả hai file: 542799e0036a49f8a9f537634345ae76_poster_mau_nang_luong_tai_tao.jpg; 1) Pham vi bo test,"Các tài liệu khác nhau ở phạm vi nội dung chính. RETRIEVAL_TESTING_QUESTION_SET.md: 1) Pham vi bo test; Bo test nay duoc xay dung truc tiep tu bo file trong thu muc:; poster_mau_nang_luong_tai_tao.jpg: g luong tai tao trong doi sd; Noi dung khac voi PNG va PDF, trinh bay theo dang poster JPG.",poster_mau_nang_luong_tai_tao.jpg (542799e0036a49f8a9f537634345ae76_poster_mau_nang_luong_tai_tao.jpg) | RETRIEVAL_TESTING_QUESTION_SET.md (5. Danh dau ket qua: > 3) Bang Retrieval Testing + Bo cau hoi),Đúng,Đúng,Đúng,1.0,Không,None,Đạt kỳ vọng theo bộ từ khóa chuẩn.,Không cần fix.,791.52
B300-CMP-012,Base 300,"Test JPG.jpg, Test md.md",JPG+MD,Base 300,"So sánh nội dung của ""Test JPG.jpg"" và ""Test md.md"".",Cần nêu được nội dung của cả hai file: cb467cc5db3c48429e68a3e690bb161b_Test JPG.jpg; Trí tuệ nhân tạo trong hệ thống hỏi đáp tài liệu,Các tài liệu khác nhau ở phạm vi nội dung chính. Test md.md: Trí tuệ nhân tạo trong hệ thống hỏi đáp tài liệu; **Tài liệu mẫu định dạng Markdown**; Test JPG.jpg: AI DOCUMENT CHAT - OCR TEST PAGE; Tai lieu kiem thu so 01.,Test JPG.jpg (cb467cc5db3c48429e68a3e690bb161b_Test JPG.jpg) | Test md.md (2. Bối cảnh phát triển AI Document Chat),Đúng,Đúng,Đúng,1.0,Không,None,Đạt kỳ vọng theo bộ từ khóa chuẩn.,Không cần fix.,781.38
B300-CMP-013,Base 300,"content_summary.md, bao_cao_mau_chuyen_doi_so_giao_duc.pdf",MD+PDF,Base 300,"So sánh nội dung của ""content_summary.md"" và ""bao_cao_mau_chuyen_doi_so_giao_duc.pdf"".",Cần nêu được nội dung của cả hai file: Test JPG.jpg (JPG); Page: 1 > File: 622ffb96990a4b598a0a7d08c5044369_bao_cao_mau_chuyen_doi_so_giao_duc.pdf,"Các tài liệu khác nhau ở phạm vi nội dung chính. bao_cao_mau_chuyen_doi_so_giao_duc.pdf: Page: 1; BÁO CÁO MẪU: CHUYỂN ĐỔI SỐ TRONG; content_summary.md: Dimensions: 1086x1448, Mode: RGB; Dimensions: 1448x1086, Mode: RGB.",bao_cao_mau_chuyen_doi_so_giao_duc.pdf (trang 1) | content_summary.md (- CHƯƠNG 1: TỔNG QUAN ĐỀ TÀI),Đúng,Đúng,Đúng,1.0,Không,None,Đạt kỳ vọng theo bộ từ khóa chuẩn.,Không cần fix.,1029.27
B300-CMP-014,Base 300,"ke_hoach_mau_du_lich_da_lat.md, bao_cao_quan_ly_rac_thai_nhua.pdf",MD+PDF,Base 300,"So sánh nội dung của ""ke_hoach_mau_du_lich_da_lat.md"" và ""bao_cao_quan_ly_rac_thai_nhua.pdf"".",Cần nêu được nội dung của cả hai file: Kế hoạch mẫu: Du lịch Đà Lạt 3 ngày 2 đêm; Page: 1 > File: 3457847a7e04421b9303eb96a62b598a_bao_cao_quan_ly_rac_thai_nhua.pdf,"Các tài liệu khác nhau ở phạm vi nội dung chính. bao_cao_quan_ly_rac_thai_nhua.pdf: Page: 1; BÁO CÁO NGẮN: QUẢN LÝ RÁC THẢI NHỰA TẠI KHU; ke_hoach_mau_du_lich_da_lat.md: Kế hoạch mẫu: Du lịch Đà Lạt 3 ngày 2 đêm; Tài liệu này là một bản kế hoạch mẫu có nội dung dài hơn, dùng để kiểm tra khả năng đọc file Markdown trong hệ thống AI document chat. Nội dung không đại diện cho lịch trình thực tế bắt buộc, mà chỉ là ví dụ minh họa.",bao_cao_quan_ly_rac_thai_nhua.pdf (trang 1) | ke_hoach_mau_du_lich_da_lat.md (Kế hoạch mẫu: Du lịch Đà Lạt 3 ngày 2 đêm > 3. Lịch trình ngày 1: Đến nơi và làm quen thành phố),Đúng,Đúng,Đúng,1.0,Không,None,Đạt kỳ vọng theo bộ từ khóa chuẩn.,Không cần fix.,940.68
B300-CMP-015,Base 300,"md_01_workshop_thuyet_trinh.md, noi_dung_mau_thanh_pho_xanh.pdf",MD+PDF,Base 300,"So sánh nội dung của ""md_01_workshop_thuyet_trinh.md"" và ""noi_dung_mau_thanh_pho_xanh.pdf"".",Cần nêu được nội dung của cả hai file: Mục tiêu; Page: 1 > File: 6fed6fca7b0548108ff36bd64f2b7e5c_noi_dung_mau_thanh_pho_xanh.pdf,"Các tài liệu khác nhau ở phạm vi nội dung chính. md_01_workshop_thuyet_trinh.md: Mục tiêu; Workshop giúp sinh viên luyện cách chuẩn bị nội dung, kiểm soát thời gian và trình bày tự tin trước lớp. Nội dung không đi quá sâu vào lý thuyết mà tập trung vào thực hành ngắn; noi_dung_mau_thanh_pho_xanh.pdf: Page: 1; Hành trình Thành phố Xanh 2030.",md_01_workshop_thuyet_trinh.md (Kế hoạch workshop kỹ năng thuyết trình > Lịch trình) | noi_dung_mau_thanh_pho_xanh.pdf (trang 1),Đúng,Đúng,Đúng,1.0,Không,None,Đạt kỳ vọng theo bộ từ khóa chuẩn.,Không cần fix.,661.94
B300-CMP-016,Base 300,"md_02_app_chi_tieu.md, pdf_01_nang_luong_mat_troi.pdf",MD+PDF,Base 300,"So sánh nội dung của ""md_02_app_chi_tieu.md"" và ""pdf_01_nang_luong_mat_troi.pdf"".",Cần nêu được nội dung của cả hai file: Bối cảnh; Page: 1 > File: e8441761a52e48118928dd7bdd361d66_pdf_01_nang_luong_mat_troi.pdf,"Các tài liệu khác nhau ở phạm vi nội dung chính. md_02_app_chi_tieu.md: Bối cảnh; Nhiều sinh viên khó theo dõi chi phí ăn uống, đi lại, học tập và giải trí. Ứng dụng quản lý chi tiêu đơn giản có thể giúp ghi nhận khoản chi hằng ngày và cảnh báo khi vượt ngân sách; pdf_01_nang_luong_mat_troi.pdf: Page: 1; Báo cáo ngắn về điện mặt trời hộ gia đình.",md_02_app_chi_tieu.md (Hồ sơ ý tưởng ứng dụng quản lý chi tiêu sinh viên > Dữ liệu mẫu) | pdf_01_nang_luong_mat_troi.pdf (trang 1),Đúng,Đúng,Đúng,1.0,Không,None,Đạt kỳ vọng theo bộ từ khóa chuẩn.,Không cần fix.,626.98
B300-CMP-017,Base 300,"pdf_page_index.md, pdf_02_an_toan_du_lieu.pdf",MD+PDF,Base 300,"So sánh nội dung của ""pdf_page_index.md"" và ""pdf_02_an_toan_du_lieu.pdf"".",Cần nêu được nội dung của cả hai file: Test pdf.pdf > Page 1; Page: 1 > File: d849cc7fe46a49b19f7bf1c4bdc7c468_pdf_02_an_toan_du_lieu.pdf,Các tài liệu khác nhau ở phạm vi nội dung chính. pdf_02_an_toan_du_lieu.pdf: Page: 1; Hướng dẫn an toàn dữ liệu cá nhân; pdf_page_index.md: Page 1; Total chars: 184.,pdf_02_an_toan_du_lieu.pdf (trang 1) | pdf_page_index.md (First 3 non-empty lines:),Đúng,Đúng,Một phần,0.5,Không,Medium,Đạt kỳ vọng theo bộ từ khóa chuẩn.,Tinh chỉnh citation selection và reranking để nguồn trả về sát hơn.,837.25
B300-CMP-018,Base 300,"RETRIEVAL_TESTING_QUESTION_SET.md, Test pdf scan.pdf",MD+PDF,Base 300,"So sánh nội dung của ""RETRIEVAL_TESTING_QUESTION_SET.md"" và ""Test pdf scan.pdf"".",Cần nêu được nội dung của cả hai file: 1) Pham vi bo test; Page: 1 > File: e4eee1144064466092a3e26cce305d0b_Test pdf scan.pdf,Các tài liệu khác nhau ở phạm vi nội dung chính. RETRIEVAL_TESTING_QUESTION_SET.md: 1) Pham vi bo test; Bo test nay duoc xay dung truc tiep tu bo file trong thu muc:; Test pdf scan.pdf: Page: 1; OCR From Images:.,RETRIEVAL_TESTING_QUESTION_SET.md (5. Danh dau ket qua: > 3) Bang Retrieval Testing + Bo cau hoi) | Test pdf scan.pdf (trang 1),Đúng,Đúng,Đúng,1.0,Không,None,Đạt kỳ vọng theo bộ từ khóa chuẩn.,Không cần fix.,947.23
B300-CMP-019,Base 300,"Test md.md, Test pdf.pdf",MD+PDF,Base 300,"So sánh nội dung của ""Test md.md"" và ""Test pdf.pdf"".",Cần nêu được nội dung của cả hai file: Trí tuệ nhân tạo trong hệ thống hỏi đáp tài liệu; Page: 1 > File: c4220cd9dc7b4b1292798be9a6c655a0_Test pdf.pdf,Các tài liệu khác nhau ở phạm vi nội dung chính. Test md.md: Trí tuệ nhân tạo trong hệ thống hỏi đáp tài liệu; **Tài liệu mẫu định dạng Markdown**; Test pdf.pdf: Page: 1; TRƯỜNG ĐẠI HỌC GIAO THÔNG VẬN TẢI TP.HCM.,Test md.md (2. Bối cảnh phát triển AI Document Chat) | Test pdf.pdf (trang 1),Đúng,Đúng,Một phần,0.5,Không,Medium,Đạt kỳ vọng theo bộ từ khóa chuẩn.,Tinh chỉnh citation selection và reranking để nguồn trả về sát hơn.,1086.62
B300-CMP-020,Base 300,"bao_cao_mau_chuyen_doi_so_giao_duc.pdf, infographic_mau_an_toan_mang.png",PDF+PNG,Base 300,"So sánh nội dung của ""bao_cao_mau_chuyen_doi_so_giao_duc.pdf"" và ""infographic_mau_an_toan_mang.png"".",Cần nêu được nội dung của cả hai file: Page: 1 > File: 622ffb96990a4b598a0a7d08c5044369_bao_cao_mau_chuyen_doi_so_giao_duc.pdf; 6f8d63eb72674dc2af6c4651b49853ad_infographic_mau_an_toan_mang.png,Các tài liệu khác nhau ở phạm vi nội dung chính. bao_cao_mau_chuyen_doi_so_giao_duc.pdf: Page: 1; BÁO CÁO MẪU: CHUYỂN ĐỔI SỐ TRONG; infographic_mau_an_toan_mang.png: INFOGRAPHIC MAU; An toan mang.,bao_cao_mau_chuyen_doi_so_giao_duc.pdf (trang 1) | infographic_mau_an_toan_mang.png (6f8d63eb72674dc2af6c4651b49853ad_infographic_mau_an_toan_mang.png),Đúng,Đúng,Đúng,1.0,Không,None,Đạt kỳ vọng theo bộ từ khóa chuẩn.,Không cần fix.,941.04
B300-CMP-021,Base 300,"bao_cao_quan_ly_rac_thai_nhua.pdf, png_01_ban_do_y_tuong.png",PDF+PNG,Base 300,"So sánh nội dung của ""bao_cao_quan_ly_rac_thai_nhua.pdf"" và ""png_01_ban_do_y_tuong.png"".",Cần nêu được nội dung của cả hai file: Page: 1 > File: 3457847a7e04421b9303eb96a62b598a_bao_cao_quan_ly_rac_thai_nhua.pdf; da2dab99728f47558f2b62326de763f8_png_01_ban_do_y_tuong.png,Các tài liệu khác nhau ở phạm vi nội dung chính. bao_cao_quan_ly_rac_thai_nhua.pdf: Page: 1; BÁO CÁO NGẮN: QUẢN LÝ RÁC THẢI NHỰA TẠI KHU; png_01_ban_do_y_tuong.png: Ban do y tuong; g hoc nhom.,bao_cao_quan_ly_rac_thai_nhua.pdf (trang 1) | png_01_ban_do_y_tuong.png (da2dab99728f47558f2b62326de763f8_png_01_ban_do_y_tuong.png),Đúng,Đúng,Đúng,1.0,Không,None,Đạt kỳ vọng theo bộ từ khóa chuẩn.,Không cần fix.,663.28
B300-CMP-022,Base 300,"noi_dung_mau_thanh_pho_xanh.pdf, png_02_quy_trinh_giao_hang.png",PDF+PNG,Base 300,"So sánh nội dung của ""noi_dung_mau_thanh_pho_xanh.pdf"" và ""png_02_quy_trinh_giao_hang.png"".",Cần nêu được nội dung của cả hai file: Page: 1 > File: 6fed6fca7b0548108ff36bd64f2b7e5c_noi_dung_mau_thanh_pho_xanh.pdf; d9b451f71253409cb4b43901b422bcc6_png_02_quy_trinh_giao_hang.png,Các tài liệu khác nhau ở phạm vi nội dung chính. noi_dung_mau_thanh_pho_xanh.pdf: Page: 1; Hành trình Thành phố Xanh 2030; png_02_quy_trinh_giao_hang.png: Quy trinh giao hang noi bo; Tu nhan don den xac nhan hoan tat.,noi_dung_mau_thanh_pho_xanh.pdf (trang 1) | png_02_quy_trinh_giao_hang.png (d9b451f71253409cb4b43901b422bcc6_png_02_quy_trinh_giao_hang.png),Đúng,Đúng,Đúng,1.0,Không,None,Đạt kỳ vọng theo bộ từ khóa chuẩn.,Không cần fix.,644.07
B300-CMP-023,Base 300,"pdf_01_nang_luong_mat_troi.pdf, Test PNG.png",PDF+PNG,Base 300,"So sánh nội dung của ""pdf_01_nang_luong_mat_troi.pdf"" và ""Test PNG.png"".",Cần nêu được nội dung của cả hai file: Page: 1 > File: e8441761a52e48118928dd7bdd361d66_pdf_01_nang_luong_mat_troi.pdf; b82666e7786846928e815761b567733d_Test PNG.png,Các tài liệu khác nhau ở phạm vi nội dung chính. pdf_01_nang_luong_mat_troi.pdf: Page: 1; Báo cáo ngắn về điện mặt trời hộ gia đình; Test PNG.png: QUAN CA PHE MAY; OPEN 07:00 - 22:00.,pdf_01_nang_luong_mat_troi.pdf (trang 1) | Test PNG.png (b82666e7786846928e815761b567733d_Test PNG.png),Đúng,Đúng,Đúng,1.0,Không,None,Đạt kỳ vọng theo bộ từ khóa chuẩn.,Không cần fix.,793.92
B300-CMP-024,Base 300,"pdf_02_an_toan_du_lieu.pdf, AI Document Question Answering System.pptx",PDF+PPTX,Base 300,"So sánh nội dung của ""pdf_02_an_toan_du_lieu.pdf"" và ""AI Document Question Answering System.pptx"".",Cần nêu được nội dung của cả hai file: Page: 1 > File: d849cc7fe46a49b19f7bf1c4bdc7c468_pdf_02_an_toan_du_lieu.pdf; Slide: 1 > Slide 1 > Blocks: 4-7,Các tài liệu khác nhau ở phạm vi nội dung chính. AI Document Question Answering System.pptx: Slide 1; Title: Slide 1; pdf_02_an_toan_du_lieu.pdf: Page: 1; Hướng dẫn an toàn dữ liệu cá nhân.,AI Document Question Answering System.pptx (slide 1) | pdf_02_an_toan_du_lieu.pdf (trang 1),Đúng,Đúng,Một phần,0.5,Không,Medium,Đạt kỳ vọng theo bộ từ khóa chuẩn.,Tinh chỉnh citation selection và reranking để nguồn trả về sát hơn.,812.37
B300-CMP-025,Base 300,"Test pdf scan.pdf, bai_trinh_chieu_mau_thu_vien_thong_minh.pptx",PDF+PPTX,Base 300,"So sánh nội dung của ""Test pdf scan.pdf"" và ""bai_trinh_chieu_mau_thu_vien_thong_minh.pptx"".",Cần nêu được nội dung của cả hai file: Page: 1 > File: e4eee1144064466092a3e26cce305d0b_Test pdf scan.pdf; Slide: 1 > Slide 1 > Blocks: 1-5,Các tài liệu khác nhau ở phạm vi nội dung chính. bai_trinh_chieu_mau_thu_vien_thong_minh.pptx: Slide 1; Title: Slide 1; Test pdf scan.pdf: Page: 1; OCR From Images:.,bai_trinh_chieu_mau_thu_vien_thong_minh.pptx (slide 1) | Test pdf scan.pdf (trang 1),Đúng,Đúng,Đúng,1.0,Không,None,Đạt kỳ vọng theo bộ từ khóa chuẩn.,Không cần fix.,1072.18
B300-CMP-026,Base 300,"Test pdf.pdf, pptx_01_du_lich_can_tho.pptx",PDF+PPTX,Base 300,"So sánh nội dung của ""Test pdf.pdf"" và ""pptx_01_du_lich_can_tho.pptx"".",Cần nêu được nội dung của cả hai file: Page: 1 > File: c4220cd9dc7b4b1292798be9a6c655a0_Test pdf.pdf; Slide: 1 > Slide 1 > Blocks: 2-5,Các tài liệu khác nhau ở phạm vi nội dung chính. pptx_01_du_lich_can_tho.pptx: Slide 1; Title: Slide 1; Test pdf.pdf: Page: 1; TRƯỜNG ĐẠI HỌC GIAO THÔNG VẬN TẢI TP.HCM.,pptx_01_du_lich_can_tho.pptx (slide 1) | Test pdf.pdf (trang 1),Đúng,Đúng,Một phần,0.5,Không,Medium,Đạt kỳ vọng theo bộ từ khóa chuẩn.,Tinh chỉnh citation selection và reranking để nguồn trả về sát hơn.,957.7
B300-CMP-027,Base 300,"infographic_mau_an_toan_mang.png, pptx_02_trong_cay_truong_hoc.pptx",PNG+PPTX,Base 300,"So sánh nội dung của ""infographic_mau_an_toan_mang.png"" và ""pptx_02_trong_cay_truong_hoc.pptx"".",Cần nêu được nội dung của cả hai file: 6f8d63eb72674dc2af6c4651b49853ad_infographic_mau_an_toan_mang.png; Slide: 1 > Slide 1 > Blocks: 2-5,Các tài liệu khác nhau ở phạm vi nội dung chính. infographic_mau_an_toan_mang.png: INFOGRAPHIC MAU; An toan mang; pptx_02_trong_cay_truong_hoc.pptx: Slide 1; Title: Slide 1.,infographic_mau_an_toan_mang.png (6f8d63eb72674dc2af6c4651b49853ad_infographic_mau_an_toan_mang.png) | pptx_02_trong_cay_truong_hoc.pptx (slide 1),Đúng,Đúng,Đúng,1.0,Không,None,Đạt kỳ vọng theo bộ từ khóa chuẩn.,Không cần fix.,1110.46
B300-CMP-028,Base 300,"png_01_ban_do_y_tuong.png, Test pptx.pptx",PNG+PPTX,Base 300,"So sánh nội dung của ""png_01_ban_do_y_tuong.png"" và ""Test pptx.pptx"".",Cần nêu được nội dung của cả hai file: da2dab99728f47558f2b62326de763f8_png_01_ban_do_y_tuong.png; Slide: 1 > オフィス業務 > Blocks: 2-2,Các tài liệu khác nhau ở phạm vi nội dung chính. png_01_ban_do_y_tuong.png: Ban do y tuong; g hoc nhom; Test pptx.pptx: オフィス業務; Title: オフィス業務.,"png_01_ban_do_y_tuong.png (da2dab99728f47558f2b62326de763f8_png_01_ban_do_y_tuong.png) | Test pptx.pptx (slide 1, オフィス業務)",Đúng,Đúng,Đúng,1.0,Không,None,Đạt kỳ vọng theo bộ từ khóa chuẩn.,Không cần fix.,758.38
B300-CMP-029,Base 300,"png_02_quy_trinh_giao_hang.png, nhat_ky_mau_vuon_rau_do_thi.txt",PNG+TXT,Base 300,"So sánh nội dung của ""png_02_quy_trinh_giao_hang.png"" và ""nhat_ky_mau_vuon_rau_do_thi.txt"".",Cần nêu được nội dung của cả hai file: d9b451f71253409cb4b43901b422bcc6_png_02_quy_trinh_giao_hang.png; NHẬT KÝ MẪU: DỰ ÁN VƯỜN RAU ĐÔ THỊ TRÊN SÂN THƯỢNG,Các tài liệu khác nhau ở phạm vi nội dung chính. nhat_ky_mau_vuon_rau_do_thi.txt: NHẬT KÝ MẪU: DỰ ÁN VƯỜN RAU ĐÔ THỊ TRÊN SÂN THƯỢNG; NHẬT KÝ MẪU: DỰ ÁN VƯỜN RAU ĐÔ THỊ TRÊN SÂN THƯỢNG; png_02_quy_trinh_giao_hang.png: Quy trinh giao hang noi bo; Tu nhan don den xac nhan hoan tat.,nhat_ky_mau_vuon_rau_do_thi.txt | png_02_quy_trinh_giao_hang.png (d9b451f71253409cb4b43901b422bcc6_png_02_quy_trinh_giao_hang.png),Đúng,Đúng,Đúng,1.0,Không,None,Đạt kỳ vọng theo bộ từ khóa chuẩn.,Không cần fix.,1270.59
B300-CMP-030,Base 300,"Test PNG.png, test txt.txt",PNG+TXT,Base 300,"So sánh nội dung của ""Test PNG.png"" và ""test txt.txt"".",Cần nêu được nội dung của cả hai file: b82666e7786846928e815761b567733d_Test PNG.png; DU LỊCH SINH THÁI Ở VIỆT NAM,Các tài liệu khác nhau ở phạm vi nội dung chính. test txt.txt: DU LỊCH SINH THÁI Ở VIỆT NAM; DU LỊCH SINH THÁI Ở VIỆT NAM; Test PNG.png: QUAN CA PHE MAY; OPEN 07:00 - 22:00.,Test PNG.png (b82666e7786846928e815761b567733d_Test PNG.png) | test txt.txt (5. THÁCH THỨC TRONG PHÁT TRIỂN DU LỊCH SINH THÁI),Đúng,Đúng,Đúng,1.0,Không,None,Đạt kỳ vọng theo bộ từ khóa chuẩn.,Không cần fix.,627.63
B300-CMP-031,Base 300,"AI Document Question Answering System.pptx, txt_01_nhat_ky_vuon_rau.txt",PPTX+TXT,Base 300,"So sánh nội dung của ""AI Document Question Answering System.pptx"" và ""txt_01_nhat_ky_vuon_rau.txt"".",Cần nêu được nội dung của cả hai file: Slide: 1 > Slide 1 > Blocks: 4-7; NHẬT KÝ VƯỜN RAU BAN CÔNG,Các tài liệu khác nhau ở phạm vi nội dung chính. AI Document Question Answering System.pptx: Slide 1; Title: Slide 1; txt_01_nhat_ky_vuon_rau.txt: NHẬT KÝ VƯỜN RAU BAN CÔNG; NHẬT KÝ VƯỜN RAU BAN CÔNG.,AI Document Question Answering System.pptx (slide 1) | txt_01_nhat_ky_vuon_rau.txt (NHẬT KÝ VƯỜN RAU BAN CÔNG),Đúng,Đúng,Một phần,0.5,Không,Medium,Đạt kỳ vọng theo bộ từ khóa chuẩn.,Tinh chỉnh citation selection và reranking để nguồn trả về sát hơn.,727.24
B300-CMP-032,Base 300,"bai_trinh_chieu_mau_thu_vien_thong_minh.pptx, txt_02_ke_hoach_clb_sach.txt",PPTX+TXT,Base 300,"So sánh nội dung của ""bai_trinh_chieu_mau_thu_vien_thong_minh.pptx"" và ""txt_02_ke_hoach_clb_sach.txt"".",Cần nêu được nội dung của cả hai file: Slide: 1 > Slide 1 > Blocks: 1-5; KẾ HOẠCH CÂU LẠC BỘ ĐỌC SÁCH THÁNG 6,Các tài liệu khác nhau ở phạm vi nội dung chính. bai_trinh_chieu_mau_thu_vien_thong_minh.pptx: Slide 1; Title: Slide 1; txt_02_ke_hoach_clb_sach.txt: KẾ HOẠCH CÂU LẠC BỘ ĐỌC SÁCH THÁNG 6; KẾ HOẠCH CÂU LẠC BỘ ĐỌC SÁCH THÁNG 6.,bai_trinh_chieu_mau_thu_vien_thong_minh.pptx (slide 1) | txt_02_ke_hoach_clb_sach.txt (KẾ HOẠCH CÂU LẠC BỘ ĐỌC SÁCH THÁNG 6),Đúng,Đúng,Đúng,1.0,Không,None,Đạt kỳ vọng theo bộ từ khóa chuẩn.,Không cần fix.,755.87
B300-CMP-033,Base 300,"pptx_01_du_lich_can_tho.pptx, file_excel_mau_song_xanh.xlsx",PPTX+XLSX,Base 300,"So sánh nội dung của ""pptx_01_du_lich_can_tho.pptx"" và ""file_excel_mau_song_xanh.xlsx"".",Cần nêu được nội dung của cả hai file: Slide: 1 > Slide 1 > Blocks: 2-5; Du_lieu_chien_dich,Các tài liệu khác nhau ở phạm vi nội dung chính. file_excel_mau_song_xanh.xlsx: Du_lieu_chien_dich; Sheet: Du_lieu_chien_dich; pptx_01_du_lich_can_tho.pptx: Slide 1; Title: Slide 1.,file_excel_mau_song_xanh.xlsx (sheet Du_lieu_chien_dich) | pptx_01_du_lich_can_tho.pptx (slide 1),Đúng,Đúng,Đúng,1.0,Không,None,Đạt kỳ vọng theo bộ từ khóa chuẩn.,Không cần fix.,980.13
B300-CMP-034,Base 300,"pptx_02_trong_cay_truong_hoc.pptx, Test xlsx.xlsx",PPTX+XLSX,Base 300,"So sánh nội dung của ""pptx_02_trong_cay_truong_hoc.pptx"" và ""Test xlsx.xlsx"".",Cần nêu được nội dung của cả hai file: Slide: 1 > Slide 1 > Blocks: 2-5; Sheet: Sheet4 > Sheet4,Các tài liệu khác nhau ở phạm vi nội dung chính. pptx_02_trong_cay_truong_hoc.pptx: Slide 1; Title: Slide 1; Test xlsx.xlsx: Sheet4; Sheet: Sheet4.,pptx_02_trong_cay_truong_hoc.pptx (slide 1) | Test xlsx.xlsx (sheet Sheet4),Đúng,Đúng,Một phần,0.5,Không,Medium,Đạt kỳ vọng theo bộ từ khóa chuẩn.,Tinh chỉnh citation selection và reranking để nguồn trả về sát hơn.,1435.94
B300-CMP-035,Base 300,"Test pptx.pptx, xlsx_01_bao_cao_doanh_thu.xlsx",PPTX+XLSX,Base 300,"So sánh nội dung của ""Test pptx.pptx"" và ""xlsx_01_bao_cao_doanh_thu.xlsx"".",Cần nêu được nội dung của cả hai file: Slide: 1 > オフィス業務 > Blocks: 2-2; Doanh thu,Các tài liệu khác nhau ở phạm vi nội dung chính. xlsx_01_bao_cao_doanh_thu.xlsx: Doanh thu; Sheet: Doanh thu; Test pptx.pptx: オフィス業務; Title: オフィス業務.,"Test pptx.pptx (slide 1, オフィス業務) | xlsx_01_bao_cao_doanh_thu.xlsx (sheet Doanh thu)",Đúng,Đúng,Đúng,1.0,Không,None,Đạt kỳ vọng theo bộ từ khóa chuẩn.,Không cần fix.,947.16
B300-CMP-036,Base 300,"nhat_ky_mau_vuon_rau_do_thi.txt, xlsx_02_ke_hoach_hoc_tap.xlsx",TXT+XLSX,Base 300,"So sánh nội dung của ""nhat_ky_mau_vuon_rau_do_thi.txt"" và ""xlsx_02_ke_hoach_hoc_tap.xlsx"".",Cần nêu được nội dung của cả hai file: NHẬT KÝ MẪU: DỰ ÁN VƯỜN RAU ĐÔ THỊ TRÊN SÂN THƯỢNG; Ke hoach hoc tap,Các tài liệu khác nhau ở phạm vi nội dung chính. nhat_ky_mau_vuon_rau_do_thi.txt: NHẬT KÝ MẪU: DỰ ÁN VƯỜN RAU ĐÔ THỊ TRÊN SÂN THƯỢNG; NHẬT KÝ MẪU: DỰ ÁN VƯỜN RAU ĐÔ THỊ TRÊN SÂN THƯỢNG; xlsx_02_ke_hoach_hoc_tap.xlsx: Ke hoach hoc tap; Sheet: Ke hoach hoc tap.,nhat_ky_mau_vuon_rau_do_thi.txt | xlsx_02_ke_hoach_hoc_tap.xlsx (sheet Ke hoach hoc tap),Đúng,Đúng,Đúng,1.0,Không,None,Đạt kỳ vọng theo bộ từ khóa chuẩn.,Không cần fix.,1203.11
B300-CMP-037,Base 300,"test txt.txt, bao_cao_an_toan_du_lieu_ca_nhan.docx",DOCX+TXT,Base 300,"So sánh nội dung của ""test txt.txt"" và ""bao_cao_an_toan_du_lieu_ca_nhan.docx"".",Cần nêu được nội dung của cả hai file: DU LỊCH SINH THÁI Ở VIỆT NAM; 1. Bối cảnh vấn đề,Các tài liệu khác nhau ở phạm vi nội dung chính. bao_cao_an_toan_du_lieu_ca_nhan.docx: BÁO CÁO NGẮN AN TOÀN DỮ LIỆU CÁ NHÂN TRONG ỨNG DỤNG SỐ; Tài liệu mẫu này trình bày một vấn đề xã hội - công nghệ đang được quan tâm: bảo vệ dữ liệu cá nhân khi sử dụng các ứng dụng trực tuyến. Nội dung được tạo ngẫu nhiên nhằm phục vụ mục đích kiểm thử định dạng DOCX; test txt.txt: DU LỊCH SINH THÁI Ở VIỆT NAM; DU LỊCH SINH THÁI Ở VIỆT NAM.,"bao_cao_an_toan_du_lieu_ca_nhan.docx (trang 1, 4. Bảng đề xuất biện pháp) | test txt.txt",Đúng,Đúng,Đúng,1.0,Không,None,Đạt kỳ vọng theo bộ từ khóa chuẩn.,Không cần fix.,854.6
B300-CMP-038,Base 300,"txt_01_nhat_ky_vuon_rau.txt, docx_01_thu_vien_so.docx",DOCX+TXT,Base 300,"So sánh nội dung của ""txt_01_nhat_ky_vuon_rau.txt"" và ""docx_01_thu_vien_so.docx"".",Cần nêu được nội dung của cả hai file: NHẬT KÝ VƯỜN RAU BAN CÔNG; Tóm tắt nhanh,"Các tài liệu khác nhau ở phạm vi nội dung chính. docx_01_thu_vien_so.docx: Kế hoạch xây dựng thư viện số mini; Tài liệu mô tả mục tiêu, dữ liệu và quy trình vận hành thử nghiệm; txt_01_nhat_ky_vuon_rau.txt: NHẬT KÝ VƯỜN RAU BAN CÔNG; NHẬT KÝ VƯỜN RAU BAN CÔNG.","docx_01_thu_vien_so.docx (trang 1, Mục tiêu) | txt_01_nhat_ky_vuon_rau.txt (NHẬT KÝ VƯỜN RAU BAN CÔNG)",Đúng,Đúng,Đúng,1.0,Không,None,Đạt kỳ vọng theo bộ từ khóa chuẩn.,Không cần fix.,888.85
B300-CMP-039,Base 300,"txt_02_ke_hoach_clb_sach.txt, docx_02_ca_phe_sach.docx",DOCX+TXT,Base 300,"So sánh nội dung của ""txt_02_ke_hoach_clb_sach.txt"" và ""docx_02_ca_phe_sach.docx"".",Cần nêu được nội dung của cả hai file: KẾ HOẠCH CÂU LẠC BỘ ĐỌC SÁCH THÁNG 6; Tóm tắt nhanh,Các tài liệu khác nhau ở phạm vi nội dung chính. docx_02_ca_phe_sach.docx: Sổ tay quán cà phê sạch; Ghi chú vận hành ngắn gọn cho mô hình quán nhỏ; txt_02_ke_hoach_clb_sach.txt: KẾ HOẠCH CÂU LẠC BỘ ĐỌC SÁCH THÁNG 6; KẾ HOẠCH CÂU LẠC BỘ ĐỌC SÁCH THÁNG 6.,"docx_02_ca_phe_sach.docx (trang 1, Phục vụ) | txt_02_ke_hoach_clb_sach.txt (KẾ HOẠCH CÂU LẠC BỘ ĐỌC SÁCH THÁNG 6)",Đúng,Đúng,Đúng,1.0,Không,None,Đạt kỳ vọng theo bộ từ khóa chuẩn.,Không cần fix.,1739.78
B300-CMP-040,Base 300,"file_excel_mau_song_xanh.xlsx, Test docx.docx",DOCX+XLSX,Base 300,"So sánh nội dung của ""file_excel_mau_song_xanh.xlsx"" và ""Test docx.docx"".",Cần nêu được nội dung của cả hai file: Du_lieu_chien_dich; BÁO CÁO THỰC TẬP TỐT NGHIỆP,"Các tài liệu khác nhau ở phạm vi nội dung chính. file_excel_mau_song_xanh.xlsx: Du_lieu_chien_dich; Sheet: Du_lieu_chien_dich; Test docx.docx: BỘ GIAO THÔNG VẬN TẢI TRƯỜNG ĐẠI HỌC VẬN TẢI THÀNH PHỐ HỒ CHÍ MINH VIỆN CÔNG NGHỆ THÔNG TIN VÀ ĐIỆN, ĐIỆN TỬ; BÁO CÁO THỰC TẬP TỐT NGHIỆP; Đề tài: Nghiên cứu, ứng dụng mô hình AI, kết hợp đồ thị tri thức hỗ trợ tra cứu chính xác luật công nghệ thông tin.","file_excel_mau_song_xanh.xlsx (sheet Du_lieu_chien_dich) | Test docx.docx (trang 1, BÁO CÁO THỰC TẬP TỐT NGHIỆP)",Đúng,Đúng,Đúng,1.0,Không,None,Đạt kỳ vọng theo bộ từ khóa chuẩn.,Không cần fix.,2036.11
B300-TAB-001,Base 300,file_excel_mau_song_xanh.xlsx,XLSX,Base 300,"Workbook ""file_excel_mau_song_xanh.xlsx"" có bao nhiêu sheet và tên gì?","2 sheet: Du_lieu_chien_dich, Tong_quan","Tài liệu có 2 sheet: Du_lieu_chien_dich, Tong_quan.",file_excel_mau_song_xanh.xlsx (sheet Du_lieu_chien_dich) | file_excel_mau_song_xanh.xlsx (sheet Tong_quan),Đúng,Đúng,Đúng,1.0,Không,None,Đạt kỳ vọng theo bộ từ khóa chuẩn.,Không cần fix.,606.45
B300-TAB-002,Base 300,file_excel_mau_song_xanh.xlsx,XLSX,Base 300,"Trong file ""file_excel_mau_song_xanh.xlsx"", ở sheet ""Du_lieu_chien_dich"", dòng 3 có thông tin gì?",Ngày: 2026-05-01 00:00:00; Khu vực: Ký túc xá; Hoạt động: Đổi rác lấy cây; Người phụ trách: An; Số người tham gia: 32,"Ở sheet 'Du_lieu_chien_dich', dòng 3 có: Ngày: 2026-05-01 00:00:00; Khu vực: Ký túc xá; Hoạt động: Đổi rác lấy cây; Người phụ trách: An; Số người tham gia: 32; Rác tái chế (kg): 4.1; Chi phí (VND): 450000; Mức hài lòng: 4.6; Ghi chú: Hiệu quả cao; Chi phí/người: 14062.5.","file_excel_mau_song_xanh.xlsx (sheet Du_lieu_chien_dich, A1:L32) | file_excel_mau_song_xanh.xlsx (sheet Du_lieu_chien_dich)",Đúng,Đúng,Đúng,1.0,Không,None,Đạt kỳ vọng theo bộ từ khóa chuẩn.,Không cần fix.,647.37
B300-TAB-003,Base 300,file_excel_mau_song_xanh.xlsx,XLSX,Base 300,"Trong file ""file_excel_mau_song_xanh.xlsx"", ở sheet ""Du_lieu_chien_dich"", dòng 4 có thông tin gì?",Ngày: 2026-05-02 00:00:00; Khu vực: Căn tin; Hoạt động: Thu gom rác tái chế; Người phụ trách: Minh; Số người tham gia: 87,"Ở sheet 'Du_lieu_chien_dich', dòng 4 có: Ngày: 2026-05-02 00:00:00; Khu vực: Căn tin; Hoạt động: Thu gom rác tái chế; Người phụ trách: Minh; Số người tham gia: 87; Rác tái chế (kg): 12.9; Chi phí (VND): 300000; Mức hài lòng: 3.7; Ghi chú: Nên tổ chức lại; Chi phí/người: 3448.2758620689656.","file_excel_mau_song_xanh.xlsx (sheet Du_lieu_chien_dich, A1:L32) | file_excel_mau_song_xanh.xlsx (sheet Du_lieu_chien_dich)",Đúng,Đúng,Đúng,1.0,Không,None,Đạt kỳ vọng theo bộ từ khóa chuẩn.,Không cần fix.,647.4
B300-TAB-004,Base 300,file_excel_mau_song_xanh.xlsx,XLSX,Base 300,"Trong file ""file_excel_mau_song_xanh.xlsx"", ở sheet ""Du_lieu_chien_dich"", dòng 5 có thông tin gì?",Ngày: 2026-05-03 00:00:00; Khu vực: Thư viện; Hoạt động: Workshop sống xanh; Người phụ trách: Huy; Số người tham gia: 95,"Ở sheet 'Du_lieu_chien_dich', dòng 5 có: Ngày: 2026-05-03 00:00:00; Khu vực: Thư viện; Hoạt động: Workshop sống xanh; Người phụ trách: Huy; Số người tham gia: 95; Rác tái chế (kg): 12.2; Chi phí (VND): 450000; Mức hài lòng: 4.1; Ghi chú: Sinh viên tham gia tích cực; Chi phí/người: 4736.8421052631575.","file_excel_mau_song_xanh.xlsx (sheet Du_lieu_chien_dich, A1:L32) | file_excel_mau_song_xanh.xlsx (sheet Du_lieu_chien_dich)",Đúng,Đúng,Đúng,1.0,Không,None,Đạt kỳ vọng theo bộ từ khóa chuẩn.,Không cần fix.,641.79
B300-TAB-005,Base 300,file_excel_mau_song_xanh.xlsx,XLSX,Base 300,"Trong file ""file_excel_mau_song_xanh.xlsx"", ở sheet ""Du_lieu_chien_dich"", dòng 6 có thông tin gì?",Ngày: 2026-05-04 00:00:00; Khu vực: Thư viện; Hoạt động: Dọn vệ sinh khu vực; Người phụ trách: Trang; Số người tham gia: 18,"Ở sheet 'Du_lieu_chien_dich', dòng 6 có: Ngày: 2026-05-04 00:00:00; Khu vực: Thư viện; Hoạt động: Dọn vệ sinh khu vực; Người phụ trách: Trang; Số người tham gia: 18; Rác tái chế (kg): 6.7; Chi phí (VND): 500000; Mức hài lòng: 3.6; Ghi chú: Sinh viên tham gia tích cực; Chi phí/người: 27777.777777777777.","file_excel_mau_song_xanh.xlsx (sheet Du_lieu_chien_dich, A1:L32) | file_excel_mau_song_xanh.xlsx (sheet Du_lieu_chien_dich)",Đúng,Đúng,Đúng,1.0,Không,None,Đạt kỳ vọng theo bộ từ khóa chuẩn.,Không cần fix.,676.27
B300-TAB-006,Base 300,file_excel_mau_song_xanh.xlsx,XLSX,Base 300,"Trong file ""file_excel_mau_song_xanh.xlsx"", ở sheet ""Du_lieu_chien_dich"", dòng 7 có thông tin gì?",Ngày: 2026-05-05 00:00:00; Khu vực: Khoa CNTT; Hoạt động: Tuyên truyền phân loại rác; Người phụ trách: Trang; Số người tham gia: 31,"Ở sheet 'Du_lieu_chien_dich', dòng 7 có: Ngày: 2026-05-05 00:00:00; Khu vực: Khoa CNTT; Hoạt động: Tuyên truyền phân loại rác; Người phụ trách: Trang; Số người tham gia: 31; Rác tái chế (kg): 4.7; Chi phí (VND): 800000; Mức hài lòng: 3.8; Ghi chú: Hoàn thành tốt; Chi phí/người: 25806.451612903227.","file_excel_mau_song_xanh.xlsx (sheet Du_lieu_chien_dich, A1:L32) | file_excel_mau_song_xanh.xlsx (sheet Tong_quan, A1:H16)",Đúng,Đúng,Đúng,1.0,Không,None,Đạt kỳ vọng theo bộ từ khóa chuẩn.,Không cần fix.,760.57
B300-TAB-007,Base 300,file_excel_mau_song_xanh.xlsx,XLSX,Base 300,"Trong file ""file_excel_mau_song_xanh.xlsx"", ở sheet ""Du_lieu_chien_dich"", dòng 8 có thông tin gì?",Ngày: 2026-05-06 00:00:00; Khu vực: Căn tin; Hoạt động: Thu gom rác tái chế; Người phụ trách: Linh; Số người tham gia: 76,"Ở sheet 'Du_lieu_chien_dich', dòng 8 có: Ngày: 2026-05-06 00:00:00; Khu vực: Căn tin; Hoạt động: Thu gom rác tái chế; Người phụ trách: Linh; Số người tham gia: 76; Rác tái chế (kg): 22.6; Chi phí (VND): 500000; Mức hài lòng: 4.7; Ghi chú: Nên tổ chức lại; Chi phí/người: 6578.9473684210525.","file_excel_mau_song_xanh.xlsx (sheet Du_lieu_chien_dich, A1:L32) | file_excel_mau_song_xanh.xlsx (sheet Tong_quan, A1:H16)",Đúng,Đúng,Đúng,1.0,Không,None,Đạt kỳ vọng theo bộ từ khóa chuẩn.,Không cần fix.,618.25
B300-TAB-008,Base 300,file_excel_mau_song_xanh.xlsx,XLSX,Base 300,"Trong file ""file_excel_mau_song_xanh.xlsx"", ở sheet ""Du_lieu_chien_dich"", dòng 9 có thông tin gì?",Ngày: 2026-05-07 00:00:00; Khu vực: Phòng học A; Hoạt động: Thu gom rác tái chế; Người phụ trách: Minh; Số người tham gia: 64,"Ở sheet 'Du_lieu_chien_dich', dòng 9 có: Ngày: 2026-05-07 00:00:00; Khu vực: Phòng học A; Hoạt động: Thu gom rác tái chế; Người phụ trách: Minh; Số người tham gia: 64; Rác tái chế (kg): 19.9; Chi phí (VND): 1000000; Mức hài lòng: 3.8; Ghi chú: Sinh viên tham gia tích cực; Chi phí/người: 15625.","file_excel_mau_song_xanh.xlsx (sheet Du_lieu_chien_dich, A1:L32) | file_excel_mau_song_xanh.xlsx (sheet Tong_quan, A1:H16)",Đúng,Đúng,Đúng,1.0,Không,None,Đạt kỳ vọng theo bộ từ khóa chuẩn.,Không cần fix.,748.28
B300-TAB-009,Base 300,file_excel_mau_song_xanh.xlsx,XLSX,Base 300,"Trong file ""file_excel_mau_song_xanh.xlsx"", ở sheet ""Du_lieu_chien_dich"", dòng 10 có thông tin gì?",Ngày: 2026-05-08 00:00:00; Khu vực: Khoa CNTT; Hoạt động: Dọn vệ sinh khu vực; Người phụ trách: Trang; Số người tham gia: 28,"Ở sheet 'Du_lieu_chien_dich', dòng 10 có: Ngày: 2026-05-08 00:00:00; Khu vực: Khoa CNTT; Hoạt động: Dọn vệ sinh khu vực; Người phụ trách: Trang; Số người tham gia: 28; Rác tái chế (kg): 11.3; Chi phí (VND): 650000; Mức hài lòng: 4.4; Ghi chú: Sinh viên tham gia tích cực; Chi phí/người: 23214.285714285714.","file_excel_mau_song_xanh.xlsx (sheet Du_lieu_chien_dich, A1:L32)",Đúng,Đúng,Đúng,1.0,Không,None,Đạt kỳ vọng theo bộ từ khóa chuẩn.,Không cần fix.,1414.04
B300-TAB-010,Base 300,file_excel_mau_song_xanh.xlsx,XLSX,Base 300,"Trong file ""file_excel_mau_song_xanh.xlsx"", ở sheet ""Du_lieu_chien_dich"", dòng 11 có thông tin gì?",Ngày: 2026-05-09 00:00:00; Khu vực: Thư viện; Hoạt động: Tuyên truyền phân loại rác; Người phụ trách: Phúc; Số người tham gia: 38,"Ở sheet 'Du_lieu_chien_dich', dòng 11 có: Ngày: 2026-05-09 00:00:00; Khu vực: Thư viện; Hoạt động: Tuyên truyền phân loại rác; Người phụ trách: Phúc; Số người tham gia: 38; Rác tái chế (kg): 9.2; Chi phí (VND): 1000000; Mức hài lòng: 4.4; Ghi chú: Nên tổ chức lại; Chi phí/người: 26315.78947368421.","file_excel_mau_song_xanh.xlsx (sheet Du_lieu_chien_dich, A1:L32) | file_excel_mau_song_xanh.xlsx (sheet Tong_quan, A1:H16)",Đúng,Đúng,Đúng,1.0,Không,None,Đạt kỳ vọng theo bộ từ khóa chuẩn.,Không cần fix.,833.22
B300-TAB-011,Base 300,file_excel_mau_song_xanh.xlsx,XLSX,Base 300,"Trong file ""file_excel_mau_song_xanh.xlsx"", ở sheet ""Du_lieu_chien_dich"", dòng 12 có thông tin gì?",Ngày: 2026-05-10 00:00:00; Khu vực: Thư viện; Hoạt động: Đổi rác lấy cây; Người phụ trách: Huy; Số người tham gia: 39,"Ở sheet 'Du_lieu_chien_dich', dòng 12 có: Ngày: 2026-05-10 00:00:00; Khu vực: Thư viện; Hoạt động: Đổi rác lấy cây; Người phụ trách: Huy; Số người tham gia: 39; Rác tái chế (kg): 11.6; Chi phí (VND): 650000; Mức hài lòng: 3.8; Ghi chú: Hiệu quả cao; Chi phí/người: 16666.666666666668.","file_excel_mau_song_xanh.xlsx (sheet Du_lieu_chien_dich, A1:L32) | file_excel_mau_song_xanh.xlsx (sheet Tong_quan, A1:H16)",Đúng,Đúng,Đúng,1.0,Không,None,Đạt kỳ vọng theo bộ từ khóa chuẩn.,Không cần fix.,967.85
B300-TAB-012,Base 300,file_excel_mau_song_xanh.xlsx,XLSX,Base 300,"Trong file ""file_excel_mau_song_xanh.xlsx"", ở sheet ""Du_lieu_chien_dich"", dòng 13 có thông tin gì?",Ngày: 2026-05-11 00:00:00; Khu vực: Ký túc xá; Hoạt động: Thu gom rác tái chế; Người phụ trách: An; Số người tham gia: 89,"Ở sheet 'Du_lieu_chien_dich', dòng 13 có: Ngày: 2026-05-11 00:00:00; Khu vực: Ký túc xá; Hoạt động: Thu gom rác tái chế; Người phụ trách: An; Số người tham gia: 89; Rác tái chế (kg): 17.1; Chi phí (VND): 1200000; Mức hài lòng: 3.5; Ghi chú: Sinh viên tham gia tích cực; Chi phí/người: 13483.14606741573.","file_excel_mau_song_xanh.xlsx (sheet Du_lieu_chien_dich, A1:L32) | file_excel_mau_song_xanh.xlsx (sheet Tong_quan, A1:H16)",Đúng,Đúng,Đúng,1.0,Không,None,Đạt kỳ vọng theo bộ từ khóa chuẩn.,Không cần fix.,1168.64
B300-TAB-013,Base 300,file_excel_mau_song_xanh.xlsx,XLSX,Base 300,"Trong file ""file_excel_mau_song_xanh.xlsx"", ở sheet ""Du_lieu_chien_dich"", dòng 14 có thông tin gì?",Ngày: 2026-05-12 00:00:00; Khu vực: Thư viện; Hoạt động: Workshop sống xanh; Người phụ trách: Phúc; Số người tham gia: 69,"Ở sheet 'Du_lieu_chien_dich', dòng 14 có: Ngày: 2026-05-12 00:00:00; Khu vực: Thư viện; Hoạt động: Workshop sống xanh; Người phụ trách: Phúc; Số người tham gia: 69; Rác tái chế (kg): 14.4; Chi phí (VND): 500000; Mức hài lòng: 3.7; Ghi chú: Thiếu vật tư; Chi phí/người: 7246.376811594203.","file_excel_mau_song_xanh.xlsx (sheet Du_lieu_chien_dich, A1:L32) | file_excel_mau_song_xanh.xlsx (sheet Tong_quan, A1:H16)",Đúng,Đúng,Đúng,1.0,Không,None,Đạt kỳ vọng theo bộ từ khóa chuẩn.,Không cần fix.,756.73
B300-TAB-014,Base 300,Test xlsx.xlsx,XLSX,Base 300,"Workbook ""Test xlsx.xlsx"" có bao nhiêu sheet và tên gì?","3 sheet: Sheet4, Sheet2, Sheet1","Tài liệu có 3 sheet: Sheet4, Sheet2, Sheet1.",Test xlsx.xlsx (sheet Sheet4) | Test xlsx.xlsx (sheet Sheet2) | Test xlsx.xlsx (sheet Sheet1),Đúng,Đúng,Đúng,1.0,Không,None,Đạt kỳ vọng theo bộ từ khóa chuẩn.,Không cần fix.,852.78
B300-TAB-015,Base 300,Test xlsx.xlsx,XLSX,Base 300,"Trong file ""Test xlsx.xlsx"", ở sheet ""Sheet4"", dòng 3 có thông tin gì?",No.: 1.0; 受験番号: KI2; 氏名: のび太　徳田; 性別: A; 学科名: 教育学科,"Ở sheet 'Sheet4', dòng 3 có: No.: 1.0; 受験番号: KI2; 氏名: のび太 徳田; 性別: A; 学科名: 教育学科; 日本語: 9.0; 数学: 8.5; 文学: 7.5; 総計: 34; 結果: D.","Test xlsx.xlsx (sheet Sheet4, A1:Z1000) | Test xlsx.xlsx (sheet Sheet4)",Đúng,Đúng,Đúng,1.0,Không,None,Đạt kỳ vọng theo bộ từ khóa chuẩn.,Không cần fix.,541.53
B300-TAB-016,Base 300,Test xlsx.xlsx,XLSX,Base 300,"Trong file ""Test xlsx.xlsx"", ở sheet ""Sheet4"", dòng 4 có thông tin gì?",No.: 2.0; 受験番号: KE2; 氏名: 優希　カイ; 性別: A; 学科名: 経営学科,"Ở sheet 'Sheet4', dòng 4 có: No.: 2.0; 受験番号: KE2; 氏名: 優希 カイ; 性別: A; 学科名: 経営学科; 日本語: 9.0; 数学: 7.0; 文学: 6.0; 総計: 22; 結果: ROT.","Test xlsx.xlsx (sheet Sheet4, A1:Z1000) | Test xlsx.xlsx (sheet Sheet4)",Đúng,Đúng,Đúng,1.0,Không,None,Đạt kỳ vọng theo bộ từ khóa chuẩn.,Không cần fix.,739.98
B300-TAB-017,Base 300,Test xlsx.xlsx,XLSX,Base 300,"Trong file ""Test xlsx.xlsx"", ở sheet ""Sheet4"", dòng 5 có thông tin gì?",No.: 3.0; 受験番号: NH2; 氏名: 勝弘　系; 性別: A; 学科名: 日本語学科,"Ở sheet 'Sheet4', dòng 5 có: No.: 3.0; 受験番号: NH2; 氏名: 勝弘 系; 性別: A; 学科名: 日本語学科; 日本語: 8.0; 数学: 5.0; 文学: 7.0; 総計: 28; 結果: D.","Test xlsx.xlsx (sheet Sheet4, A1:Z1000) | Test xlsx.xlsx (sheet Sheet4)",Đúng,Đúng,Đúng,1.0,Không,None,Đạt kỳ vọng theo bộ từ khóa chuẩn.,Không cần fix.,559.43
B300-TAB-018,Base 300,Test xlsx.xlsx,XLSX,Base 300,"Trong file ""Test xlsx.xlsx"", ở sheet ""Sheet4"", dòng 6 có thông tin gì?",No.: 4.0; 受験番号: KI1; 氏名: 山下　恵子; 性別: U; 学科名: 教育学科,"Ở sheet 'Sheet4', dòng 6 có: No.: 4.0; 受験番号: KI1; 氏名: 山下 恵子; 性別: U; 学科名: 教育学科; 日本語: 9.0; 数学: 10.0; 文学: 8.5; 総計: 36.5; 結果: D.","Test xlsx.xlsx (sheet Sheet4, A1:Z1000) | Test xlsx.xlsx (sheet Sheet4)",Đúng,Đúng,Đúng,1.0,Không,None,Đạt kỳ vọng theo bộ từ khóa chuẩn.,Không cần fix.,523.2
B300-TAB-019,Base 300,Test xlsx.xlsx,XLSX,Base 300,"Trong file ""Test xlsx.xlsx"", ở sheet ""Sheet4"", dòng 7 có thông tin gì?",No.: 5.0; 受験番号: NH1; 氏名: 山川　静香; 性別: U; 学科名: 日本語学科,"Ở sheet 'Sheet4', dòng 7 có: No.: 5.0; 受験番号: NH1; 氏名: 山川 静香; 性別: U; 学科名: 日本語学科; 日本語: 10.0; 数学: 7.0; 文学: 5.0; 総計: 32; 結果: D.","Test xlsx.xlsx (sheet Sheet4, A1:Z1000) | Test xlsx.xlsx (sheet Sheet2, A1:Z1000)",Đúng,Đúng,Đúng,1.0,Không,None,Đạt kỳ vọng theo bộ từ khóa chuẩn.,Không cần fix.,591.72
B300-TAB-020,Base 300,Test xlsx.xlsx,XLSX,Base 300,"Trong file ""Test xlsx.xlsx"", ở sheet ""Sheet4"", dòng 8 có thông tin gì?",No.: 6.0; 受験番号: NH1; 氏名: 山田　浩; 性別: U; 学科名: 日本語学科,"Ở sheet 'Sheet4', dòng 8 có: No.: 6.0; 受験番号: NH1; 氏名: 山田 浩; 性別: U; 学科名: 日本語学科; 日本語: 5.0; 数学: 6.0; 文学: 8.0; 総計: 24; 結果: ROT.","Test xlsx.xlsx (sheet Sheet4, A1:Z1000) | Test xlsx.xlsx (sheet Sheet2, A1:Z1000)",Đúng,Đúng,Đúng,1.0,Không,None,Đạt kỳ vọng theo bộ từ khóa chuẩn.,Không cần fix.,1161.13
B300-TAB-021,Base 300,Test xlsx.xlsx,XLSX,Base 300,"Trong file ""Test xlsx.xlsx"", ở sheet ""Sheet4"", dòng 9 có thông tin gì?",No.: 7.0; 受験番号: KE2; 氏名: 志村　愛; 性別: A; 学科名: 経営学科,"Ở sheet 'Sheet4', dòng 9 có: No.: 7.0; 受験番号: KE2; 氏名: 志村 愛; 性別: A; 学科名: 経営学科; 日本語: 7.0; 数学: 7.0; 文学: 8.0; 総計: 22; 結果: ROT.","Test xlsx.xlsx (sheet Sheet4, A1:Z1000) | Test xlsx.xlsx (sheet Sheet2, A1:Z1000)",Đúng,Đúng,Đúng,1.0,Không,None,Đạt kỳ vọng theo bộ từ khóa chuẩn.,Không cần fix.,471.97
B300-TAB-022,Base 300,Test xlsx.xlsx,XLSX,Base 300,"Trong file ""Test xlsx.xlsx"", ở sheet ""Sheet4"", dòng 10 có thông tin gì?",No.: 8.0; 受験番号: NH1; 氏名: 木村　信; 性別: U; 学科名: 日本語学科,"Ở sheet 'Sheet4', dòng 10 có: No.: 8.0; 受験番号: NH1; 氏名: 木村 信; 性別: U; 学科名: 日本語学科; 日本語: 4.5; 数学: 7.0; 文学: 7.0; 総計: 23; 結果: ROT.","Test xlsx.xlsx (sheet Sheet4, A1:Z1000) | Test xlsx.xlsx (sheet Sheet2, A1:Z1000)",Đúng,Đúng,Đúng,1.0,Không,None,Đạt kỳ vọng theo bộ từ khóa chuẩn.,Không cần fix.,605.43
B300-TAB-023,Base 300,Test xlsx.xlsx,XLSX,Base 300,"Trong file ""Test xlsx.xlsx"", ở sheet ""Sheet4"", dòng 11 có thông tin gì?",No.: 9.0; 受験番号: KE1; 氏名: 木村　杏奈; 性別: U; 学科名: 経営学科,"Ở sheet 'Sheet4', dòng 11 có: No.: 9.0; 受験番号: KE1; 氏名: 木村 杏奈; 性別: U; 学科名: 経営学科; 日本語: 6.5; 数学: 9.0; 文学: 7.0; 総計: 22.5; 結果: ROT.","Test xlsx.xlsx (sheet Sheet4, A1:Z1000) | Test xlsx.xlsx (sheet Sheet2, A1:Z1000)",Đúng,Đúng,Đúng,1.0,Không,None,Đạt kỳ vọng theo bộ từ khóa chuẩn.,Không cần fix.,379.48
B300-TAB-024,Base 300,Test xlsx.xlsx,XLSX,Base 300,"Trong file ""Test xlsx.xlsx"", ở sheet ""Sheet4"", dòng 12 có thông tin gì?",No.: 10.0; 受験番号: KI2; 氏名: 立山　高貴; 性別: A; 学科名: 教育学科,"Ở sheet 'Sheet4', dòng 12 có: No.: 10.0; 受験番号: KI2; 氏名: 立山 高貴; 性別: A; 学科名: 教育学科; 日本語: 5.0; 数学: 7.0; 文学: 8.5; 総計: 25.5; 結果: D.","Test xlsx.xlsx (sheet Sheet4, A1:Z1000) | Test xlsx.xlsx (sheet Sheet2, A1:Z1000)",Đúng,Đúng,Đúng,1.0,Không,None,Đạt kỳ vọng theo bộ từ khóa chuẩn.,Không cần fix.,476.71
B300-TAB-025,Base 300,Test xlsx.xlsx,XLSX,Base 300,"Trong file ""Test xlsx.xlsx"", ở sheet ""Sheet4"", dòng 13 có thông tin gì?",学科名: 平均点; 日本語: ?; 数学: ?; 文学: ?; 総計: ?,"Ở sheet 'Sheet4', dòng 13 có: 学科名: 平均点; 日本語:?; 数学:?; 文学:?; 総計:?; column_12: 合格者数; column_18: （10点）.","Test xlsx.xlsx (sheet Sheet4, A1:Z1000) | Test xlsx.xlsx (sheet Sheet2, A1:Z1000)",Đúng,Đúng,Một phần,0.5,Không,Medium,Đạt kỳ vọng theo bộ từ khóa chuẩn.,Tinh chỉnh citation selection và reranking để nguồn trả về sát hơn.,436.1
B300-TAB-026,Base 300,Test xlsx.xlsx,XLSX,Base 300,"Trong file ""Test xlsx.xlsx"", ở sheet ""Sheet4"", dòng 14 có thông tin gì?",学科名: 最高点; 日本語: ?; 数学: ?; 文学: ?; 総計: ?,"Ở sheet 'Sheet4', dòng 14 có: 学科名: 最高点; 日本語:?; 数学:?; 文学:?; 総計:?; column_12: 合格率; column_18: （5点）.","Test xlsx.xlsx (sheet Sheet4, A1:Z1000) | Test xlsx.xlsx (sheet Sheet2, A1:Z1000)",Đúng,Đúng,Một phần,0.5,Không,Medium,Đạt kỳ vọng theo bộ từ khóa chuẩn.,Tinh chỉnh citation selection và reranking để nguồn trả về sát hơn.,663.82
B300-TAB-027,Base 300,xlsx_01_bao_cao_doanh_thu.xlsx,XLSX,Base 300,"Workbook ""xlsx_01_bao_cao_doanh_thu.xlsx"" có bao nhiêu sheet và tên gì?","2 sheet: Doanh thu, KPI","Tài liệu có 2 sheet: Doanh thu, KPI.",xlsx_01_bao_cao_doanh_thu.xlsx (sheet KPI) | xlsx_01_bao_cao_doanh_thu.xlsx (sheet Doanh thu),Đúng,Đúng,Đúng,1.0,Không,None,Đạt kỳ vọng theo bộ từ khóa chuẩn.,Không cần fix.,540.33
B300-TAB-028,Base 300,xlsx_01_bao_cao_doanh_thu.xlsx,XLSX,Base 300,"Trong file ""xlsx_01_bao_cao_doanh_thu.xlsx"", ở sheet ""Doanh thu"", dòng 2 có thông tin gì?",Tháng: 01/2026; Sản phẩm A: 120; Sản phẩm B: 90; Dịch vụ: 45; Tổng: 255,"Ở sheet 'Doanh thu', dòng 2 có: Tháng: 01/2026; Sản phẩm A: 120; Sản phẩm B: 90; Dịch vụ: 45; Tổng: 255; Ghi chú: Sau Tết nhu cầu ổn định.","xlsx_01_bao_cao_doanh_thu.xlsx (sheet Doanh thu, A1:F7) | xlsx_01_bao_cao_doanh_thu.xlsx (sheet Doanh thu)",Đúng,Đúng,Đúng,1.0,Không,None,Đạt kỳ vọng theo bộ từ khóa chuẩn.,Không cần fix.,492.45
B300-TAB-029,Base 300,xlsx_01_bao_cao_doanh_thu.xlsx,XLSX,Base 300,"Trong file ""xlsx_01_bao_cao_doanh_thu.xlsx"", ở sheet ""Doanh thu"", dòng 3 có thông tin gì?",Tháng: 02/2026; Sản phẩm A: 135; Sản phẩm B: 88; Dịch vụ: 52; Tổng: 275,"Ở sheet 'Doanh thu', dòng 3 có: Tháng: 02/2026; Sản phẩm A: 135; Sản phẩm B: 88; Dịch vụ: 52; Tổng: 275; Ghi chú: Tăng nhờ chương trình combo.","xlsx_01_bao_cao_doanh_thu.xlsx (sheet Doanh thu, A1:F7) | xlsx_01_bao_cao_doanh_thu.xlsx (sheet Doanh thu)",Đúng,Đúng,Đúng,1.0,Không,None,Đạt kỳ vọng theo bộ từ khóa chuẩn.,Không cần fix.,465.21
B300-TAB-030,Base 300,xlsx_01_bao_cao_doanh_thu.xlsx,XLSX,Base 300,"Trong file ""xlsx_01_bao_cao_doanh_thu.xlsx"", ở sheet ""Doanh thu"", dòng 4 có thông tin gì?",Tháng: 03/2026; Sản phẩm A: 128; Sản phẩm B: 105; Dịch vụ: 58; Tổng: 291,"Ở sheet 'Doanh thu', dòng 4 có: Tháng: 03/2026; Sản phẩm A: 128; Sản phẩm B: 105; Dịch vụ: 58; Tổng: 291; Ghi chú: Bắt đầu quảng cáo online.","xlsx_01_bao_cao_doanh_thu.xlsx (sheet Doanh thu, A1:F7) | xlsx_01_bao_cao_doanh_thu.xlsx (sheet Doanh thu)",Đúng,Đúng,Đúng,1.0,Không,None,Đạt kỳ vọng theo bộ từ khóa chuẩn.,Không cần fix.,452.23
B300-TAB-031,Base 300,xlsx_01_bao_cao_doanh_thu.xlsx,XLSX,Base 300,"Trong file ""xlsx_01_bao_cao_doanh_thu.xlsx"", ở sheet ""Doanh thu"", dòng 5 có thông tin gì?",Tháng: 04/2026; Sản phẩm A: 150; Sản phẩm B: 112; Dịch vụ: 64; Tổng: 326,"Ở sheet 'Doanh thu', dòng 5 có: Tháng: 04/2026; Sản phẩm A: 150; Sản phẩm B: 112; Dịch vụ: 64; Tổng: 326; Ghi chú: Khách hàng doanh nghiệp tăng.","xlsx_01_bao_cao_doanh_thu.xlsx (sheet Doanh thu, A1:F7) | xlsx_01_bao_cao_doanh_thu.xlsx (sheet Doanh thu)",Đúng,Đúng,Đúng,1.0,Không,None,Đạt kỳ vọng theo bộ từ khóa chuẩn.,Không cần fix.,724.48
B300-TAB-032,Base 300,xlsx_01_bao_cao_doanh_thu.xlsx,XLSX,Base 300,"Trong file ""xlsx_01_bao_cao_doanh_thu.xlsx"", ở sheet ""Doanh thu"", dòng 6 có thông tin gì?",Tháng: 05/2026; Sản phẩm A: 162; Sản phẩm B: 120; Dịch vụ: 71; Tổng: 353,"Ở sheet 'Doanh thu', dòng 6 có: Tháng: 05/2026; Sản phẩm A: 162; Sản phẩm B: 120; Dịch vụ: 71; Tổng: 353; Ghi chú: Cần bổ sung nhân sự tư vấn.","xlsx_01_bao_cao_doanh_thu.xlsx (sheet Doanh thu, A1:F7) | xlsx_01_bao_cao_doanh_thu.xlsx (sheet Doanh thu)",Đúng,Đúng,Đúng,1.0,Không,None,Đạt kỳ vọng theo bộ từ khóa chuẩn.,Không cần fix.,583.83
B300-TAB-033,Base 300,xlsx_01_bao_cao_doanh_thu.xlsx,XLSX,Base 300,"Trong file ""xlsx_01_bao_cao_doanh_thu.xlsx"", ở sheet ""Doanh thu"", dòng 7 có thông tin gì?",Tháng: 06/2026; Sản phẩm A: 158; Sản phẩm B: 130; Dịch vụ: 75; Tổng: 363,"Ở sheet 'Doanh thu', dòng 7 có: Tháng: 06/2026; Sản phẩm A: 158; Sản phẩm B: 130; Dịch vụ: 75; Tổng: 363; Ghi chú: Duy trì chăm sóc khách cũ.","xlsx_01_bao_cao_doanh_thu.xlsx (sheet Doanh thu, A1:F7)",Đúng,Đúng,Đúng,1.0,Không,None,Đạt kỳ vọng theo bộ từ khóa chuẩn.,Không cần fix.,455.58
B300-TAB-034,Base 300,xlsx_01_bao_cao_doanh_thu.xlsx,XLSX,Base 300,"Trong file ""xlsx_01_bao_cao_doanh_thu.xlsx"", ở sheet ""KPI"", dòng 2 có thông tin gì?",Chỉ số: Tỷ lệ phản hồi khách hàng; Mục tiêu: 90%; Thực tế: 86%; Đánh giá: Cần cải thiện,"Ở sheet 'KPI', dòng 2 có: Chỉ số: Tỷ lệ phản hồi khách hàng; Mục tiêu: 90%; Thực tế: 86%; Đánh giá: Cần cải thiện.","xlsx_01_bao_cao_doanh_thu.xlsx (sheet KPI, A1:D6) | xlsx_01_bao_cao_doanh_thu.xlsx (sheet KPI)",Đúng,Đúng,Đúng,1.0,Không,None,Đạt kỳ vọng theo bộ từ khóa chuẩn.,Không cần fix.,432.79
B300-TAB-035,Base 300,xlsx_01_bao_cao_doanh_thu.xlsx,XLSX,Base 300,"Trong file ""xlsx_01_bao_cao_doanh_thu.xlsx"", ở sheet ""KPI"", dòng 3 có thông tin gì?",Chỉ số: Đơn hàng đúng hạn; Mục tiêu: 95%; Thực tế: 97%; Đánh giá: Đạt,"Ở sheet 'KPI', dòng 3 có: Chỉ số: Đơn hàng đúng hạn; Mục tiêu: 95%; Thực tế: 97%; Đánh giá: Đạt.","xlsx_01_bao_cao_doanh_thu.xlsx (sheet KPI, A1:D6) | xlsx_01_bao_cao_doanh_thu.xlsx (sheet KPI)",Đúng,Đúng,Đúng,1.0,Không,None,Đạt kỳ vọng theo bộ từ khóa chuẩn.,Không cần fix.,471.08
B300-TAB-036,Base 300,xlsx_01_bao_cao_doanh_thu.xlsx,XLSX,Base 300,"Trong file ""xlsx_01_bao_cao_doanh_thu.xlsx"", ở sheet ""KPI"", dòng 4 có thông tin gì?",Chỉ số: Chi phí quảng cáo; Mục tiêu: 25 triệu; Thực tế: 23 triệu; Đánh giá: Đạt,"Ở sheet 'KPI', dòng 4 có: Chỉ số: Chi phí quảng cáo; Mục tiêu: 25 triệu; Thực tế: 23 triệu; Đánh giá: Đạt.","xlsx_01_bao_cao_doanh_thu.xlsx (sheet KPI, A1:D6) | xlsx_01_bao_cao_doanh_thu.xlsx (sheet KPI)",Đúng,Đúng,Đúng,1.0,Không,None,Đạt kỳ vọng theo bộ từ khóa chuẩn.,Không cần fix.,674.38
B300-TAB-037,Base 300,xlsx_01_bao_cao_doanh_thu.xlsx,XLSX,Base 300,"Trong file ""xlsx_01_bao_cao_doanh_thu.xlsx"", ở sheet ""KPI"", dòng 5 có thông tin gì?",Chỉ số: Tỷ lệ khách quay lại; Mục tiêu: 35%; Thực tế: 32%; Đánh giá: Theo dõi thêm,"Ở sheet 'KPI', dòng 5 có: Chỉ số: Tỷ lệ khách quay lại; Mục tiêu: 35%; Thực tế: 32%; Đánh giá: Theo dõi thêm.","xlsx_01_bao_cao_doanh_thu.xlsx (sheet KPI, A1:D6) | xlsx_01_bao_cao_doanh_thu.xlsx (sheet KPI)",Đúng,Đúng,Đúng,1.0,Không,None,Đạt kỳ vọng theo bộ từ khóa chuẩn.,Không cần fix.,971.88
B300-TAB-038,Base 300,xlsx_01_bao_cao_doanh_thu.xlsx,XLSX,Base 300,"Trong file ""xlsx_01_bao_cao_doanh_thu.xlsx"", ở sheet ""KPI"", dòng 6 có thông tin gì?",Chỉ số: Số lỗi vận hành; Mục tiêu: <= 5; Thực tế: 4; Đánh giá: Đạt,"Ở sheet 'KPI', dòng 6 có: Chỉ số: Số lỗi vận hành; Mục tiêu: <= 5; Thực tế: 4; Đánh giá: Đạt.","xlsx_01_bao_cao_doanh_thu.xlsx (sheet KPI, A1:D6) | xlsx_01_bao_cao_doanh_thu.xlsx (sheet KPI)",Đúng,Đúng,Đúng,1.0,Không,None,Đạt kỳ vọng theo bộ từ khóa chuẩn.,Không cần fix.,486.83
B300-TAB-039,Base 300,xlsx_02_ke_hoach_hoc_tap.xlsx,XLSX,Base 300,"Workbook ""xlsx_02_ke_hoach_hoc_tap.xlsx"" có bao nhiêu sheet và tên gì?","2 sheet: Ke hoach hoc tap, Tai nguyen","Tài liệu có 2 sheet: Ke hoach hoc tap, Tai nguyen.",xlsx_02_ke_hoach_hoc_tap.xlsx (sheet Tai nguyen) | xlsx_02_ke_hoach_hoc_tap.xlsx (sheet Ke hoach hoc tap),Đúng,Đúng,Đúng,1.0,Không,None,Đạt kỳ vọng theo bộ từ khóa chuẩn.,Không cần fix.,401.57
B300-TAB-040,Base 300,xlsx_02_ke_hoach_hoc_tap.xlsx,XLSX,Base 300,"Trong file ""xlsx_02_ke_hoach_hoc_tap.xlsx"", ở sheet ""Ke hoach hoc tap"", dòng 2 có thông tin gì?","Tuần: 1; Môn học: Cloud Computing; Mục tiêu: Ôn NIST, IaaS/PaaS/SaaS; Giờ dự kiến: 8; Giờ thực tế: 7","Ở sheet 'Ke hoach hoc tap', dòng 2 có: Tuần: 1; Môn học: Cloud Computing; Mục tiêu: Ôn NIST, IaaS/PaaS/SaaS; Giờ dự kiến: 8; Giờ thực tế: 7; Tỷ lệ hoàn thành: 0.875.","xlsx_02_ke_hoach_hoc_tap.xlsx (sheet Ke hoach hoc tap, A1:F7) | xlsx_02_ke_hoach_hoc_tap.xlsx (sheet Ke hoach hoc tap)",Đúng,Đúng,Đúng,1.0,Không,None,Đạt kỳ vọng theo bộ từ khóa chuẩn.,Không cần fix.,361.15
B300-SLD-001,Base 300,AI Document Question Answering System.pptx,PPTX,Base 300,"Slide 1 của file ""AI Document Question Answering System.pptx"" nói về nội dung gì?","Slide: 1; Title: Slide 1; [4] textbox/text_box @ x=3043085,y=1287313,w=3922424,h=575310: TRƯỜNG ĐẠI HỌC GIAO THÔNG VẬN TẢI THÀNH PHỐ HỒ CHÍ MINH",Slide 1 nói về: TRƯỜNG ĐẠI HỌC GIAO THÔNG VẬN TẢI THÀNH PHỐ HỒ CHÍ MINH; ĐỀ TÀI: AI Document Question Answering System; Giảng viên hướng dẫn: Nguyễn Văn Huy; Sinh viên thực hiện: Huỳnh Ngọc Quang Vinh.,AI Document Question Answering System.pptx (slide 1),Đúng,Đúng,Một phần,0.5,Không,Medium,Đạt kỳ vọng theo bộ từ khóa chuẩn.,Tinh chỉnh citation selection và reranking để nguồn trả về sát hơn.,601.16
B300-SLD-002,Base 300,AI Document Question Answering System.pptx,PPTX,Base 300,"Slide 2 của file ""AI Document Question Answering System.pptx"" nói về nội dung gì?","Slide: 2; Title: Slide 2; [3] textbox/text_box @ x=3789681,y=300037,w=2326649,h=685800: Nội dung",Slide 2 nói về: Nội dung; Giới thiệu đề tài; Vấn đề thực tế; Giải pháp đề xuất; Kiến trúc tổng thể hệ thống; Chức năng chính.,AI Document Question Answering System.pptx (slide 2),Đúng,Đúng,Một phần,0.5,Không,Medium,Đạt kỳ vọng theo bộ từ khóa chuẩn.,Tinh chỉnh citation selection và reranking để nguồn trả về sát hơn.,441.27
B300-SLD-003,Base 300,AI Document Question Answering System.pptx,PPTX,Base 300,"Slide 3 của file ""AI Document Question Answering System.pptx"" nói về nội dung gì?","Slide: 3; Title: Slide 3; [3] textbox/text_box @ x=212475,y=206829,w=6692068,h=685800: 1. Giới thiệu đề tài",Slide 3 nói về: 1. Giới thiệu đề tài; AI Document Question Answering System; Hệ thống hỏi đáp tài liệu AI; Hỗ trợ upload nhiều định dạng; Quản lý tài liệu theo workspace; Hỏi đáp bằng ngôn ngữ tự nhiên.,AI Document Question Answering System.pptx (slide 3),Đúng,Đúng,Đúng,1.0,Không,None,Đạt kỳ vọng theo bộ từ khóa chuẩn.,Không cần fix.,340.0
B300-SLD-004,Base 300,AI Document Question Answering System.pptx,PPTX,Base 300,"Slide 4 của file ""AI Document Question Answering System.pptx"" nói về nội dung gì?","Slide: 4; Title: Slide 4; [3] bullet/text_box @ x=0,y=312325,w=5982191,h=685800: Vấn đề thực tế","Slide 4 nói về: Vấn đề thực tế; Khó khăn hiện nay; Tài liệu dài, khó tra cứu; Đọc thủ công tốn thời gian; AI thường dễ hallucination; Không hiểu dữ liệu nội bộ.",AI Document Question Answering System.pptx (slide 4),Đúng,Đúng,Một phần,0.5,Không,Medium,Đạt kỳ vọng theo bộ từ khóa chuẩn.,Tinh chỉnh citation selection và reranking để nguồn trả về sát hơn.,349.69
B300-SLD-005,Base 300,AI Document Question Answering System.pptx,PPTX,Base 300,"Slide 5 của file ""AI Document Question Answering System.pptx"" nói về nội dung gì?","Slide: 5; Title: Slide 5; [3] bullet/text_box @ x=-209902,y=193481,w=5982191,h=685800: Giải pháp đề xuất",Slide 5 nói về: Giải pháp đề xuất; Giải pháp AIChatBox sử dụng RAG; Áp dụng kỹ thuật RAG hiện đại; Truy hồi dữ liệu trước trả lời; Embedding và semantic retrieval; Giảm hallucination của AI model.,AI Document Question Answering System.pptx (slide 5),Đúng,Đúng,Đúng,1.0,Không,None,Đạt kỳ vọng theo bộ từ khóa chuẩn.,Không cần fix.,300.98
B300-SLD-006,Base 300,AI Document Question Answering System.pptx,PPTX,Base 300,"Slide 6 của file ""AI Document Question Answering System.pptx"" nói về nội dung gì?","Slide: 6; Title: Slide 6; [3] bullet/text_box @ x=-273620,y=300037,w=7535277,h=685800: Kiến trúc tổng thể của hệ thống","Slide 6 nói về: Kiến trúc tổng thể của hệ thống; Frontend web: quản lý workspace, upload, chat, theo dõi tiến độ; Backend FastAPI: auth, workspace, message, upload, ask, admin; Upload Job Worker: xử lý ingest nền, cập nhật trạng thái job; Data layer: PostgreSQL lưu metadata nghiệp vụ, FAISS lưu vector/chunk; AI layer: LLM provider + local semantic embeddings + local OCR/vision fallback.",AI Document Question Answering System.pptx (slide 6),Đúng,Đúng,Một phần,0.5,Không,Medium,Đạt kỳ vọng theo bộ từ khóa chuẩn.,Tinh chỉnh citation selection và reranking để nguồn trả về sát hơn.,293.1
B300-SLD-007,Base 300,AI Document Question Answering System.pptx,PPTX,Base 300,"Slide 7 của file ""AI Document Question Answering System.pptx"" nói về nội dung gì?","Slide: 7; Title: Slide 7; [3] bullet/text_box @ x=-191954,y=199903,w=5982191,h=685800: Chức năng chính","Slide 7 nói về: Chức năng chính; Tạo/đổi tên/xóa workspace; quản lý tin nhắn và tài liệu; Upload đa định dạng: PDF, DOCX, PPTX, TXT/MD/CSV, ảnh; Hỏi đáp theo tài liệu đã ingest, hỗ trợ phản hồi thường và stream; Theo dõi upload job, retry job lỗi, export hội thoại ra PDF; Hỗ trợ cả guest session và user đăng nhập.",AI Document Question Answering System.pptx (slide 7),Đúng,Đúng,Một phần,0.5,Không,Medium,Đạt kỳ vọng theo bộ từ khóa chuẩn.,Tinh chỉnh citation selection và reranking để nguồn trả về sát hơn.,267.72
B300-SLD-008,Base 300,AI Document Question Answering System.pptx,PPTX,Base 300,"Slide 8 của file ""AI Document Question Answering System.pptx"" nói về nội dung gì?","Slide: 8; Title: Slide 8; [3] bullet/text_box @ x=-248959,y=170540,w=5982191,h=685800: Pipeline xử lý tài liệu","Slide 8 nói về: Pipeline xử lý tài liệu; Nhận file upload và chọn loader theo định dạng; Trích xuất nội dung văn bản; với PDF/DOCX/PPTX có phân tích ảnh chọn lọc; OCR/Local Vision chạy theo ngân sách thời gian và giới hạn đồng thời; Chunking nội dung (mặc định chunk_size 1000, overlap 150); Sinh embedding bằng BAAI/bge-small-en-v1.5 và lưu vào FAISS.",AI Document Question Answering System.pptx (slide 8),Đúng,Đúng,Một phần,0.5,Không,Medium,Đạt kỳ vọng theo bộ từ khóa chuẩn.,Tinh chỉnh citation selection và reranking để nguồn trả về sát hơn.,294.99
B300-SLD-009,Base 300,bai_trinh_chieu_mau_thu_vien_thong_minh.pptx,PPTX,Base 300,"Slide 1 của file ""bai_trinh_chieu_mau_thu_vien_thong_minh.pptx"" nói về nội dung gì?","Slide: 1; Title: Slide 1; [1] textbox/auto_shape @ x=685800,y=640080,w=3840480,h=256032: BÀI TRÌNH CHIẾU MẪU","Slide 1 nói về: BÀI TRÌNH CHIẾU MẪU; Thư viện thông minh; cho trường học hiện đại; LIBRARY; Một bộ slide có nội dung dài vừa phải, chủ đề riêng biệt so với PDF, Markdown và hình ảnh. Dùng để kiểm thử khả năng đọc PPTX, tách nội dung theo slide, nhận diện tiêu đề và xử lý đoạn văn; Dữ liệu sách.",bai_trinh_chieu_mau_thu_vien_thong_minh.pptx (slide 1),Đúng,Đúng,Một phần,0.5,Không,Medium,Đạt kỳ vọng theo bộ từ khóa chuẩn.,Tinh chỉnh citation selection và reranking để nguồn trả về sát hơn.,364.82
B300-SLD-010,Base 300,bai_trinh_chieu_mau_thu_vien_thong_minh.pptx,PPTX,Base 300,"Slide 2 của file ""bai_trinh_chieu_mau_thu_vien_thong_minh.pptx"" nói về nội dung gì?","Slide: 2; Title: Slide 2; [2] textbox/auto_shape @ x=502920,y=548640,w=7132320,h=502920: Vấn đề thường gặp trong thư viện truyền thống","Slide 2 nói về: Vấn đề thường gặp trong thư viện truyền thống; Dữ liệu sách được ghi chép rời rạc, khó thống kê số lượng sách còn lại và tình trạng mượn trả; Học sinh mất nhiều thời gian tìm tài liệu phù hợp với môn học, cấp lớp hoặc chủ đề nghiên cứu; Thủ thư phải xử lý nhiều thao tác lặp lại như nhập phiếu mượn, nhắc hạn trả và lập báo cáo cuối tháng; Nhà trường thiếu dữ liệu để biết nhóm sách nào được quan tâm, nhóm nào ít sử dụng và cần cập nhật; Tác động.",bai_trinh_chieu_mau_thu_vien_thong_minh.pptx (slide 2),Đúng,Đúng,Đúng,1.0,Không,None,Đạt kỳ vọng theo bộ từ khóa chuẩn.,Không cần fix.,315.87
B300-SLD-011,Base 300,bai_trinh_chieu_mau_thu_vien_thong_minh.pptx,PPTX,Base 300,"Slide 3 của file ""bai_trinh_chieu_mau_thu_vien_thong_minh.pptx"" nói về nội dung gì?","Slide: 3; Title: Slide 3; [2] textbox/auto_shape @ x=502920,y=548640,w=7132320,h=502920: Giải pháp đề xuất: thư viện thông minh","Slide 3 nói về: Giải pháp đề xuất: thư viện thông minh; Quản lý tài nguyên; Tìm kiếm ngữ nghĩa; Lưu thông tin sách, tác giả, thể loại, vị trí kệ, trạng thái mượn và lịch sử cập nhật; Cho phép người dùng tìm theo nhu cầu, ví dụ: “sách dễ hiểu về mạng máy tính cho người mới”; Gợi ý cá nhân hóa.",bai_trinh_chieu_mau_thu_vien_thong_minh.pptx (slide 3),Đúng,Đúng,Một phần,0.5,Không,Medium,Đạt kỳ vọng theo bộ từ khóa chuẩn.,Tinh chỉnh citation selection và reranking để nguồn trả về sát hơn.,350.62
B300-SLD-012,Base 300,bai_trinh_chieu_mau_thu_vien_thong_minh.pptx,PPTX,Base 300,"Slide 4 của file ""bai_trinh_chieu_mau_thu_vien_thong_minh.pptx"" nói về nội dung gì?","Slide: 4; Title: Slide 4; [2] textbox/auto_shape @ x=502920,y=548640,w=7132320,h=502920: Luồng sử dụng mẫu",Slide 4 nói về: Luồng sử dụng mẫu; Đăng nhập; Tìm tài liệu; Xem gợi ý; Mượn/đọc; Theo dõi.,bai_trinh_chieu_mau_thu_vien_thong_minh.pptx (slide 4),Đúng,Đúng,Một phần,0.5,Không,Medium,Đạt kỳ vọng theo bộ từ khóa chuẩn.,Tinh chỉnh citation selection và reranking để nguồn trả về sát hơn.,319.74
B300-SLD-013,Base 300,bai_trinh_chieu_mau_thu_vien_thong_minh.pptx,PPTX,Base 300,"Slide 5 của file ""bai_trinh_chieu_mau_thu_vien_thong_minh.pptx"" nói về nội dung gì?","Slide: 5; Title: Slide 5; [2] textbox/auto_shape @ x=502920,y=548640,w=7132320,h=502920: Dữ liệu cần quản lý","Slide 5 nói về: Dữ liệu cần quản lý; Nhóm dữ liệu; Ví dụ; Mục đích sử dụng; Sách giấy; Mã sách, kệ, tình trạng, lượt mượn.",bai_trinh_chieu_mau_thu_vien_thong_minh.pptx (slide 5),Đúng,Đúng,Một phần,0.5,Không,Medium,Đạt kỳ vọng theo bộ từ khóa chuẩn.,Tinh chỉnh citation selection và reranking để nguồn trả về sát hơn.,332.51
B300-SLD-014,Base 300,bai_trinh_chieu_mau_thu_vien_thong_minh.pptx,PPTX,Base 300,"Slide 6 của file ""bai_trinh_chieu_mau_thu_vien_thong_minh.pptx"" nói về nội dung gì?","Slide: 6; Title: Slide 6; [2] textbox/auto_shape @ x=502920,y=548640,w=7132320,h=502920: KPI đánh giá hiệu quả sau triển khai",Slide 6 nói về: KPI đánh giá hiệu quả sau triển khai; Giảm thời gian tra cứu sách; Tăng lượt mượn tài liệu phù hợp; Báo cáo tháng tự động hóa; Giảm sách trả trễ; KPI nên đo trước và sau triển khai để tránh đánh giá cảm tính.,bai_trinh_chieu_mau_thu_vien_thong_minh.pptx (slide 6),Đúng,Đúng,Một phần,0.5,Không,Medium,Đạt kỳ vọng theo bộ từ khóa chuẩn.,Tinh chỉnh citation selection và reranking để nguồn trả về sát hơn.,309.87
B300-SLD-015,Base 300,bai_trinh_chieu_mau_thu_vien_thong_minh.pptx,PPTX,Base 300,"Slide 7 của file ""bai_trinh_chieu_mau_thu_vien_thong_minh.pptx"" nói về nội dung gì?","Slide: 7; Title: Slide 7; [2] textbox/auto_shape @ x=502920,y=548640,w=7132320,h=502920: Kết luận và hướng mở rộng","Slide 7 nói về: Kết luận và hướng mở rộng; Thư viện thông minh giúp trường học chuyển từ mô hình lưu trữ thụ động sang mô hình khai thác tri thức chủ động. Khi dữ liệu sách, người dùng và hành vi đọc được kết nối, thư viện không chỉ là nơi mượn tài liệu mà còn trở thành trung tâm hỗ; Ưu tiên ngắn hạn; Mở rộng dài hạn; Số hóa danh mục sách, chuẩn hóa mã tài liệu, triển khai mượn trả điện tử và báo cáo cơ bản; Tích hợp AI tìm kiếm ngữ nghĩa, chatbot hỏi đáp tài liệu và hệ thống gợi ý theo năng lực học tập.",bai_trinh_chieu_mau_thu_vien_thong_minh.pptx (slide 7),Đúng,Đúng,Đúng,1.0,Không,None,Đạt kỳ vọng theo bộ từ khóa chuẩn.,Không cần fix.,348.55
B300-SLD-016,Base 300,pptx_01_du_lich_can_tho.pptx,PPTX,Base 300,"Slide 1 của file ""pptx_01_du_lich_can_tho.pptx"" nói về nội dung gì?","Slide: 1; Title: Slide 1; [2] textbox/auto_shape @ x=502920,y=228600,w=7772400,h=411480: Lịch trình Cần Thơ cuối tuần","Slide 1 nói về: Lịch trình Cần Thơ cuối tuần; Gợi ý 2 ngày 1 đêm cho nhóm bạn nhỏ; Mục tiêu chuyến đi; Đi nhẹ, ăn ngon, chụp ảnh đẹp và không dồn lịch quá dày. Kế hoạch ưu tiên trải nghiệm địa phương, di chuyển ngắn và có thời gian nghỉ; 2 ngày; 1 đêm.",pptx_01_du_lich_can_tho.pptx (slide 1),Đúng,Đúng,Một phần,0.5,Không,Medium,Đạt kỳ vọng theo bộ từ khóa chuẩn.,Tinh chỉnh citation selection và reranking để nguồn trả về sát hơn.,274.92
B300-SLD-017,Base 300,pptx_01_du_lich_can_tho.pptx,PPTX,Base 300,"Slide 2 của file ""pptx_01_du_lich_can_tho.pptx"" nói về nội dung gì?","Slide: 2; Title: Slide 2; [2] textbox/auto_shape @ x=502920,y=228600,w=7772400,h=411480: Ngày 1: Khám phá nhịp sống sông nước","Slide 2 nói về: Ngày 1: Khám phá nhịp sống sông nước; Buổi sáng đi chợ, chiều cà phê, tối ăn ven sông; Buổi sáng; Buổi chiều; Đến bến Ninh Kiều trước 8h; Ăn sáng nhẹ với bún hoặc hủ tiếu.",pptx_01_du_lich_can_tho.pptx (slide 2),Đúng,Đúng,Một phần,0.5,Không,Medium,Đạt kỳ vọng theo bộ từ khóa chuẩn.,Tinh chỉnh citation selection và reranking để nguồn trả về sát hơn.,293.85
B300-SLD-018,Base 300,pptx_01_du_lich_can_tho.pptx,PPTX,Base 300,"Slide 3 của file ""pptx_01_du_lich_can_tho.pptx"" nói về nội dung gì?","Slide: 3; Title: Slide 3; [2] textbox/auto_shape @ x=502920,y=228600,w=7772400,h=411480: Ngày 2: Chợ nổi và mua quà","Slide 3 nói về: Ngày 2: Chợ nổi và mua quà; Lịch nhẹ để về sớm, tránh mệt sau chuyến đi; Khung giờ gợi ý; Xuất phát đi chợ nổi; 05:30; Về sớm.",pptx_01_du_lich_can_tho.pptx (slide 3),Đúng,Đúng,Một phần,0.5,Không,Medium,Đạt kỳ vọng theo bộ từ khóa chuẩn.,Tinh chỉnh citation selection và reranking để nguồn trả về sát hơn.,317.54
B300-SLD-019,Base 300,pptx_01_du_lich_can_tho.pptx,PPTX,Base 300,"Slide 4 của file ""pptx_01_du_lich_can_tho.pptx"" nói về nội dung gì?","Slide: 4; Title: Slide 4; [2] textbox/auto_shape @ x=502920,y=228600,w=7772400,h=411480: Ngân sách và chuẩn bị",Slide 4 nói về: Ngân sách và chuẩn bị; Chia rõ tiền để chuyến đi dễ kiểm soát; Ngân sách dự kiến; Đồ nên mang; Di chuyển: 35%; Ăn uống: 30%.,pptx_01_du_lich_can_tho.pptx (slide 4),Đúng,Đúng,Một phần,0.5,Không,Medium,Đạt kỳ vọng theo bộ từ khóa chuẩn.,Tinh chỉnh citation selection và reranking để nguồn trả về sát hơn.,381.11
B300-SLD-020,Base 300,pptx_01_du_lich_can_tho.pptx,PPTX,Base 300,"Slide 5 của file ""pptx_01_du_lich_can_tho.pptx"" nói về nội dung gì?","Slide: 5; Title: Slide 5; [2] textbox/auto_shape @ x=502920,y=228600,w=7772400,h=411480: Tổng kết chuyến đi","Slide 5 nói về: Tổng kết chuyến đi; Một lịch trình vừa đủ cho cuối tuần; Điểm mạnh của kế hoạch là thời gian di chuyển ngắn, hoạt động đa dạng và có khoảng nghỉ. Khi áp dụng thực tế, nhóm chỉ cần cập nhật giá phòng, thời tiết và phương tiện trước ngày khởi hành; mốc thời gian cần nhớ; ngân sách dự phòng.",pptx_01_du_lich_can_tho.pptx (slide 5),Đúng,Đúng,Một phần,0.5,Không,Medium,Đạt kỳ vọng theo bộ từ khóa chuẩn.,Tinh chỉnh citation selection và reranking để nguồn trả về sát hơn.,775.08
B300-SLD-021,Base 300,pptx_02_trong_cay_truong_hoc.pptx,PPTX,Base 300,"Slide 1 của file ""pptx_02_trong_cay_truong_hoc.pptx"" nói về nội dung gì?","Slide: 1; Title: Slide 1; [2] textbox/auto_shape @ x=502920,y=228600,w=7772400,h=411480: Chiến dịch trồng cây trường học","Slide 1 nói về: Chiến dịch trồng cây trường học; Kế hoạch 4 tuần cho khuôn viên xanh hơn; Ý tưởng chính; Chiến dịch kết hợp giáo dục môi trường, hoạt động nhóm và theo dõi cây sau khi trồng. Mục tiêu không chỉ là trồng nhiều cây mà còn duy trì cây sống tốt; Xanh hơn; mỗi tuần.",pptx_02_trong_cay_truong_hoc.pptx (slide 1),Đúng,Đúng,Một phần,0.5,Không,Medium,Đạt kỳ vọng theo bộ từ khóa chuẩn.,Tinh chỉnh citation selection và reranking để nguồn trả về sát hơn.,525.06
B300-SLD-022,Base 300,pptx_02_trong_cay_truong_hoc.pptx,PPTX,Base 300,"Slide 2 của file ""pptx_02_trong_cay_truong_hoc.pptx"" nói về nội dung gì?","Slide: 2; Title: Slide 2; [2] textbox/auto_shape @ x=502920,y=228600,w=7772400,h=411480: Tuần 1: Khảo sát và chọn cây",Slide 2 nói về: Tuần 1: Khảo sát và chọn cây; Chọn đúng vị trí giúp cây sống lâu hơn; Khảo sát; Chọn cây; Đo khu vực nắng nhiều; Kiểm tra nguồn nước tưới.,pptx_02_trong_cay_truong_hoc.pptx (slide 2),Đúng,Đúng,Một phần,0.5,Không,Medium,Đạt kỳ vọng theo bộ từ khóa chuẩn.,Tinh chỉnh citation selection và reranking để nguồn trả về sát hơn.,418.7
B300-SLD-023,Base 300,pptx_02_trong_cay_truong_hoc.pptx,PPTX,Base 300,"Slide 3 của file ""pptx_02_trong_cay_truong_hoc.pptx"" nói về nội dung gì?","Slide: 3; Title: Slide 3; [2] textbox/auto_shape @ x=502920,y=228600,w=7772400,h=411480: Tuần 2-3: Trồng và truyền thông",Slide 3 nói về: Tuần 2-3: Trồng và truyền thông; Biến hoạt động thành trải nghiệm học tập; Cách triển khai; cây xanh mục tiêu; Mỗi nhóm nhận một khu vực; Chụp ảnh trước và sau khi trồng.,pptx_02_trong_cay_truong_hoc.pptx (slide 3),Đúng,Đúng,Một phần,0.5,Không,Medium,Đạt kỳ vọng theo bộ từ khóa chuẩn.,Tinh chỉnh citation selection và reranking để nguồn trả về sát hơn.,417.5
B300-SLD-024,Base 300,pptx_02_trong_cay_truong_hoc.pptx,PPTX,Base 300,"Slide 4 của file ""pptx_02_trong_cay_truong_hoc.pptx"" nói về nội dung gì?","Slide: 4; Title: Slide 4; [2] textbox/auto_shape @ x=502920,y=228600,w=7772400,h=411480: Tuần 4: Theo dõi và đánh giá",Slide 4 nói về: Tuần 4: Theo dõi và đánh giá; Cây sống khỏe mới là kết quả thật; Kiểm tra lá và độ ẩm đất; Ghi nhận cây yếu hoặc sâu bệnh; Điều chỉnh lịch tưới theo thời tiết; Tổng hợp ảnh và báo cáo.,pptx_02_trong_cay_truong_hoc.pptx (slide 4),Đúng,Đúng,Một phần,0.5,Không,Medium,Đạt kỳ vọng theo bộ từ khóa chuẩn.,Tinh chỉnh citation selection và reranking để nguồn trả về sát hơn.,578.55
B300-SLD-025,Base 300,pptx_02_trong_cay_truong_hoc.pptx,PPTX,Base 300,"Slide 5 của file ""pptx_02_trong_cay_truong_hoc.pptx"" nói về nội dung gì?","Slide: 5; Title: Slide 5; [2] textbox/auto_shape @ x=502920,y=228600,w=7772400,h=411480: Kết quả kỳ vọng",Slide 5 nói về: Kết quả kỳ vọng; Một khuôn viên xanh và có người chăm sóc; Kết quả hữu hình; Kết quả học tập; Có thêm mảng xanh trong sân trường; Khu vực trồng có bảng tên cây.,pptx_02_trong_cay_truong_hoc.pptx (slide 5),Đúng,Đúng,Một phần,0.5,Không,Medium,Đạt kỳ vọng theo bộ từ khóa chuẩn.,Tinh chỉnh citation selection và reranking để nguồn trả về sát hơn.,644.8
B300-SLD-026,Base 300,Test pptx.pptx,PPTX,Base 300,"Slide 1 của file ""Test pptx.pptx"" nói về nội dung gì?","Slide: 1; Title: オフィス業務; [2] textbox/placeholder @ x=4139952,y=3427413,w=3600698,h=2162175: 担当講師",Slide 1 nói về: オフィス業務; 担当講師; 正忠 武.,"Test pptx.pptx (slide 1, オフィス業務)",Đúng,Đúng,Một phần,0.5,Không,Medium,Đạt kỳ vọng theo bộ từ khóa chuẩn.,Tinh chỉnh citation selection và reranking để nguồn trả về sát hơn.,554.84
B300-SLD-027,Base 300,Test pptx.pptx,PPTX,Base 300,"Slide 2 của file ""Test pptx.pptx"" nói về nội dung gì?","Slide: 2; Title: 主な授業内容; [2] textbox/placeholder @ x=323528,y=1412776,w=8459788,h=5112022: 仕事をする意味",Slide 2 nói về: 主な授業内容; 仕事をする意味; 職場での１日; あいさつのルールと自己紹介の仕方; 仕事の基本 ～ほう・れん・そう～; 電話の受け方・かけ方.,"Test pptx.pptx (slide 2, 主な授業内容)",Đúng,Đúng,Một phần,0.5,Không,Medium,Đạt kỳ vọng theo bộ từ khóa chuẩn.,Tinh chỉnh citation selection và reranking để nguồn trả về sát hơn.,772.44
B300-SLD-028,Base 300,Test pptx.pptx,PPTX,Base 300,"Slide 3 của file ""Test pptx.pptx"" nói về nội dung gì?","Slide: 3; Title: Slide 3; [1] textbox/auto_shape @ x=161510,y=404664,w=8820980,h=3024336: 先生も頑張ります！",Slide 3 nói về: 先生も頑張ります！; 一緒に頑張って; 勉強しましょう！; Image object detected on slide.,Test pptx.pptx (slide 3),Đúng,Đúng,Một phần,0.5,Không,Medium,Đạt kỳ vọng theo bộ từ khóa chuẩn.,Tinh chỉnh citation selection và reranking để nguồn trả về sát hơn.,412.55
B300-SLD-029,Base 300,Test pptx.pptx,PPTX,Base 300,"Slide 4 của file ""Test pptx.pptx"" nói về nội dung gì?","Slide: 4; Title: Slide 4; [1] textbox/auto_shape @ x=161510,y=404664,w=8820980,h=3024336: 分からないことを",Slide 4 nói về: 分からないことを; そのままにしないで; 必ず質問しましょう！; Image object detected on slide.,Test pptx.pptx (slide 4),Đúng,Đúng,Một phần,0.5,Không,Medium,Đạt kỳ vọng theo bộ từ khóa chuẩn.,Tinh chỉnh citation selection và reranking để nguồn trả về sát hơn.,427.06
B300-SLD-030,Base 300,Test pptx.pptx,PPTX,Base 300,"Slide 5 của file ""Test pptx.pptx"" nói về nội dung gì?",Slide: 5; Title: ＜授業の目的＞,Slide 5 nói về: ＜授業の目的＞; 日本のビジネスマナーを理解し 実践できるようにすること.,"Test pptx.pptx (slide 5, ＜授業の目的＞)",Đúng,Đúng,Một phần,0.5,Không,Medium,Đạt kỳ vọng theo bộ từ khóa chuẩn.,Tinh chỉnh citation selection và reranking để nguồn trả về sát hơn.,438.65
B300-OCR-001,Base 300,infographic_mau_an_toan_mang.png,PNG,Base 300,"Trong ảnh hoặc file scan ""infographic_mau_an_toan_mang.png"", nội dung chữ chính là gì?",6f8d63eb72674dc2af6c4651b49853ad_infographic_mau_an_toan_mang.png,"Ảnh ""infographic_mau_an_toan_mang.png"" có nội dung chính: INFOGRAPHIC MAU; An toan mang; g cho sinh vien; 1. Mat khau manh; 2. Xac thuc hai lop; Khong dung ngay sinh, so dien thoai.",infographic_mau_an_toan_mang.png (6f8d63eb72674dc2af6c4651b49853ad_infographic_mau_an_toan_mang.png),Đúng,Đúng,Đúng,1.0,Không,None,Đạt kỳ vọng theo bộ từ khóa chuẩn.,Không cần fix.,886.93
B300-OCR-002,Base 300,jpeg_01_ke_hoach_du_lich.jpeg,JPEG,Base 300,"Trong ảnh hoặc file scan ""jpeg_01_ke_hoach_du_lich.jpeg"", nội dung chữ chính là gì?",af1543170da2459e8e35a33eab1b7c94_jpeg_01_ke_hoach_du_lich.jpeg,"Ảnh ""jpeg_01_ke_hoach_du_lich.jpeg"" có nội dung chính: Ké hoach du lich 2 ngay; Lich trinh nhe nhang cho nhom ban; Ngay 1: tham quan chg dia; Ngay 2: chup anh buoi sáng,; phuong va an toi ven song.; mua qua va ve som..",jpeg_01_ke_hoach_du_lich.jpeg (af1543170da2459e8e35a33eab1b7c94_jpeg_01_ke_hoach_du_lich.jpeg),Đúng,Đúng,Đúng,1.0,Không,None,Đạt kỳ vọng theo bộ từ khóa chuẩn.,Không cần fix.,632.03
B300-OCR-003,Base 300,jpeg_02_bang_an_toan_bep.jpeg,JPEG,Base 300,"Trong ảnh hoặc file scan ""jpeg_02_bang_an_toan_bep.jpeg"", nội dung chữ chính là gì?",16a69c2060254036ad8ebc0c3ae0f81a_jpeg_02_bang_an_toan_bep.jpeg,"Ảnh ""jpeg_02_bang_an_toan_bep.jpeg"" có nội dung chính: Bang nhac an toan bep; Danh cho bep nho trong ky tuc xa; Tat bep ngay sau khi nau xong.; Khong de khan giay gan nguon; nhiet.; Rura dao va cat vao khay rieng..",jpeg_02_bang_an_toan_bep.jpeg (16a69c2060254036ad8ebc0c3ae0f81a_jpeg_02_bang_an_toan_bep.jpeg),Đúng,Đúng,Đúng,1.0,Không,None,Đạt kỳ vọng theo bộ từ khóa chuẩn.,Không cần fix.,603.78
B300-OCR-004,Base 300,jpg_01_infographic_giac_ngu.jpg,JPG,Base 300,"Trong ảnh hoặc file scan ""jpg_01_infographic_giac_ngu.jpg"", nội dung chữ chính là gì?",8012c82141b74b7eb38bb4f20aa27ea9_jpg_01_infographic_giac_ngu.jpg,"Ảnh ""jpg_01_infographic_giac_ngu.jpg"" có nội dung chính: Thoi quen ngu; lanh manh; Mot checklist nho cho buoi toi; Tát man hinh it nhat 30 phut; Giu phong mat, yén tinh va; truoc khi ngu..",jpg_01_infographic_giac_ngu.jpg (8012c82141b74b7eb38bb4f20aa27ea9_jpg_01_infographic_giac_ngu.jpg),Đúng,Đúng,Đúng,1.0,Không,None,Đạt kỳ vọng theo bộ từ khóa chuẩn.,Không cần fix.,1317.96
B300-OCR-005,Base 300,jpg_02_so_do_lop_hoc.jpg,JPG,Base 300,"Trong ảnh hoặc file scan ""jpg_02_so_do_lop_hoc.jpg"", nội dung chữ chính là gì?",5393830183424ded8252273adae05f6d_jpg_02_so_do_lop_hoc.jpg,"Ảnh ""jpg_02_so_do_lop_hoc.jpg"" có nội dung chính: So d6 lop hoc linh hoat; Ggi y b6 tri cho hoat dong nhom; Ban trung tam danh cho thao; G6c yen tinh cho doc tai lieu cá; luan nhanh.; nhan..",jpg_02_so_do_lop_hoc.jpg (5393830183424ded8252273adae05f6d_jpg_02_so_do_lop_hoc.jpg),Đúng,Đúng,Đúng,1.0,Không,None,Đạt kỳ vọng theo bộ từ khóa chuẩn.,Không cần fix.,717.84
B300-OCR-006,Base 300,png_01_ban_do_y_tuong.png,PNG,Base 300,"Trong ảnh hoặc file scan ""png_01_ban_do_y_tuong.png"", nội dung chữ chính là gì?",da2dab99728f47558f2b62326de763f8_png_01_ban_do_y_tuong.png,"Ảnh ""png_01_ban_do_y_tuong.png"" có nội dung chính: Ban do y tuong; g hoc nhom; Tap trung - chia viéc - phan hoi; Xac dinh muc tiéu buoi hoc va; Chia vai tro: nguoi tom tat,; tai lieu can doc truoc..",png_01_ban_do_y_tuong.png (da2dab99728f47558f2b62326de763f8_png_01_ban_do_y_tuong.png),Đúng,Đúng,Đúng,1.0,Không,None,Đạt kỳ vọng theo bộ từ khóa chuẩn.,Không cần fix.,618.63
B300-OCR-007,Base 300,png_02_quy_trinh_giao_hang.png,PNG,Base 300,"Trong ảnh hoặc file scan ""png_02_quy_trinh_giao_hang.png"", nội dung chữ chính là gì?",d9b451f71253409cb4b43901b422bcc6_png_02_quy_trinh_giao_hang.png,"Ảnh ""png_02_quy_trinh_giao_hang.png"" có nội dung chính: Quy trinh giao hang noi bo; Tu nhan don den xac nhan hoan tat; Nhan don tur he thong va kiem; Dong g6i hang theo ma don,; tra dja chi.; dan nhan ro rang..",png_02_quy_trinh_giao_hang.png (d9b451f71253409cb4b43901b422bcc6_png_02_quy_trinh_giao_hang.png),Đúng,Đúng,Đúng,1.0,Không,None,Đạt kỳ vọng theo bộ từ khóa chuẩn.,Không cần fix.,1029.64
B300-OCR-008,Base 300,poster_mau_nang_luong_tai_tao.jpg,JPG,Base 300,"Trong ảnh hoặc file scan ""poster_mau_nang_luong_tai_tao.jpg"", nội dung chữ chính là gì?",542799e0036a49f8a9f537634345ae76_poster_mau_nang_luong_tai_tao.jpg,"Ảnh ""poster_mau_nang_luong_tai_tao.jpg"" có nội dung chính: POSTER MAU; Nang; g luong tai tao trong doi sd; Noi dung khac voi PNG va PDF, trinh bay theo dang poster JPG.; Dien mat troi; Phu hop mái nha, truong hoc va nha xuong. Hé thong giup tao dién vao ban.",poster_mau_nang_luong_tai_tao.jpg (542799e0036a49f8a9f537634345ae76_poster_mau_nang_luong_tai_tao.jpg),Đúng,Đúng,Đúng,1.0,Không,None,Đạt kỳ vọng theo bộ từ khóa chuẩn.,Không cần fix.,545.43
B300-OCR-009,Base 300,storyboard_mau_suc_khoe_hoc_duong.jpeg,JPEG,Base 300,"Trong ảnh hoặc file scan ""storyboard_mau_suc_khoe_hoc_duong.jpeg"", nội dung chữ chính là gì?",a9ace2ff83464a59a43f6c683aac0c5f_storyboard_mau_suc_khoe_hoc_duong.jpeg,"Ảnh ""storyboard_mau_suc_khoe_hoc_duong.jpeg"" có nội dung chính: MAu: Surc khoe hoc duong; STORYBOARD; Anh JPEG c6 noi dung riéng, mo ta 6 canh truyén thong ngan.; Canh 1; Canh 2; Canh 3.",storyboard_mau_suc_khoe_hoc_duong.jpeg (a9ace2ff83464a59a43f6c683aac0c5f_storyboard_mau_suc_khoe_hoc_duong.jpeg),Đúng,Đúng,Đúng,1.0,Không,None,Đạt kỳ vọng theo bộ từ khóa chuẩn.,Không cần fix.,576.91
B300-OCR-010,Base 300,Test jpeg.jpeg,JPEG,Base 300,"Trong ảnh hoặc file scan ""Test jpeg.jpeg"", nội dung chữ chính là gì?",b8f8ee50acbd45bf99da91f58570d763_Test jpeg.jpeg,"Ảnh ""Test jpeg.jpeg"" có nội dung chính: BAO CAO D0ANH THU THANG05/2026; Monthly Sales Summary; Doanh thu theo tuan (trieu dong); Trieu dong; Tuan 1; Tuan 2.",Test jpeg.jpeg (b8f8ee50acbd45bf99da91f58570d763_Test jpeg.jpeg),Đúng,Đúng,Đúng,1.0,Không,None,Đạt kỳ vọng theo bộ từ khóa chuẩn.,Không cần fix.,1068.56
B300-OCR-011,Base 300,Test JPG.jpg,JPG,Base 300,"Trong ảnh hoặc file scan ""Test JPG.jpg"", nội dung chữ chính là gì?",cb467cc5db3c48429e68a3e690bb161b_Test JPG.jpg,"Ảnh ""Test JPG.jpg"" có nội dung chính: AI DOCUMENT CHAT - OCR TEST PAGE; Tai lieu kiem thu so 01; Muc tieu; Kiem tra kha nang nhan dien van ban tieng Viet va tieng Anh; Kiem tra trich xuat bang, ngay thang, email va so dien thoai; Kiem tra chunking va metadata co ban.",Test JPG.jpg (cb467cc5db3c48429e68a3e690bb161b_Test JPG.jpg),Đúng,Đúng,Đúng,1.0,Không,None,Đạt kỳ vọng theo bộ từ khóa chuẩn.,Không cần fix.,600.02
B300-OCR-012,Base 300,Test pdf scan.pdf,PDF,Base 300,"Trong ảnh hoặc file scan ""Test pdf scan.pdf"", nội dung chữ chính là gì?",Page: 1 > File: e4eee1144064466092a3e26cce305d0b_Test pdf scan.pdf,"Ảnh ""Test pdf scan.pdf"" có nội dung chính: Hình 1; OCR From Images; TreViet Nam; Bao bung than boc lay than; Tay om, tay niu tre gan nhau them.; Thuong nhau, tre chang o riéng.",Test pdf scan.pdf (trang 1),Đúng,Đúng,Đúng,1.0,Không,None,Đạt kỳ vọng theo bộ từ khóa chuẩn.,Không cần fix.,505.6
B300-OCR-013,Base 300,Test PNG.png,PNG,Base 300,"Trong ảnh hoặc file scan ""Test PNG.png"", nội dung chữ chính là gì?",b82666e7786846928e815761b567733d_Test PNG.png,"Ảnh ""Test PNG.png"" có nội dung chính: QUAN CA PHE MAY; OPEN 07:00 - 22:00; Scan QR; de thanh toan; Khuyen mai 20% cho sinh vien; Wi-Fi: MayCoffee_Free.",Test PNG.png (b82666e7786846928e815761b567733d_Test PNG.png),Đúng,Đúng,Đúng,1.0,Không,None,Đạt kỳ vọng theo bộ từ khóa chuẩn.,Không cần fix.,360.51
B300-OCR-014,Base 300,infographic_mau_an_toan_mang.png,PNG,Base 300,"Hãy trích xuất các nhãn hoặc ý chính nhìn thấy trong ""infographic_mau_an_toan_mang.png"".",6f8d63eb72674dc2af6c4651b49853ad_infographic_mau_an_toan_mang.png,"Các nội dung chính đọc được trong ảnh ""infographic_mau_an_toan_mang.png"": INFOGRAPHIC MAU; An toan mang; g cho sinh vien; 1. Mat khau manh; 2. Xac thuc hai lop; Khong dung ngay sinh, so dien thoai.",infographic_mau_an_toan_mang.png (6f8d63eb72674dc2af6c4651b49853ad_infographic_mau_an_toan_mang.png),Đúng,Đúng,Đúng,1.0,Không,None,Đạt kỳ vọng theo bộ từ khóa chuẩn.,Không cần fix.,274.99
B300-OCR-015,Base 300,jpeg_01_ke_hoach_du_lich.jpeg,JPEG,Base 300,"Hãy trích xuất các nhãn hoặc ý chính nhìn thấy trong ""jpeg_01_ke_hoach_du_lich.jpeg"".",af1543170da2459e8e35a33eab1b7c94_jpeg_01_ke_hoach_du_lich.jpeg,"Các nội dung chính đọc được trong ảnh ""jpeg_01_ke_hoach_du_lich.jpeg"": Ké hoach du lich 2 ngay; Lich trinh nhe nhang cho nhom ban; Ngay 1: tham quan chg dia; Ngay 2: chup anh buoi sáng,; phuong va an toi ven song.; mua qua va ve som..",jpeg_01_ke_hoach_du_lich.jpeg (af1543170da2459e8e35a33eab1b7c94_jpeg_01_ke_hoach_du_lich.jpeg),Đúng,Đúng,Đúng,1.0,Không,None,Đạt kỳ vọng theo bộ từ khóa chuẩn.,Không cần fix.,313.47
B300-OCR-016,Base 300,jpeg_02_bang_an_toan_bep.jpeg,JPEG,Base 300,"Hãy trích xuất các nhãn hoặc ý chính nhìn thấy trong ""jpeg_02_bang_an_toan_bep.jpeg"".",16a69c2060254036ad8ebc0c3ae0f81a_jpeg_02_bang_an_toan_bep.jpeg,"Các nội dung chính đọc được trong ảnh ""jpeg_02_bang_an_toan_bep.jpeg"": Bang nhac an toan bep; Danh cho bep nho trong ky tuc xa; Tat bep ngay sau khi nau xong.; Khong de khan giay gan nguon; nhiet.; Rura dao va cat vao khay rieng..",jpeg_02_bang_an_toan_bep.jpeg (16a69c2060254036ad8ebc0c3ae0f81a_jpeg_02_bang_an_toan_bep.jpeg),Đúng,Đúng,Đúng,1.0,Không,None,Đạt kỳ vọng theo bộ từ khóa chuẩn.,Không cần fix.,333.57
B300-OCR-017,Base 300,jpg_01_infographic_giac_ngu.jpg,JPG,Base 300,"Hãy trích xuất các nhãn hoặc ý chính nhìn thấy trong ""jpg_01_infographic_giac_ngu.jpg"".",8012c82141b74b7eb38bb4f20aa27ea9_jpg_01_infographic_giac_ngu.jpg,"Các nội dung chính đọc được trong ảnh ""jpg_01_infographic_giac_ngu.jpg"": Thoi quen ngu; lanh manh; Mot checklist nho cho buoi toi; Tát man hinh it nhat 30 phut; Giu phong mat, yén tinh va; truoc khi ngu..",jpg_01_infographic_giac_ngu.jpg (8012c82141b74b7eb38bb4f20aa27ea9_jpg_01_infographic_giac_ngu.jpg),Đúng,Đúng,Đúng,1.0,Không,None,Đạt kỳ vọng theo bộ từ khóa chuẩn.,Không cần fix.,331.32
B300-OCR-018,Base 300,jpg_02_so_do_lop_hoc.jpg,JPG,Base 300,"Hãy trích xuất các nhãn hoặc ý chính nhìn thấy trong ""jpg_02_so_do_lop_hoc.jpg"".",5393830183424ded8252273adae05f6d_jpg_02_so_do_lop_hoc.jpg,"Các nội dung chính đọc được trong ảnh ""jpg_02_so_do_lop_hoc.jpg"": So d6 lop hoc linh hoat; Ggi y b6 tri cho hoat dong nhom; Ban trung tam danh cho thao; G6c yen tinh cho doc tai lieu cá; luan nhanh.; nhan..",jpg_02_so_do_lop_hoc.jpg (5393830183424ded8252273adae05f6d_jpg_02_so_do_lop_hoc.jpg),Đúng,Đúng,Đúng,1.0,Không,None,Đạt kỳ vọng theo bộ từ khóa chuẩn.,Không cần fix.,279.36
B300-OCR-019,Base 300,png_01_ban_do_y_tuong.png,PNG,Base 300,"Hãy trích xuất các nhãn hoặc ý chính nhìn thấy trong ""png_01_ban_do_y_tuong.png"".",da2dab99728f47558f2b62326de763f8_png_01_ban_do_y_tuong.png,"Các nội dung chính đọc được trong ảnh ""png_01_ban_do_y_tuong.png"": Ban do y tuong; g hoc nhom; Tap trung - chia viéc - phan hoi; Xac dinh muc tiéu buoi hoc va; Chia vai tro: nguoi tom tat,; tai lieu can doc truoc..",png_01_ban_do_y_tuong.png (da2dab99728f47558f2b62326de763f8_png_01_ban_do_y_tuong.png),Đúng,Đúng,Đúng,1.0,Không,None,Đạt kỳ vọng theo bộ từ khóa chuẩn.,Không cần fix.,254.25
B300-OCR-020,Base 300,png_02_quy_trinh_giao_hang.png,PNG,Base 300,"Hãy trích xuất các nhãn hoặc ý chính nhìn thấy trong ""png_02_quy_trinh_giao_hang.png"".",d9b451f71253409cb4b43901b422bcc6_png_02_quy_trinh_giao_hang.png,"Các nội dung chính đọc được trong ảnh ""png_02_quy_trinh_giao_hang.png"": Quy trinh giao hang noi bo; Tu nhan don den xac nhan hoan tat; Nhan don tur he thong va kiem; Dong g6i hang theo ma don,; tra dja chi.; dan nhan ro rang..",png_02_quy_trinh_giao_hang.png (d9b451f71253409cb4b43901b422bcc6_png_02_quy_trinh_giao_hang.png),Đúng,Đúng,Đúng,1.0,Không,None,Đạt kỳ vọng theo bộ từ khóa chuẩn.,Không cần fix.,251.49
B300-NEG-001,Base 300,AI Document Question Answering System.pptx,PPTX,Base 300,"Trong file ""AI Document Question Answering System.pptx"" có thông tin về blockchain không?",Không tìm thấy thông tin trong tài liệu.,Tôi không tìm thấy đủ thông tin trong tài liệu để trả lời chính xác.,,Đúng,Đúng,Đúng,1.0,Không,None,Đạt kỳ vọng theo bộ từ khóa chuẩn.,Không cần fix.,325.55
B300-NEG-002,Base 300,bai_trinh_chieu_mau_thu_vien_thong_minh.pptx,PPTX,Base 300,"Trong file ""bai_trinh_chieu_mau_thu_vien_thong_minh.pptx"" có thông tin về mat khau admin không?",Không tìm thấy thông tin trong tài liệu.,Tôi không tìm thấy đủ thông tin trong tài liệu để trả lời chính xác.,,Đúng,Đúng,Đúng,1.0,Không,None,Đạt kỳ vọng theo bộ từ khóa chuẩn.,Không cần fix.,392.54
B300-NEG-003,Base 300,bao_cao_an_toan_du_lieu_ca_nhan.docx,DOCX,Base 300,"Trong file ""bao_cao_an_toan_du_lieu_ca_nhan.docx"" có thông tin về CCCD cua sinh vien không?",Không tìm thấy thông tin trong tài liệu.,Tôi không tìm thấy đủ thông tin trong tài liệu để trả lời chính xác.,,Đúng,Đúng,Đúng,1.0,Không,None,Đạt kỳ vọng theo bộ từ khóa chuẩn.,Không cần fix.,595.12
B300-NEG-004,Base 300,bao_cao_mau_chuyen_doi_so_giao_duc.pdf,PDF,Base 300,"Trong file ""bao_cao_mau_chuyen_doi_so_giao_duc.pdf"" có thông tin về benh vien không?",Không tìm thấy thông tin trong tài liệu.,Tôi không tìm thấy đủ thông tin trong tài liệu để trả lời chính xác.,,Đúng,Đúng,Đúng,1.0,Không,None,Đạt kỳ vọng theo bộ từ khóa chuẩn.,Không cần fix.,351.4
B300-NEG-005,Base 300,bao_cao_quan_ly_rac_thai_nhua.pdf,PDF,Base 300,"Trong file ""bao_cao_quan_ly_rac_thai_nhua.pdf"" có thông tin về gia co phieu Apple không?",Không tìm thấy thông tin trong tài liệu.,Tôi không tìm thấy đủ thông tin trong tài liệu để trả lời chính xác.,,Đúng,Đúng,Đúng,1.0,Không,None,Đạt kỳ vọng theo bộ từ khóa chuẩn.,Không cần fix.,296.08
B300-NEG-006,Base 300,content_summary.md,MD,Base 300,"Trong file ""content_summary.md"" có thông tin về dia chi nha rieng không?",Không tìm thấy thông tin trong tài liệu.,Tôi không tìm thấy đủ thông tin trong tài liệu để trả lời chính xác.,,Đúng,Đúng,Đúng,1.0,Không,None,Đạt kỳ vọng theo bộ từ khóa chuẩn.,Không cần fix.,345.47
B300-NEG-007,Base 300,docx_01_thu_vien_so.docx,DOCX,Base 300,"Trong file ""docx_01_thu_vien_so.docx"" có thông tin về so tai khoan ngan hang không?",Không tìm thấy thông tin trong tài liệu.,Tôi không tìm thấy đủ thông tin trong tài liệu để trả lời chính xác.,,Đúng,Đúng,Đúng,1.0,Không,None,Đạt kỳ vọng theo bộ từ khóa chuẩn.,Không cần fix.,318.91
B300-NEG-008,Base 300,docx_02_ca_phe_sach.docx,DOCX,Base 300,"Trong file ""docx_02_ca_phe_sach.docx"" có thông tin về ma OTP không?",Không tìm thấy thông tin trong tài liệu.,Tôi không tìm thấy đủ thông tin trong tài liệu để trả lời chính xác.,,Đúng,Đúng,Đúng,1.0,Không,None,Đạt kỳ vọng theo bộ từ khóa chuẩn.,Không cần fix.,496.18
B300-NEG-009,Base 300,file_excel_mau_song_xanh.xlsx,XLSX,Base 300,"Trong file ""file_excel_mau_song_xanh.xlsx"" có thông tin về du lieu y te benh nhan không?",Không tìm thấy thông tin trong tài liệu.,Tôi không tìm thấy đủ thông tin trong tài liệu để trả lời chính xác.,,Đúng,Đúng,Đúng,1.0,Không,None,Đạt kỳ vọng theo bộ từ khóa chuẩn.,Không cần fix.,724.87
B300-NEG-010,Base 300,infographic_mau_an_toan_mang.png,PNG,Base 300,"Trong file ""infographic_mau_an_toan_mang.png"" có thông tin về hop dong lao dong không?",Không tìm thấy thông tin trong tài liệu.,Tôi không tìm thấy đủ thông tin trong tài liệu để trả lời chính xác.,,Đúng,Đúng,Đúng,1.0,Không,None,Đạt kỳ vọng theo bộ từ khóa chuẩn.,Không cần fix.,290.89
B300-NEG-011,Base 300,jpeg_01_ke_hoach_du_lich.jpeg,JPEG,Base 300,"Trong file ""jpeg_01_ke_hoach_du_lich.jpeg"" có thông tin về bitcoin không?",Không tìm thấy thông tin trong tài liệu.,Tôi không tìm thấy đủ thông tin trong tài liệu để trả lời chính xác.,,Đúng,Đúng,Đúng,1.0,Không,None,Đạt kỳ vọng theo bộ từ khóa chuẩn.,Không cần fix.,268.33
B300-NEG-012,Base 300,jpeg_02_bang_an_toan_bep.jpeg,JPEG,Base 300,"Trong file ""jpeg_02_bang_an_toan_bep.jpeg"" có thông tin về ma nguon bi mat không?",Không tìm thấy thông tin trong tài liệu.,Tôi không tìm thấy đủ thông tin trong tài liệu để trả lời chính xác.,,Đúng,Đúng,Đúng,1.0,Không,None,Đạt kỳ vọng theo bộ từ khóa chuẩn.,Không cần fix.,383.07
B300-NEG-013,Base 300,jpg_01_infographic_giac_ngu.jpg,JPG,Base 300,"Trong file ""jpg_01_infographic_giac_ngu.jpg"" có thông tin về lich bay quoc te không?",Không tìm thấy thông tin trong tài liệu.,Tôi không tìm thấy đủ thông tin trong tài liệu để trả lời chính xác.,,Đúng,Đúng,Đúng,1.0,Không,None,Đạt kỳ vọng theo bộ từ khóa chuẩn.,Không cần fix.,294.93
B300-NEG-014,Base 300,jpg_02_so_do_lop_hoc.jpg,JPG,Base 300,"Trong file ""jpg_02_so_do_lop_hoc.jpg"" có thông tin về diem thi IELTS không?",Không tìm thấy thông tin trong tài liệu.,Tôi không tìm thấy đủ thông tin trong tài liệu để trả lời chính xác.,,Đúng,Đúng,Đúng,1.0,Không,None,Đạt kỳ vọng theo bộ từ khóa chuẩn.,Không cần fix.,327.35
B300-NEG-015,Base 300,ke_hoach_mau_du_lich_da_lat.md,MD,Base 300,"Trong file ""ke_hoach_mau_du_lich_da_lat.md"" có thông tin về so dien thoai ca nhan không?",Không tìm thấy thông tin trong tài liệu.,Tôi không tìm thấy đủ thông tin trong tài liệu để trả lời chính xác.,,Đúng,Đúng,Đúng,1.0,Không,None,Đạt kỳ vọng theo bộ từ khóa chuẩn.,Không cần fix.,368.52
B300-NEG-016,Base 300,md_01_workshop_thuyet_trinh.md,MD,Base 300,"Trong file ""md_01_workshop_thuyet_trinh.md"" có thông tin về the tin dung không?",Không tìm thấy thông tin trong tài liệu.,"Không, tài liệu không đề cập đến ""the tin dung"".",md_01_workshop_thuyet_trinh.md (Kế hoạch workshop kỹ năng thuyết trình > Mục tiêu) | md_01_workshop_thuyet_trinh.md (Kế hoạch workshop kỹ năng thuyết trình > Ghi chú) | md_01_workshop_thuyet_trinh.md (Kế hoạch workshop kỹ năng thuyết trình > Lịch trình),Đúng,Đúng,Đúng,1.0,Không,None,Đạt kỳ vọng theo bộ từ khóa chuẩn.,Không cần fix.,823.75
B300-NEG-017,Base 300,md_02_app_chi_tieu.md,MD,Base 300,"Trong file ""md_02_app_chi_tieu.md"" có thông tin về API key không?",Không tìm thấy thông tin trong tài liệu.,Tôi không tìm thấy đủ thông tin trong tài liệu để trả lời chính xác.,,Đúng,Đúng,Đúng,1.0,Không,None,Đạt kỳ vọng theo bộ từ khóa chuẩn.,Không cần fix.,357.72
B300-NEG-018,Base 300,nhat_ky_mau_vuon_rau_do_thi.txt,TXT,Base 300,"Trong file ""nhat_ky_mau_vuon_rau_do_thi.txt"" có thông tin về du lieu GPS không?",Không tìm thấy thông tin trong tài liệu.,Tôi không tìm thấy đủ thông tin trong tài liệu để trả lời chính xác.,,Đúng,Đúng,Đúng,1.0,Không,None,Đạt kỳ vọng theo bộ từ khóa chuẩn.,Không cần fix.,330.02
B300-NEG-019,Base 300,noi_dung_mau_thanh_pho_xanh.pdf,PDF,Base 300,"Trong file ""noi_dung_mau_thanh_pho_xanh.pdf"" có thông tin về luong nhan vien không?",Không tìm thấy thông tin trong tài liệu.,Tôi không tìm thấy đủ thông tin trong tài liệu để trả lời chính xác.,,Đúng,Đúng,Đúng,1.0,Không,None,Đạt kỳ vọng theo bộ từ khóa chuẩn.,Không cần fix.,483.3
B300-NEG-020,Base 300,pdf_01_nang_luong_mat_troi.pdf,PDF,Base 300,"Trong file ""pdf_01_nang_luong_mat_troi.pdf"" có thông tin về thong tin bao hiem không?",Không tìm thấy thông tin trong tài liệu.,Tôi không tìm thấy đủ thông tin trong tài liệu để trả lời chính xác.,,Đúng,Đúng,Đúng,1.0,Không,None,Đạt kỳ vọng theo bộ từ khóa chuẩn.,Không cần fix.,305.8
F105-NEG-001,Focused Regression,AI Document Question Answering System.pptx,PPTX,Focused Regression,"Trong file ""AI Document Question Answering System.pptx"" có thông tin về blockchain không?",Không tìm thấy thông tin trong tài liệu.,Tôi không tìm thấy đủ thông tin trong tài liệu để trả lời chính xác.,,Đúng,Đúng,Đúng,1.0,Không,None,Đạt kỳ vọng theo bộ từ khóa chuẩn.,Không cần fix.,806.24
F105-NEG-002,Focused Regression,bai_trinh_chieu_mau_thu_vien_thong_minh.pptx,PPTX,Focused Regression,"Trong file ""bai_trinh_chieu_mau_thu_vien_thong_minh.pptx"" có thông tin về mat khau admin không?",Không tìm thấy thông tin trong tài liệu.,Tôi không tìm thấy đủ thông tin trong tài liệu để trả lời chính xác.,,Đúng,Đúng,Đúng,1.0,Không,None,Đạt kỳ vọng theo bộ từ khóa chuẩn.,Không cần fix.,633.91
F105-NEG-005,Focused Regression,bao_cao_quan_ly_rac_thai_nhua.pdf,PDF,Focused Regression,"Trong file ""bao_cao_quan_ly_rac_thai_nhua.pdf"" có thông tin về gia co phieu Apple không?",Không tìm thấy thông tin trong tài liệu.,Tôi không tìm thấy đủ thông tin trong tài liệu để trả lời chính xác.,,Đúng,Đúng,Đúng,1.0,Không,None,Đạt kỳ vọng theo bộ từ khóa chuẩn.,Không cần fix.,347.93
F105-NEG-010,Focused Regression,infographic_mau_an_toan_mang.png,PNG,Focused Regression,"Trong file ""infographic_mau_an_toan_mang.png"" có thông tin về hop dong lao dong không?",Không tìm thấy thông tin trong tài liệu.,Tôi không tìm thấy đủ thông tin trong tài liệu để trả lời chính xác.,,Đúng,Đúng,Đúng,1.0,Không,None,Đạt kỳ vọng theo bộ từ khóa chuẩn.,Không cần fix.,565.08
F105-NEG-015,Focused Regression,ke_hoach_mau_du_lich_da_lat.md,MD,Focused Regression,"Trong file ""ke_hoach_mau_du_lich_da_lat.md"" có thông tin về so dien thoai ca nhan không?",Không tìm thấy thông tin trong tài liệu.,Tôi không tìm thấy đủ thông tin trong tài liệu để trả lời chính xác.,,Đúng,Đúng,Đúng,1.0,Không,None,Đạt kỳ vọng theo bộ từ khóa chuẩn.,Không cần fix.,311.62
F105-NEG-019,Focused Regression,noi_dung_mau_thanh_pho_xanh.pdf,PDF,Focused Regression,"Trong file ""noi_dung_mau_thanh_pho_xanh.pdf"" có thông tin về luong nhan vien không?",Không tìm thấy thông tin trong tài liệu.,Tôi không tìm thấy đủ thông tin trong tài liệu để trả lời chính xác.,,Đúng,Đúng,Đúng,1.0,Không,None,Đạt kỳ vọng theo bộ từ khóa chuẩn.,Không cần fix.,658.89
F105-NEG-020,Focused Regression,pdf_01_nang_luong_mat_troi.pdf,PDF,Focused Regression,"Trong file ""pdf_01_nang_luong_mat_troi.pdf"" có thông tin về thong tin bao hiem không?",Không tìm thấy thông tin trong tài liệu.,Tôi không tìm thấy đủ thông tin trong tài liệu để trả lời chính xác.,,Đúng,Đúng,Đúng,1.0,Không,None,Đạt kỳ vọng theo bộ từ khóa chuẩn.,Không cần fix.,380.66
F105-NEG-003,Focused Regression,bao_cao_an_toan_du_lieu_ca_nhan.docx,DOCX,Focused Regression,"Trong file ""bao_cao_an_toan_du_lieu_ca_nhan.docx"" có thông tin về CCCD cua sinh vien không?",Không tìm thấy thông tin trong tài liệu.,Tôi không tìm thấy đủ thông tin trong tài liệu để trả lời chính xác.,,Đúng,Đúng,Đúng,1.0,Không,None,Đạt kỳ vọng theo bộ từ khóa chuẩn.,Không cần fix.,367.96
F105-NEG-004,Focused Regression,bao_cao_mau_chuyen_doi_so_giao_duc.pdf,PDF,Focused Regression,"Trong file ""bao_cao_mau_chuyen_doi_so_giao_duc.pdf"" có thông tin về benh vien không?",Không tìm thấy thông tin trong tài liệu.,Tôi không tìm thấy đủ thông tin trong tài liệu để trả lời chính xác.,,Đúng,Đúng,Đúng,1.0,Không,None,Đạt kỳ vọng theo bộ từ khóa chuẩn.,Không cần fix.,372.61
F105-NEG-006,Focused Regression,content_summary.md,MD,Focused Regression,"Trong file ""content_summary.md"" có thông tin về dia chi nha rieng không?",Không tìm thấy thông tin trong tài liệu.,Tôi không tìm thấy đủ thông tin trong tài liệu để trả lời chính xác.,,Đúng,Đúng,Đúng,1.0,Không,None,Đạt kỳ vọng theo bộ từ khóa chuẩn.,Không cần fix.,362.92
F105-NEG-007,Focused Regression,docx_01_thu_vien_so.docx,DOCX,Focused Regression,"Trong file ""docx_01_thu_vien_so.docx"" có thông tin về so tai khoan ngan hang không?",Không tìm thấy thông tin trong tài liệu.,Tôi không tìm thấy đủ thông tin trong tài liệu để trả lời chính xác.,,Đúng,Đúng,Đúng,1.0,Không,None,Đạt kỳ vọng theo bộ từ khóa chuẩn.,Không cần fix.,255.25
F105-NEG-008,Focused Regression,docx_02_ca_phe_sach.docx,DOCX,Focused Regression,"Trong file ""docx_02_ca_phe_sach.docx"" có thông tin về ma OTP không?",Không tìm thấy thông tin trong tài liệu.,Tôi không tìm thấy đủ thông tin trong tài liệu để trả lời chính xác.,,Đúng,Đúng,Đúng,1.0,Không,None,Đạt kỳ vọng theo bộ từ khóa chuẩn.,Không cần fix.,255.95
F105-NEG-009,Focused Regression,file_excel_mau_song_xanh.xlsx,XLSX,Focused Regression,"Trong file ""file_excel_mau_song_xanh.xlsx"" có thông tin về du lieu y te benh nhan không?",Không tìm thấy thông tin trong tài liệu.,Tôi không tìm thấy đủ thông tin trong tài liệu để trả lời chính xác.,,Đúng,Đúng,Đúng,1.0,Không,None,Đạt kỳ vọng theo bộ từ khóa chuẩn.,Không cần fix.,579.64
F105-NEG-011,Focused Regression,jpeg_01_ke_hoach_du_lich.jpeg,JPEG,Focused Regression,"Trong file ""jpeg_01_ke_hoach_du_lich.jpeg"" có thông tin về bitcoin không?",Không tìm thấy thông tin trong tài liệu.,Tôi không tìm thấy đủ thông tin trong tài liệu để trả lời chính xác.,,Đúng,Đúng,Đúng,1.0,Không,None,Đạt kỳ vọng theo bộ từ khóa chuẩn.,Không cần fix.,262.53
F105-NEG-012,Focused Regression,jpeg_02_bang_an_toan_bep.jpeg,JPEG,Focused Regression,"Trong file ""jpeg_02_bang_an_toan_bep.jpeg"" có thông tin về ma nguon bi mat không?",Không tìm thấy thông tin trong tài liệu.,Tôi không tìm thấy đủ thông tin trong tài liệu để trả lời chính xác.,,Đúng,Đúng,Đúng,1.0,Không,None,Đạt kỳ vọng theo bộ từ khóa chuẩn.,Không cần fix.,388.89
F105-NEG-013,Focused Regression,jpg_01_infographic_giac_ngu.jpg,JPG,Focused Regression,"Trong file ""jpg_01_infographic_giac_ngu.jpg"" có thông tin về lich bay quoc te không?",Không tìm thấy thông tin trong tài liệu.,Tôi không tìm thấy đủ thông tin trong tài liệu để trả lời chính xác.,,Đúng,Đúng,Đúng,1.0,Không,None,Đạt kỳ vọng theo bộ từ khóa chuẩn.,Không cần fix.,296.47
F105-NEG-014,Focused Regression,jpg_02_so_do_lop_hoc.jpg,JPG,Focused Regression,"Trong file ""jpg_02_so_do_lop_hoc.jpg"" có thông tin về diem thi IELTS không?",Không tìm thấy thông tin trong tài liệu.,Tôi không tìm thấy đủ thông tin trong tài liệu để trả lời chính xác.,,Đúng,Đúng,Đúng,1.0,Không,None,Đạt kỳ vọng theo bộ từ khóa chuẩn.,Không cần fix.,222.92
F105-NEG-016,Focused Regression,md_01_workshop_thuyet_trinh.md,MD,Focused Regression,"Trong file ""md_01_workshop_thuyet_trinh.md"" có thông tin về the tin dung không?",Không tìm thấy thông tin trong tài liệu.,"Không, tài liệu không đề cập đến ""the tin dung"".",md_01_workshop_thuyet_trinh.md (Kế hoạch workshop kỹ năng thuyết trình > Mục tiêu) | md_01_workshop_thuyet_trinh.md (Kế hoạch workshop kỹ năng thuyết trình > Ghi chú) | md_01_workshop_thuyet_trinh.md (Kế hoạch workshop kỹ năng thuyết trình > Lịch trình),Đúng,Đúng,Đúng,1.0,Không,None,Đạt kỳ vọng theo bộ từ khóa chuẩn.,Không cần fix.,0.64
F105-NEG-017,Focused Regression,md_02_app_chi_tieu.md,MD,Focused Regression,"Trong file ""md_02_app_chi_tieu.md"" có thông tin về API key không?",Không tìm thấy thông tin trong tài liệu.,Tôi không tìm thấy đủ thông tin trong tài liệu để trả lời chính xác.,,Đúng,Đúng,Đúng,1.0,Không,None,Đạt kỳ vọng theo bộ từ khóa chuẩn.,Không cần fix.,279.47
F105-NEG-018,Focused Regression,nhat_ky_mau_vuon_rau_do_thi.txt,TXT,Focused Regression,"Trong file ""nhat_ky_mau_vuon_rau_do_thi.txt"" có thông tin về du lieu GPS không?",Không tìm thấy thông tin trong tài liệu.,Tôi không tìm thấy đủ thông tin trong tài liệu để trả lời chính xác.,,Đúng,Đúng,Đúng,1.0,Không,None,Đạt kỳ vọng theo bộ từ khóa chuẩn.,Không cần fix.,339.33
F105-TAB-002,Focused Regression,file_excel_mau_song_xanh.xlsx,XLSX,Focused Regression,"Trong file ""file_excel_mau_song_xanh.xlsx"", ở sheet ""Du_lieu_chien_dich"", dòng 3 có thông tin gì?",Ngày: 2026-05-01 00:00:00; Khu vực: Ký túc xá; Hoạt động: Đổi rác lấy cây; Người phụ trách: An; Số người tham gia: 32,"Ở sheet 'Du_lieu_chien_dich', dòng 3 có: Ngày: 2026-05-01 00:00:00; Khu vực: Ký túc xá; Hoạt động: Đổi rác lấy cây; Người phụ trách: An; Số người tham gia: 32; Rác tái chế (kg): 4.1; Chi phí (VND): 450000; Mức hài lòng: 4.6; Ghi chú: Hiệu quả cao; Chi phí/người: 14062.5.","file_excel_mau_song_xanh.xlsx (sheet Du_lieu_chien_dich, A1:L32) | file_excel_mau_song_xanh.xlsx (sheet Du_lieu_chien_dich)",Đúng,Đúng,Đúng,1.0,Không,None,Đạt kỳ vọng theo bộ từ khóa chuẩn.,Không cần fix.,0.52
F105-TAB-003,Focused Regression,file_excel_mau_song_xanh.xlsx,XLSX,Focused Regression,"Trong file ""file_excel_mau_song_xanh.xlsx"", ở sheet ""Du_lieu_chien_dich"", dòng 4 có thông tin gì?",Ngày: 2026-05-02 00:00:00; Khu vực: Căn tin; Hoạt động: Thu gom rác tái chế; Người phụ trách: Minh; Số người tham gia: 87,"Ở sheet 'Du_lieu_chien_dich', dòng 4 có: Ngày: 2026-05-02 00:00:00; Khu vực: Căn tin; Hoạt động: Thu gom rác tái chế; Người phụ trách: Minh; Số người tham gia: 87; Rác tái chế (kg): 12.9; Chi phí (VND): 300000; Mức hài lòng: 3.7; Ghi chú: Nên tổ chức lại; Chi phí/người: 3448.2758620689656.","file_excel_mau_song_xanh.xlsx (sheet Du_lieu_chien_dich, A1:L32) | file_excel_mau_song_xanh.xlsx (sheet Du_lieu_chien_dich)",Đúng,Đúng,Đúng,1.0,Không,None,Đạt kỳ vọng theo bộ từ khóa chuẩn.,Không cần fix.,0.51
F105-TAB-004,Focused Regression,file_excel_mau_song_xanh.xlsx,XLSX,Focused Regression,"Trong file ""file_excel_mau_song_xanh.xlsx"", ở sheet ""Du_lieu_chien_dich"", dòng 5 có thông tin gì?",Ngày: 2026-05-03 00:00:00; Khu vực: Thư viện; Hoạt động: Workshop sống xanh; Người phụ trách: Huy; Số người tham gia: 95,"Ở sheet 'Du_lieu_chien_dich', dòng 5 có: Ngày: 2026-05-03 00:00:00; Khu vực: Thư viện; Hoạt động: Workshop sống xanh; Người phụ trách: Huy; Số người tham gia: 95; Rác tái chế (kg): 12.2; Chi phí (VND): 450000; Mức hài lòng: 4.1; Ghi chú: Sinh viên tham gia tích cực; Chi phí/người: 4736.8421052631575.","file_excel_mau_song_xanh.xlsx (sheet Du_lieu_chien_dich, A1:L32) | file_excel_mau_song_xanh.xlsx (sheet Du_lieu_chien_dich)",Đúng,Đúng,Đúng,1.0,Không,None,Đạt kỳ vọng theo bộ từ khóa chuẩn.,Không cần fix.,0.66
F105-TAB-005,Focused Regression,file_excel_mau_song_xanh.xlsx,XLSX,Focused Regression,"Trong file ""file_excel_mau_song_xanh.xlsx"", ở sheet ""Du_lieu_chien_dich"", dòng 6 có thông tin gì?",Ngày: 2026-05-04 00:00:00; Khu vực: Thư viện; Hoạt động: Dọn vệ sinh khu vực; Người phụ trách: Trang; Số người tham gia: 18,"Ở sheet 'Du_lieu_chien_dich', dòng 6 có: Ngày: 2026-05-04 00:00:00; Khu vực: Thư viện; Hoạt động: Dọn vệ sinh khu vực; Người phụ trách: Trang; Số người tham gia: 18; Rác tái chế (kg): 6.7; Chi phí (VND): 500000; Mức hài lòng: 3.6; Ghi chú: Sinh viên tham gia tích cực; Chi phí/người: 27777.777777777777.","file_excel_mau_song_xanh.xlsx (sheet Du_lieu_chien_dich, A1:L32) | file_excel_mau_song_xanh.xlsx (sheet Du_lieu_chien_dich)",Đúng,Đúng,Đúng,1.0,Không,None,Đạt kỳ vọng theo bộ từ khóa chuẩn.,Không cần fix.,0.47
F105-TAB-006,Focused Regression,file_excel_mau_song_xanh.xlsx,XLSX,Focused Regression,"Trong file ""file_excel_mau_song_xanh.xlsx"", ở sheet ""Du_lieu_chien_dich"", dòng 7 có thông tin gì?",Ngày: 2026-05-05 00:00:00; Khu vực: Khoa CNTT; Hoạt động: Tuyên truyền phân loại rác; Người phụ trách: Trang; Số người tham gia: 31,"Ở sheet 'Du_lieu_chien_dich', dòng 7 có: Ngày: 2026-05-05 00:00:00; Khu vực: Khoa CNTT; Hoạt động: Tuyên truyền phân loại rác; Người phụ trách: Trang; Số người tham gia: 31; Rác tái chế (kg): 4.7; Chi phí (VND): 800000; Mức hài lòng: 3.8; Ghi chú: Hoàn thành tốt; Chi phí/người: 25806.451612903227.","file_excel_mau_song_xanh.xlsx (sheet Du_lieu_chien_dich, A1:L32) | file_excel_mau_song_xanh.xlsx (sheet Tong_quan, A1:H16)",Đúng,Đúng,Đúng,1.0,Không,None,Đạt kỳ vọng theo bộ từ khóa chuẩn.,Không cần fix.,0.58
F105-TAB-007,Focused Regression,file_excel_mau_song_xanh.xlsx,XLSX,Focused Regression,"Trong file ""file_excel_mau_song_xanh.xlsx"", ở sheet ""Du_lieu_chien_dich"", dòng 8 có thông tin gì?",Ngày: 2026-05-06 00:00:00; Khu vực: Căn tin; Hoạt động: Thu gom rác tái chế; Người phụ trách: Linh; Số người tham gia: 76,"Ở sheet 'Du_lieu_chien_dich', dòng 8 có: Ngày: 2026-05-06 00:00:00; Khu vực: Căn tin; Hoạt động: Thu gom rác tái chế; Người phụ trách: Linh; Số người tham gia: 76; Rác tái chế (kg): 22.6; Chi phí (VND): 500000; Mức hài lòng: 4.7; Ghi chú: Nên tổ chức lại; Chi phí/người: 6578.9473684210525.","file_excel_mau_song_xanh.xlsx (sheet Du_lieu_chien_dich, A1:L32) | file_excel_mau_song_xanh.xlsx (sheet Tong_quan, A1:H16)",Đúng,Đúng,Đúng,1.0,Không,None,Đạt kỳ vọng theo bộ từ khóa chuẩn.,Không cần fix.,0.6
F105-TAB-008,Focused Regression,file_excel_mau_song_xanh.xlsx,XLSX,Focused Regression,"Trong file ""file_excel_mau_song_xanh.xlsx"", ở sheet ""Du_lieu_chien_dich"", dòng 9 có thông tin gì?",Ngày: 2026-05-07 00:00:00; Khu vực: Phòng học A; Hoạt động: Thu gom rác tái chế; Người phụ trách: Minh; Số người tham gia: 64,"Ở sheet 'Du_lieu_chien_dich', dòng 9 có: Ngày: 2026-05-07 00:00:00; Khu vực: Phòng học A; Hoạt động: Thu gom rác tái chế; Người phụ trách: Minh; Số người tham gia: 64; Rác tái chế (kg): 19.9; Chi phí (VND): 1000000; Mức hài lòng: 3.8; Ghi chú: Sinh viên tham gia tích cực; Chi phí/người: 15625.","file_excel_mau_song_xanh.xlsx (sheet Du_lieu_chien_dich, A1:L32) | file_excel_mau_song_xanh.xlsx (sheet Tong_quan, A1:H16)",Đúng,Đúng,Đúng,1.0,Không,None,Đạt kỳ vọng theo bộ từ khóa chuẩn.,Không cần fix.,0.42
F105-TAB-009,Focused Regression,file_excel_mau_song_xanh.xlsx,XLSX,Focused Regression,"Trong file ""file_excel_mau_song_xanh.xlsx"", ở sheet ""Du_lieu_chien_dich"", dòng 10 có thông tin gì?",Ngày: 2026-05-08 00:00:00; Khu vực: Khoa CNTT; Hoạt động: Dọn vệ sinh khu vực; Người phụ trách: Trang; Số người tham gia: 28,"Ở sheet 'Du_lieu_chien_dich', dòng 10 có: Ngày: 2026-05-08 00:00:00; Khu vực: Khoa CNTT; Hoạt động: Dọn vệ sinh khu vực; Người phụ trách: Trang; Số người tham gia: 28; Rác tái chế (kg): 11.3; Chi phí (VND): 650000; Mức hài lòng: 4.4; Ghi chú: Sinh viên tham gia tích cực; Chi phí/người: 23214.285714285714.","file_excel_mau_song_xanh.xlsx (sheet Du_lieu_chien_dich, A1:L32)",Đúng,Đúng,Đúng,1.0,Không,None,Đạt kỳ vọng theo bộ từ khóa chuẩn.,Không cần fix.,0.59
F105-TAB-010,Focused Regression,file_excel_mau_song_xanh.xlsx,XLSX,Focused Regression,"Trong file ""file_excel_mau_song_xanh.xlsx"", ở sheet ""Du_lieu_chien_dich"", dòng 11 có thông tin gì?",Ngày: 2026-05-09 00:00:00; Khu vực: Thư viện; Hoạt động: Tuyên truyền phân loại rác; Người phụ trách: Phúc; Số người tham gia: 38,"Ở sheet 'Du_lieu_chien_dich', dòng 11 có: Ngày: 2026-05-09 00:00:00; Khu vực: Thư viện; Hoạt động: Tuyên truyền phân loại rác; Người phụ trách: Phúc; Số người tham gia: 38; Rác tái chế (kg): 9.2; Chi phí (VND): 1000000; Mức hài lòng: 4.4; Ghi chú: Nên tổ chức lại; Chi phí/người: 26315.78947368421.","file_excel_mau_song_xanh.xlsx (sheet Du_lieu_chien_dich, A1:L32) | file_excel_mau_song_xanh.xlsx (sheet Tong_quan, A1:H16)",Đúng,Đúng,Đúng,1.0,Không,None,Đạt kỳ vọng theo bộ từ khóa chuẩn.,Không cần fix.,0.72
F105-TAB-011,Focused Regression,file_excel_mau_song_xanh.xlsx,XLSX,Focused Regression,"Trong file ""file_excel_mau_song_xanh.xlsx"", ở sheet ""Du_lieu_chien_dich"", dòng 12 có thông tin gì?",Ngày: 2026-05-10 00:00:00; Khu vực: Thư viện; Hoạt động: Đổi rác lấy cây; Người phụ trách: Huy; Số người tham gia: 39,"Ở sheet 'Du_lieu_chien_dich', dòng 12 có: Ngày: 2026-05-10 00:00:00; Khu vực: Thư viện; Hoạt động: Đổi rác lấy cây; Người phụ trách: Huy; Số người tham gia: 39; Rác tái chế (kg): 11.6; Chi phí (VND): 650000; Mức hài lòng: 3.8; Ghi chú: Hiệu quả cao; Chi phí/người: 16666.666666666668.","file_excel_mau_song_xanh.xlsx (sheet Du_lieu_chien_dich, A1:L32) | file_excel_mau_song_xanh.xlsx (sheet Tong_quan, A1:H16)",Đúng,Đúng,Đúng,1.0,Không,None,Đạt kỳ vọng theo bộ từ khóa chuẩn.,Không cần fix.,0.73
F105-TAB-012,Focused Regression,file_excel_mau_song_xanh.xlsx,XLSX,Focused Regression,"Trong file ""file_excel_mau_song_xanh.xlsx"", ở sheet ""Du_lieu_chien_dich"", dòng 13 có thông tin gì?",Ngày: 2026-05-11 00:00:00; Khu vực: Ký túc xá; Hoạt động: Thu gom rác tái chế; Người phụ trách: An; Số người tham gia: 89,"Ở sheet 'Du_lieu_chien_dich', dòng 13 có: Ngày: 2026-05-11 00:00:00; Khu vực: Ký túc xá; Hoạt động: Thu gom rác tái chế; Người phụ trách: An; Số người tham gia: 89; Rác tái chế (kg): 17.1; Chi phí (VND): 1200000; Mức hài lòng: 3.5; Ghi chú: Sinh viên tham gia tích cực; Chi phí/người: 13483.14606741573.","file_excel_mau_song_xanh.xlsx (sheet Du_lieu_chien_dich, A1:L32) | file_excel_mau_song_xanh.xlsx (sheet Tong_quan, A1:H16)",Đúng,Đúng,Đúng,1.0,Không,None,Đạt kỳ vọng theo bộ từ khóa chuẩn.,Không cần fix.,0.83
F105-TAB-013,Focused Regression,file_excel_mau_song_xanh.xlsx,XLSX,Focused Regression,"Trong file ""file_excel_mau_song_xanh.xlsx"", ở sheet ""Du_lieu_chien_dich"", dòng 14 có thông tin gì?",Ngày: 2026-05-12 00:00:00; Khu vực: Thư viện; Hoạt động: Workshop sống xanh; Người phụ trách: Phúc; Số người tham gia: 69,"Ở sheet 'Du_lieu_chien_dich', dòng 14 có: Ngày: 2026-05-12 00:00:00; Khu vực: Thư viện; Hoạt động: Workshop sống xanh; Người phụ trách: Phúc; Số người tham gia: 69; Rác tái chế (kg): 14.4; Chi phí (VND): 500000; Mức hài lòng: 3.7; Ghi chú: Thiếu vật tư; Chi phí/người: 7246.376811594203.","file_excel_mau_song_xanh.xlsx (sheet Du_lieu_chien_dich, A1:L32) | file_excel_mau_song_xanh.xlsx (sheet Tong_quan, A1:H16)",Đúng,Đúng,Đúng,1.0,Không,None,Đạt kỳ vọng theo bộ từ khóa chuẩn.,Không cần fix.,0.55
F105-TAB-016,Focused Regression,Test xlsx.xlsx,XLSX,Focused Regression,"Trong file ""Test xlsx.xlsx"", ở sheet ""Sheet4"", dòng 4 có thông tin gì?",No.: 2.0; 受験番号: KE2; 氏名: 優希　カイ; 性別: A; 学科名: 経営学科,"Ở sheet 'Sheet4', dòng 4 có: No.: 2.0; 受験番号: KE2; 氏名: 優希 カイ; 性別: A; 学科名: 経営学科; 日本語: 9.0; 数学: 7.0; 文学: 6.0; 総計: 22; 結果: ROT.","Test xlsx.xlsx (sheet Sheet4, A1:Z1000) | Test xlsx.xlsx (sheet Sheet4)",Đúng,Đúng,Đúng,1.0,Không,None,Đạt kỳ vọng theo bộ từ khóa chuẩn.,Không cần fix.,0.64
F105-TAB-017,Focused Regression,Test xlsx.xlsx,XLSX,Focused Regression,"Trong file ""Test xlsx.xlsx"", ở sheet ""Sheet4"", dòng 5 có thông tin gì?",No.: 3.0; 受験番号: NH2; 氏名: 勝弘　系; 性別: A; 学科名: 日本語学科,"Ở sheet 'Sheet4', dòng 5 có: No.: 3.0; 受験番号: NH2; 氏名: 勝弘 系; 性別: A; 学科名: 日本語学科; 日本語: 8.0; 数学: 5.0; 文学: 7.0; 総計: 28; 結果: D.","Test xlsx.xlsx (sheet Sheet4, A1:Z1000) | Test xlsx.xlsx (sheet Sheet4)",Đúng,Đúng,Đúng,1.0,Không,None,Đạt kỳ vọng theo bộ từ khóa chuẩn.,Không cần fix.,1.04
F105-TAB-018,Focused Regression,Test xlsx.xlsx,XLSX,Focused Regression,"Trong file ""Test xlsx.xlsx"", ở sheet ""Sheet4"", dòng 6 có thông tin gì?",No.: 4.0; 受験番号: KI1; 氏名: 山下　恵子; 性別: U; 学科名: 教育学科,"Ở sheet 'Sheet4', dòng 6 có: No.: 4.0; 受験番号: KI1; 氏名: 山下 恵子; 性別: U; 学科名: 教育学科; 日本語: 9.0; 数学: 10.0; 文学: 8.5; 総計: 36.5; 結果: D.","Test xlsx.xlsx (sheet Sheet4, A1:Z1000) | Test xlsx.xlsx (sheet Sheet4)",Đúng,Đúng,Đúng,1.0,Không,None,Đạt kỳ vọng theo bộ từ khóa chuẩn.,Không cần fix.,0.61
F105-TAB-019,Focused Regression,Test xlsx.xlsx,XLSX,Focused Regression,"Trong file ""Test xlsx.xlsx"", ở sheet ""Sheet4"", dòng 7 có thông tin gì?",No.: 5.0; 受験番号: NH1; 氏名: 山川　静香; 性別: U; 学科名: 日本語学科,"Ở sheet 'Sheet4', dòng 7 có: No.: 5.0; 受験番号: NH1; 氏名: 山川 静香; 性別: U; 学科名: 日本語学科; 日本語: 10.0; 数学: 7.0; 文学: 5.0; 総計: 32; 結果: D.","Test xlsx.xlsx (sheet Sheet4, A1:Z1000) | Test xlsx.xlsx (sheet Sheet2, A1:Z1000)",Đúng,Đúng,Đúng,1.0,Không,None,Đạt kỳ vọng theo bộ từ khóa chuẩn.,Không cần fix.,0.44
F105-TAB-020,Focused Regression,Test xlsx.xlsx,XLSX,Focused Regression,"Trong file ""Test xlsx.xlsx"", ở sheet ""Sheet4"", dòng 8 có thông tin gì?",No.: 6.0; 受験番号: NH1; 氏名: 山田　浩; 性別: U; 学科名: 日本語学科,"Ở sheet 'Sheet4', dòng 8 có: No.: 6.0; 受験番号: NH1; 氏名: 山田 浩; 性別: U; 学科名: 日本語学科; 日本語: 5.0; 数学: 6.0; 文学: 8.0; 総計: 24; 結果: ROT.","Test xlsx.xlsx (sheet Sheet4, A1:Z1000) | Test xlsx.xlsx (sheet Sheet2, A1:Z1000)",Đúng,Đúng,Đúng,1.0,Không,None,Đạt kỳ vọng theo bộ từ khóa chuẩn.,Không cần fix.,0.43
F105-TAB-021,Focused Regression,Test xlsx.xlsx,XLSX,Focused Regression,"Trong file ""Test xlsx.xlsx"", ở sheet ""Sheet4"", dòng 9 có thông tin gì?",No.: 7.0; 受験番号: KE2; 氏名: 志村　愛; 性別: A; 学科名: 経営学科,"Ở sheet 'Sheet4', dòng 9 có: No.: 7.0; 受験番号: KE2; 氏名: 志村 愛; 性別: A; 学科名: 経営学科; 日本語: 7.0; 数学: 7.0; 文学: 8.0; 総計: 22; 結果: ROT.","Test xlsx.xlsx (sheet Sheet4, A1:Z1000) | Test xlsx.xlsx (sheet Sheet2, A1:Z1000)",Đúng,Đúng,Đúng,1.0,Không,None,Đạt kỳ vọng theo bộ từ khóa chuẩn.,Không cần fix.,0.64
F105-TAB-022,Focused Regression,Test xlsx.xlsx,XLSX,Focused Regression,"Trong file ""Test xlsx.xlsx"", ở sheet ""Sheet4"", dòng 10 có thông tin gì?",No.: 8.0; 受験番号: NH1; 氏名: 木村　信; 性別: U; 学科名: 日本語学科,"Ở sheet 'Sheet4', dòng 10 có: No.: 8.0; 受験番号: NH1; 氏名: 木村 信; 性別: U; 学科名: 日本語学科; 日本語: 4.5; 数学: 7.0; 文学: 7.0; 総計: 23; 結果: ROT.","Test xlsx.xlsx (sheet Sheet4, A1:Z1000) | Test xlsx.xlsx (sheet Sheet2, A1:Z1000)",Đúng,Đúng,Đúng,1.0,Không,None,Đạt kỳ vọng theo bộ từ khóa chuẩn.,Không cần fix.,0.73
F105-TAB-023,Focused Regression,Test xlsx.xlsx,XLSX,Focused Regression,"Trong file ""Test xlsx.xlsx"", ở sheet ""Sheet4"", dòng 11 có thông tin gì?",No.: 9.0; 受験番号: KE1; 氏名: 木村　杏奈; 性別: U; 学科名: 経営学科,"Ở sheet 'Sheet4', dòng 11 có: No.: 9.0; 受験番号: KE1; 氏名: 木村 杏奈; 性別: U; 学科名: 経営学科; 日本語: 6.5; 数学: 9.0; 文学: 7.0; 総計: 22.5; 結果: ROT.","Test xlsx.xlsx (sheet Sheet4, A1:Z1000) | Test xlsx.xlsx (sheet Sheet2, A1:Z1000)",Đúng,Đúng,Đúng,1.0,Không,None,Đạt kỳ vọng theo bộ từ khóa chuẩn.,Không cần fix.,0.59
F105-TAB-024,Focused Regression,Test xlsx.xlsx,XLSX,Focused Regression,"Trong file ""Test xlsx.xlsx"", ở sheet ""Sheet4"", dòng 12 có thông tin gì?",No.: 10.0; 受験番号: KI2; 氏名: 立山　高貴; 性別: A; 学科名: 教育学科,"Ở sheet 'Sheet4', dòng 12 có: No.: 10.0; 受験番号: KI2; 氏名: 立山 高貴; 性別: A; 学科名: 教育学科; 日本語: 5.0; 数学: 7.0; 文学: 8.5; 総計: 25.5; 結果: D.","Test xlsx.xlsx (sheet Sheet4, A1:Z1000) | Test xlsx.xlsx (sheet Sheet2, A1:Z1000)",Đúng,Đúng,Đúng,1.0,Không,None,Đạt kỳ vọng theo bộ từ khóa chuẩn.,Không cần fix.,0.45
F105-TAB-025,Focused Regression,Test xlsx.xlsx,XLSX,Focused Regression,"Trong file ""Test xlsx.xlsx"", ở sheet ""Sheet4"", dòng 13 có thông tin gì?",学科名: 平均点; 日本語: ?; 数学: ?; 文学: ?; 総計: ?,"Ở sheet 'Sheet4', dòng 13 có: 学科名: 平均点; 日本語:?; 数学:?; 文学:?; 総計:?; column_12: 合格者数; column_18: （10点）.","Test xlsx.xlsx (sheet Sheet4, A1:Z1000) | Test xlsx.xlsx (sheet Sheet2, A1:Z1000)",Đúng,Đúng,Một phần,0.5,Không,Medium,Đạt kỳ vọng theo bộ từ khóa chuẩn.,Tinh chỉnh citation selection và reranking để nguồn trả về sát hơn.,0.49
F105-TAB-026,Focused Regression,Test xlsx.xlsx,XLSX,Focused Regression,"Trong file ""Test xlsx.xlsx"", ở sheet ""Sheet4"", dòng 14 có thông tin gì?",学科名: 最高点; 日本語: ?; 数学: ?; 文学: ?; 総計: ?,"Ở sheet 'Sheet4', dòng 14 có: 学科名: 最高点; 日本語:?; 数学:?; 文学:?; 総計:?; column_12: 合格率; column_18: （5点）.","Test xlsx.xlsx (sheet Sheet4, A1:Z1000) | Test xlsx.xlsx (sheet Sheet2, A1:Z1000)",Đúng,Đúng,Một phần,0.5,Không,Medium,Đạt kỳ vọng theo bộ từ khóa chuẩn.,Tinh chỉnh citation selection và reranking để nguồn trả về sát hơn.,0.55
F105-TAB-028,Focused Regression,xlsx_01_bao_cao_doanh_thu.xlsx,XLSX,Focused Regression,"Trong file ""xlsx_01_bao_cao_doanh_thu.xlsx"", ở sheet ""Doanh thu"", dòng 2 có thông tin gì?",Tháng: 01/2026; Sản phẩm A: 120; Sản phẩm B: 90; Dịch vụ: 45; Tổng: 255,"Ở sheet 'Doanh thu', dòng 2 có: Tháng: 01/2026; Sản phẩm A: 120; Sản phẩm B: 90; Dịch vụ: 45; Tổng: 255; Ghi chú: Sau Tết nhu cầu ổn định.","xlsx_01_bao_cao_doanh_thu.xlsx (sheet Doanh thu, A1:F7) | xlsx_01_bao_cao_doanh_thu.xlsx (sheet Doanh thu)",Đúng,Đúng,Đúng,1.0,Không,None,Đạt kỳ vọng theo bộ từ khóa chuẩn.,Không cần fix.,0.89
F105-TAB-029,Focused Regression,xlsx_01_bao_cao_doanh_thu.xlsx,XLSX,Focused Regression,"Trong file ""xlsx_01_bao_cao_doanh_thu.xlsx"", ở sheet ""Doanh thu"", dòng 3 có thông tin gì?",Tháng: 02/2026; Sản phẩm A: 135; Sản phẩm B: 88; Dịch vụ: 52; Tổng: 275,"Ở sheet 'Doanh thu', dòng 3 có: Tháng: 02/2026; Sản phẩm A: 135; Sản phẩm B: 88; Dịch vụ: 52; Tổng: 275; Ghi chú: Tăng nhờ chương trình combo.","xlsx_01_bao_cao_doanh_thu.xlsx (sheet Doanh thu, A1:F7) | xlsx_01_bao_cao_doanh_thu.xlsx (sheet Doanh thu)",Đúng,Đúng,Đúng,1.0,Không,None,Đạt kỳ vọng theo bộ từ khóa chuẩn.,Không cần fix.,0.84
F105-TAB-030,Focused Regression,xlsx_01_bao_cao_doanh_thu.xlsx,XLSX,Focused Regression,"Trong file ""xlsx_01_bao_cao_doanh_thu.xlsx"", ở sheet ""Doanh thu"", dòng 4 có thông tin gì?",Tháng: 03/2026; Sản phẩm A: 128; Sản phẩm B: 105; Dịch vụ: 58; Tổng: 291,"Ở sheet 'Doanh thu', dòng 4 có: Tháng: 03/2026; Sản phẩm A: 128; Sản phẩm B: 105; Dịch vụ: 58; Tổng: 291; Ghi chú: Bắt đầu quảng cáo online.","xlsx_01_bao_cao_doanh_thu.xlsx (sheet Doanh thu, A1:F7) | xlsx_01_bao_cao_doanh_thu.xlsx (sheet Doanh thu)",Đúng,Đúng,Đúng,1.0,Không,None,Đạt kỳ vọng theo bộ từ khóa chuẩn.,Không cần fix.,0.75
F105-TAB-031,Focused Regression,xlsx_01_bao_cao_doanh_thu.xlsx,XLSX,Focused Regression,"Trong file ""xlsx_01_bao_cao_doanh_thu.xlsx"", ở sheet ""Doanh thu"", dòng 5 có thông tin gì?",Tháng: 04/2026; Sản phẩm A: 150; Sản phẩm B: 112; Dịch vụ: 64; Tổng: 326,"Ở sheet 'Doanh thu', dòng 5 có: Tháng: 04/2026; Sản phẩm A: 150; Sản phẩm B: 112; Dịch vụ: 64; Tổng: 326; Ghi chú: Khách hàng doanh nghiệp tăng.","xlsx_01_bao_cao_doanh_thu.xlsx (sheet Doanh thu, A1:F7) | xlsx_01_bao_cao_doanh_thu.xlsx (sheet Doanh thu)",Đúng,Đúng,Đúng,1.0,Không,None,Đạt kỳ vọng theo bộ từ khóa chuẩn.,Không cần fix.,0.65
F105-TAB-032,Focused Regression,xlsx_01_bao_cao_doanh_thu.xlsx,XLSX,Focused Regression,"Trong file ""xlsx_01_bao_cao_doanh_thu.xlsx"", ở sheet ""Doanh thu"", dòng 6 có thông tin gì?",Tháng: 05/2026; Sản phẩm A: 162; Sản phẩm B: 120; Dịch vụ: 71; Tổng: 353,"Ở sheet 'Doanh thu', dòng 6 có: Tháng: 05/2026; Sản phẩm A: 162; Sản phẩm B: 120; Dịch vụ: 71; Tổng: 353; Ghi chú: Cần bổ sung nhân sự tư vấn.","xlsx_01_bao_cao_doanh_thu.xlsx (sheet Doanh thu, A1:F7) | xlsx_01_bao_cao_doanh_thu.xlsx (sheet Doanh thu)",Đúng,Đúng,Đúng,1.0,Không,None,Đạt kỳ vọng theo bộ từ khóa chuẩn.,Không cần fix.,0.75
F105-TAB-033,Focused Regression,xlsx_01_bao_cao_doanh_thu.xlsx,XLSX,Focused Regression,"Trong file ""xlsx_01_bao_cao_doanh_thu.xlsx"", ở sheet ""Doanh thu"", dòng 7 có thông tin gì?",Tháng: 06/2026; Sản phẩm A: 158; Sản phẩm B: 130; Dịch vụ: 75; Tổng: 363,"Ở sheet 'Doanh thu', dòng 7 có: Tháng: 06/2026; Sản phẩm A: 158; Sản phẩm B: 130; Dịch vụ: 75; Tổng: 363; Ghi chú: Duy trì chăm sóc khách cũ.","xlsx_01_bao_cao_doanh_thu.xlsx (sheet Doanh thu, A1:F7)",Đúng,Đúng,Đúng,1.0,Không,None,Đạt kỳ vọng theo bộ từ khóa chuẩn.,Không cần fix.,0.52
F105-TAB-035,Focused Regression,xlsx_01_bao_cao_doanh_thu.xlsx,XLSX,Focused Regression,"Trong file ""xlsx_01_bao_cao_doanh_thu.xlsx"", ở sheet ""KPI"", dòng 3 có thông tin gì?",Chỉ số: Đơn hàng đúng hạn; Mục tiêu: 95%; Thực tế: 97%; Đánh giá: Đạt,"Ở sheet 'KPI', dòng 3 có: Chỉ số: Đơn hàng đúng hạn; Mục tiêu: 95%; Thực tế: 97%; Đánh giá: Đạt.","xlsx_01_bao_cao_doanh_thu.xlsx (sheet KPI, A1:D6) | xlsx_01_bao_cao_doanh_thu.xlsx (sheet KPI)",Đúng,Đúng,Đúng,1.0,Không,None,Đạt kỳ vọng theo bộ từ khóa chuẩn.,Không cần fix.,5.73
F105-TAB-036,Focused Regression,xlsx_01_bao_cao_doanh_thu.xlsx,XLSX,Focused Regression,"Trong file ""xlsx_01_bao_cao_doanh_thu.xlsx"", ở sheet ""KPI"", dòng 4 có thông tin gì?",Chỉ số: Chi phí quảng cáo; Mục tiêu: 25 triệu; Thực tế: 23 triệu; Đánh giá: Đạt,"Ở sheet 'KPI', dòng 4 có: Chỉ số: Chi phí quảng cáo; Mục tiêu: 25 triệu; Thực tế: 23 triệu; Đánh giá: Đạt.","xlsx_01_bao_cao_doanh_thu.xlsx (sheet KPI, A1:D6) | xlsx_01_bao_cao_doanh_thu.xlsx (sheet KPI)",Đúng,Đúng,Đúng,1.0,Không,None,Đạt kỳ vọng theo bộ từ khóa chuẩn.,Không cần fix.,0.58
F105-TAB-037,Focused Regression,xlsx_01_bao_cao_doanh_thu.xlsx,XLSX,Focused Regression,"Trong file ""xlsx_01_bao_cao_doanh_thu.xlsx"", ở sheet ""KPI"", dòng 5 có thông tin gì?",Chỉ số: Tỷ lệ khách quay lại; Mục tiêu: 35%; Thực tế: 32%; Đánh giá: Theo dõi thêm,"Ở sheet 'KPI', dòng 5 có: Chỉ số: Tỷ lệ khách quay lại; Mục tiêu: 35%; Thực tế: 32%; Đánh giá: Theo dõi thêm.","xlsx_01_bao_cao_doanh_thu.xlsx (sheet KPI, A1:D6) | xlsx_01_bao_cao_doanh_thu.xlsx (sheet KPI)",Đúng,Đúng,Đúng,1.0,Không,None,Đạt kỳ vọng theo bộ từ khóa chuẩn.,Không cần fix.,0.5
F105-TAB-038,Focused Regression,xlsx_01_bao_cao_doanh_thu.xlsx,XLSX,Focused Regression,"Trong file ""xlsx_01_bao_cao_doanh_thu.xlsx"", ở sheet ""KPI"", dòng 6 có thông tin gì?",Chỉ số: Số lỗi vận hành; Mục tiêu: <= 5; Thực tế: 4; Đánh giá: Đạt,"Ở sheet 'KPI', dòng 6 có: Chỉ số: Số lỗi vận hành; Mục tiêu: <= 5; Thực tế: 4; Đánh giá: Đạt.","xlsx_01_bao_cao_doanh_thu.xlsx (sheet KPI, A1:D6) | xlsx_01_bao_cao_doanh_thu.xlsx (sheet KPI)",Đúng,Đúng,Đúng,1.0,Không,None,Đạt kỳ vọng theo bộ từ khóa chuẩn.,Không cần fix.,1.04
F105-TAB-040,Focused Regression,xlsx_02_ke_hoach_hoc_tap.xlsx,XLSX,Focused Regression,"Trong file ""xlsx_02_ke_hoach_hoc_tap.xlsx"", ở sheet ""Ke hoach hoc tap"", dòng 2 có thông tin gì?","Tuần: 1; Môn học: Cloud Computing; Mục tiêu: Ôn NIST, IaaS/PaaS/SaaS; Giờ dự kiến: 8; Giờ thực tế: 7","Ở sheet 'Ke hoach hoc tap', dòng 2 có: Tuần: 1; Môn học: Cloud Computing; Mục tiêu: Ôn NIST, IaaS/PaaS/SaaS; Giờ dự kiến: 8; Giờ thực tế: 7; Tỷ lệ hoàn thành: 0.875.","xlsx_02_ke_hoach_hoc_tap.xlsx (sheet Ke hoach hoc tap, A1:F7) | xlsx_02_ke_hoach_hoc_tap.xlsx (sheet Ke hoach hoc tap)",Đúng,Đúng,Đúng,1.0,Không,None,Đạt kỳ vọng theo bộ từ khóa chuẩn.,Không cần fix.,0.53
F105-TAB-015,Focused Regression,Test xlsx.xlsx,XLSX,Focused Regression,"Trong file ""Test xlsx.xlsx"", ở sheet ""Sheet4"", dòng 3 có thông tin gì?",No.: 1.0; 受験番号: KI2; 氏名: のび太　徳田; 性別: A; 学科名: 教育学科,"Ở sheet 'Sheet4', dòng 3 có: No.: 1.0; 受験番号: KI2; 氏名: のび太 徳田; 性別: A; 学科名: 教育学科; 日本語: 9.0; 数学: 8.5; 文学: 7.5; 総計: 34; 結果: D.","Test xlsx.xlsx (sheet Sheet4, A1:Z1000) | Test xlsx.xlsx (sheet Sheet4)",Đúng,Đúng,Đúng,1.0,Không,None,Đạt kỳ vọng theo bộ từ khóa chuẩn.,Không cần fix.,0.37
F105-TAB-034,Focused Regression,xlsx_01_bao_cao_doanh_thu.xlsx,XLSX,Focused Regression,"Trong file ""xlsx_01_bao_cao_doanh_thu.xlsx"", ở sheet ""KPI"", dòng 2 có thông tin gì?",Chỉ số: Tỷ lệ phản hồi khách hàng; Mục tiêu: 90%; Thực tế: 86%; Đánh giá: Cần cải thiện,"Ở sheet 'KPI', dòng 2 có: Chỉ số: Tỷ lệ phản hồi khách hàng; Mục tiêu: 90%; Thực tế: 86%; Đánh giá: Cần cải thiện.","xlsx_01_bao_cao_doanh_thu.xlsx (sheet KPI, A1:D6) | xlsx_01_bao_cao_doanh_thu.xlsx (sheet KPI)",Đúng,Đúng,Đúng,1.0,Không,None,Đạt kỳ vọng theo bộ từ khóa chuẩn.,Không cần fix.,0.79
F105-TAB-001,Focused Regression,file_excel_mau_song_xanh.xlsx,XLSX,Focused Regression,"Workbook ""file_excel_mau_song_xanh.xlsx"" có bao nhiêu sheet và tên gì?","2 sheet: Du_lieu_chien_dich, Tong_quan","Tài liệu có 2 sheet: Du_lieu_chien_dich, Tong_quan.",file_excel_mau_song_xanh.xlsx (sheet Du_lieu_chien_dich) | file_excel_mau_song_xanh.xlsx (sheet Tong_quan),Đúng,Đúng,Đúng,1.0,Không,None,Đạt kỳ vọng theo bộ từ khóa chuẩn.,Không cần fix.,0.56
F105-TAB-014,Focused Regression,Test xlsx.xlsx,XLSX,Focused Regression,"Workbook ""Test xlsx.xlsx"" có bao nhiêu sheet và tên gì?","3 sheet: Sheet4, Sheet2, Sheet1","Tài liệu có 3 sheet: Sheet4, Sheet2, Sheet1.",Test xlsx.xlsx (sheet Sheet4) | Test xlsx.xlsx (sheet Sheet2) | Test xlsx.xlsx (sheet Sheet1),Đúng,Đúng,Đúng,1.0,Không,None,Đạt kỳ vọng theo bộ từ khóa chuẩn.,Không cần fix.,0.53
F105-TAB-027,Focused Regression,xlsx_01_bao_cao_doanh_thu.xlsx,XLSX,Focused Regression,"Workbook ""xlsx_01_bao_cao_doanh_thu.xlsx"" có bao nhiêu sheet và tên gì?","2 sheet: Doanh thu, KPI","Tài liệu có 2 sheet: Doanh thu, KPI.",xlsx_01_bao_cao_doanh_thu.xlsx (sheet KPI) | xlsx_01_bao_cao_doanh_thu.xlsx (sheet Doanh thu),Đúng,Đúng,Đúng,1.0,Không,None,Đạt kỳ vọng theo bộ từ khóa chuẩn.,Không cần fix.,1.06
F105-TAB-039,Focused Regression,xlsx_02_ke_hoach_hoc_tap.xlsx,XLSX,Focused Regression,"Workbook ""xlsx_02_ke_hoach_hoc_tap.xlsx"" có bao nhiêu sheet và tên gì?","2 sheet: Ke hoach hoc tap, Tai nguyen","Tài liệu có 2 sheet: Ke hoach hoc tap, Tai nguyen.",xlsx_02_ke_hoach_hoc_tap.xlsx (sheet Tai nguyen) | xlsx_02_ke_hoach_hoc_tap.xlsx (sheet Ke hoach hoc tap),Đúng,Đúng,Đúng,1.0,Không,None,Đạt kỳ vọng theo bộ từ khóa chuẩn.,Không cần fix.,0.51
F105-SLD-001,Focused Regression,AI Document Question Answering System.pptx,PPTX,Focused Regression,"Slide 1 của file ""AI Document Question Answering System.pptx"" nói về nội dung gì?","Slide: 1; Title: Slide 1; [4] textbox/text_box @ x=3043085,y=1287313,w=3922424,h=575310: TRƯỜNG ĐẠI HỌC GIAO THÔNG VẬN TẢI THÀNH PHỐ HỒ CHÍ MINH",Slide 1 nói về: TRƯỜNG ĐẠI HỌC GIAO THÔNG VẬN TẢI THÀNH PHỐ HỒ CHÍ MINH; ĐỀ TÀI: AI Document Question Answering System; Giảng viên hướng dẫn: Nguyễn Văn Huy; Sinh viên thực hiện: Huỳnh Ngọc Quang Vinh.,AI Document Question Answering System.pptx (slide 1),Đúng,Đúng,Một phần,0.5,Không,Medium,Đạt kỳ vọng theo bộ từ khóa chuẩn.,Tinh chỉnh citation selection và reranking để nguồn trả về sát hơn.,0.61
F105-SLD-002,Focused Regression,AI Document Question Answering System.pptx,PPTX,Focused Regression,"Slide 2 của file ""AI Document Question Answering System.pptx"" nói về nội dung gì?","Slide: 2; Title: Slide 2; [3] textbox/text_box @ x=3789681,y=300037,w=2326649,h=685800: Nội dung",Slide 2 nói về: Nội dung; Giới thiệu đề tài; Vấn đề thực tế; Giải pháp đề xuất; Kiến trúc tổng thể hệ thống; Chức năng chính.,AI Document Question Answering System.pptx (slide 2),Đúng,Đúng,Một phần,0.5,Không,Medium,Đạt kỳ vọng theo bộ từ khóa chuẩn.,Tinh chỉnh citation selection và reranking để nguồn trả về sát hơn.,0.66
F105-SLD-003,Focused Regression,AI Document Question Answering System.pptx,PPTX,Focused Regression,"Slide 3 của file ""AI Document Question Answering System.pptx"" nói về nội dung gì?","Slide: 3; Title: Slide 3; [3] textbox/text_box @ x=212475,y=206829,w=6692068,h=685800: 1. Giới thiệu đề tài",Slide 3 nói về: 1. Giới thiệu đề tài; AI Document Question Answering System; Hệ thống hỏi đáp tài liệu AI; Hỗ trợ upload nhiều định dạng; Quản lý tài liệu theo workspace; Hỏi đáp bằng ngôn ngữ tự nhiên.,AI Document Question Answering System.pptx (slide 3),Đúng,Đúng,Đúng,1.0,Không,None,Đạt kỳ vọng theo bộ từ khóa chuẩn.,Không cần fix.,0.59
F105-SLD-004,Focused Regression,AI Document Question Answering System.pptx,PPTX,Focused Regression,"Slide 4 của file ""AI Document Question Answering System.pptx"" nói về nội dung gì?","Slide: 4; Title: Slide 4; [3] bullet/text_box @ x=0,y=312325,w=5982191,h=685800: Vấn đề thực tế","Slide 4 nói về: Vấn đề thực tế; Khó khăn hiện nay; Tài liệu dài, khó tra cứu; Đọc thủ công tốn thời gian; AI thường dễ hallucination; Không hiểu dữ liệu nội bộ.",AI Document Question Answering System.pptx (slide 4),Đúng,Đúng,Một phần,0.5,Không,Medium,Đạt kỳ vọng theo bộ từ khóa chuẩn.,Tinh chỉnh citation selection và reranking để nguồn trả về sát hơn.,0.62
F105-SLD-005,Focused Regression,AI Document Question Answering System.pptx,PPTX,Focused Regression,"Slide 5 của file ""AI Document Question Answering System.pptx"" nói về nội dung gì?","Slide: 5; Title: Slide 5; [3] bullet/text_box @ x=-209902,y=193481,w=5982191,h=685800: Giải pháp đề xuất",Slide 5 nói về: Giải pháp đề xuất; Giải pháp AIChatBox sử dụng RAG; Áp dụng kỹ thuật RAG hiện đại; Truy hồi dữ liệu trước trả lời; Embedding và semantic retrieval; Giảm hallucination của AI model.,AI Document Question Answering System.pptx (slide 5),Đúng,Đúng,Đúng,1.0,Không,None,Đạt kỳ vọng theo bộ từ khóa chuẩn.,Không cần fix.,0.8
E40-EXT-001,Postfix Extra,file_excel_mau_song_xanh.xlsx,XLSX,Postfix Extra,"Trong file ""file_excel_mau_song_xanh.xlsx"", ở sheet ""Du_lieu_chien_dich"", dòng 3 có thông tin gì?",Ngày: 2026-05-01 00:00:00; Khu vực: Ký túc xá; Hoạt động: Đổi rác lấy cây; Người phụ trách: An; Số người tham gia: 32; Rác tái chế (kg): 4.1,"Ở sheet 'Du_lieu_chien_dich', dòng 3 có: Ngày: 2026-05-01 00:00:00; Khu vực: Ký túc xá; Hoạt động: Đổi rác lấy cây; Người phụ trách: An; Số người tham gia: 32; Rác tái chế (kg): 4.1; Chi phí (VND): 450000; Mức hài lòng: 4.6; Ghi chú: Hiệu quả cao; Chi phí/người: 14062.5.","file_excel_mau_song_xanh.xlsx (sheet Du_lieu_chien_dich, A1:L32) | file_excel_mau_song_xanh.xlsx (sheet Du_lieu_chien_dich)",Đúng,Đúng,Đúng,1.0,Không,None,Đạt kỳ vọng theo bộ từ khóa chuẩn.,Không cần fix.,0.58
E40-EXT-002,Postfix Extra,file_excel_mau_song_xanh.xlsx,XLSX,Postfix Extra,"Trong file ""file_excel_mau_song_xanh.xlsx"", ở sheet ""Du_lieu_chien_dich"", dòng 4 có thông tin gì?",Ngày: 2026-05-02 00:00:00; Khu vực: Căn tin; Hoạt động: Thu gom rác tái chế; Người phụ trách: Minh; Số người tham gia: 87; Rác tái chế (kg): 12.9,"Ở sheet 'Du_lieu_chien_dich', dòng 4 có: Ngày: 2026-05-02 00:00:00; Khu vực: Căn tin; Hoạt động: Thu gom rác tái chế; Người phụ trách: Minh; Số người tham gia: 87; Rác tái chế (kg): 12.9; Chi phí (VND): 300000; Mức hài lòng: 3.7; Ghi chú: Nên tổ chức lại; Chi phí/người: 3448.2758620689656.","file_excel_mau_song_xanh.xlsx (sheet Du_lieu_chien_dich, A1:L32) | file_excel_mau_song_xanh.xlsx (sheet Du_lieu_chien_dich)",Đúng,Đúng,Đúng,1.0,Không,None,Đạt kỳ vọng theo bộ từ khóa chuẩn.,Không cần fix.,0.72
E40-EXT-003,Postfix Extra,file_excel_mau_song_xanh.xlsx,XLSX,Postfix Extra,"Workbook ""file_excel_mau_song_xanh.xlsx"" có bao nhiêu sheet và tên gì?","2 sheet: Du_lieu_chien_dich, Tong_quan","Tài liệu có 2 sheet: Du_lieu_chien_dich, Tong_quan.",file_excel_mau_song_xanh.xlsx (sheet Du_lieu_chien_dich) | file_excel_mau_song_xanh.xlsx (sheet Tong_quan),Đúng,Đúng,Đúng,1.0,Không,None,Đạt kỳ vọng theo bộ từ khóa chuẩn.,Không cần fix.,0.62
E40-EXT-004,Postfix Extra,Test xlsx.xlsx,XLSX,Postfix Extra,"Trong file ""Test xlsx.xlsx"", ở sheet ""Sheet4"", dòng 3 có thông tin gì?",No.: 1.0; 受験番号: KI2; 氏名: のび太　徳田; 性別: A; 学科名: 教育学科; 日本語: 9.0,"Ở sheet 'Sheet4', dòng 3 có: No.: 1.0; 受験番号: KI2; 氏名: のび太 徳田; 性別: A; 学科名: 教育学科; 日本語: 9.0; 数学: 8.5; 文学: 7.5; 総計: 34; 結果: D.","Test xlsx.xlsx (sheet Sheet4, A1:Z1000) | Test xlsx.xlsx (sheet Sheet4)",Đúng,Đúng,Đúng,1.0,Không,None,Đạt kỳ vọng theo bộ từ khóa chuẩn.,Không cần fix.,0.52
E40-EXT-005,Postfix Extra,Test xlsx.xlsx,XLSX,Postfix Extra,"Trong file ""Test xlsx.xlsx"", ở sheet ""Sheet4"", dòng 4 có thông tin gì?",No.: 2.0; 受験番号: KE2; 氏名: 優希　カイ; 性別: A; 学科名: 経営学科; 日本語: 9.0,"Ở sheet 'Sheet4', dòng 4 có: No.: 2.0; 受験番号: KE2; 氏名: 優希 カイ; 性別: A; 学科名: 経営学科; 日本語: 9.0; 数学: 7.0; 文学: 6.0; 総計: 22; 結果: ROT.","Test xlsx.xlsx (sheet Sheet4, A1:Z1000) | Test xlsx.xlsx (sheet Sheet4)",Đúng,Đúng,Đúng,1.0,Không,None,Đạt kỳ vọng theo bộ từ khóa chuẩn.,Không cần fix.,0.59
E40-EXT-006,Postfix Extra,Test xlsx.xlsx,XLSX,Postfix Extra,"Workbook ""Test xlsx.xlsx"" có bao nhiêu sheet và tên gì?","3 sheet: Sheet4, Sheet2, Sheet1","Tài liệu có 3 sheet: Sheet4, Sheet2, Sheet1.",Test xlsx.xlsx (sheet Sheet4) | Test xlsx.xlsx (sheet Sheet2) | Test xlsx.xlsx (sheet Sheet1),Đúng,Đúng,Đúng,1.0,Không,None,Đạt kỳ vọng theo bộ từ khóa chuẩn.,Không cần fix.,0.65
E40-EXT-007,Postfix Extra,xlsx_01_bao_cao_doanh_thu.xlsx,XLSX,Postfix Extra,"Trong file ""xlsx_01_bao_cao_doanh_thu.xlsx"", ở sheet ""Doanh thu"", dòng 2 có thông tin gì?",Tháng: 01/2026; Sản phẩm A: 120; Sản phẩm B: 90; Dịch vụ: 45; Tổng: 255; Ghi chú: Sau Tết nhu cầu ổn định,"Ở sheet 'Doanh thu', dòng 2 có: Tháng: 01/2026; Sản phẩm A: 120; Sản phẩm B: 90; Dịch vụ: 45; Tổng: 255; Ghi chú: Sau Tết nhu cầu ổn định.","xlsx_01_bao_cao_doanh_thu.xlsx (sheet Doanh thu, A1:F7) | xlsx_01_bao_cao_doanh_thu.xlsx (sheet Doanh thu)",Đúng,Đúng,Đúng,1.0,Không,None,Đạt kỳ vọng theo bộ từ khóa chuẩn.,Không cần fix.,0.58
E40-EXT-008,Postfix Extra,xlsx_01_bao_cao_doanh_thu.xlsx,XLSX,Postfix Extra,"Trong file ""xlsx_01_bao_cao_doanh_thu.xlsx"", ở sheet ""Doanh thu"", dòng 3 có thông tin gì?",Tháng: 02/2026; Sản phẩm A: 135; Sản phẩm B: 88; Dịch vụ: 52; Tổng: 275; Ghi chú: Tăng nhờ chương trình combo,"Ở sheet 'Doanh thu', dòng 3 có: Tháng: 02/2026; Sản phẩm A: 135; Sản phẩm B: 88; Dịch vụ: 52; Tổng: 275; Ghi chú: Tăng nhờ chương trình combo.","xlsx_01_bao_cao_doanh_thu.xlsx (sheet Doanh thu, A1:F7) | xlsx_01_bao_cao_doanh_thu.xlsx (sheet Doanh thu)",Đúng,Đúng,Đúng,1.0,Không,None,Đạt kỳ vọng theo bộ từ khóa chuẩn.,Không cần fix.,3.96
E40-EXT-009,Postfix Extra,xlsx_01_bao_cao_doanh_thu.xlsx,XLSX,Postfix Extra,"Workbook ""xlsx_01_bao_cao_doanh_thu.xlsx"" có bao nhiêu sheet và tên gì?","2 sheet: Doanh thu, KPI","Tài liệu có 2 sheet: Doanh thu, KPI.",xlsx_01_bao_cao_doanh_thu.xlsx (sheet KPI) | xlsx_01_bao_cao_doanh_thu.xlsx (sheet Doanh thu),Đúng,Đúng,Đúng,1.0,Không,None,Đạt kỳ vọng theo bộ từ khóa chuẩn.,Không cần fix.,0.4
E40-EXT-010,Postfix Extra,xlsx_02_ke_hoach_hoc_tap.xlsx,XLSX,Postfix Extra,"Trong file ""xlsx_02_ke_hoach_hoc_tap.xlsx"", ở sheet ""Ke hoach hoc tap"", dòng 2 có thông tin gì?","Tuần: 1; Môn học: Cloud Computing; Mục tiêu: Ôn NIST, IaaS/PaaS/SaaS; Giờ dự kiến: 8; Giờ thực tế: 7; Tỷ lệ hoàn thành: 0.875","Ở sheet 'Ke hoach hoc tap', dòng 2 có: Tuần: 1; Môn học: Cloud Computing; Mục tiêu: Ôn NIST, IaaS/PaaS/SaaS; Giờ dự kiến: 8; Giờ thực tế: 7; Tỷ lệ hoàn thành: 0.875.","xlsx_02_ke_hoach_hoc_tap.xlsx (sheet Ke hoach hoc tap, A1:F7) | xlsx_02_ke_hoach_hoc_tap.xlsx (sheet Ke hoach hoc tap)",Đúng,Đúng,Đúng,1.0,Không,None,Đạt kỳ vọng theo bộ từ khóa chuẩn.,Không cần fix.,0.57
E40-EXT-011,Postfix Extra,xlsx_02_ke_hoach_hoc_tap.xlsx,XLSX,Postfix Extra,"Trong file ""xlsx_02_ke_hoach_hoc_tap.xlsx"", ở sheet ""Ke hoach hoc tap"", dòng 3 có thông tin gì?","Tuần: 2; Môn học: Computer Vision; Mục tiêu: Ôn embedding, segmentation; Giờ dự kiến: 7; Giờ thực tế: 8; Tỷ lệ hoàn thành: 1.1428571428571428","Ở sheet 'Ke hoach hoc tap', dòng 3 có: Tuần: 2; Môn học: Computer Vision; Mục tiêu: Ôn embedding, segmentation; Giờ dự kiến: 7; Giờ thực tế: 8; Tỷ lệ hoàn thành: 1.1428571428571428.","xlsx_02_ke_hoach_hoc_tap.xlsx (sheet Ke hoach hoc tap, A1:F7) | xlsx_02_ke_hoach_hoc_tap.xlsx (sheet Ke hoach hoc tap)",Đúng,Đúng,Đúng,1.0,Không,None,Đạt kỳ vọng theo bộ từ khóa chuẩn.,Không cần fix.,496.29
E40-EXT-012,Postfix Extra,xlsx_02_ke_hoach_hoc_tap.xlsx,XLSX,Postfix Extra,"Workbook ""xlsx_02_ke_hoach_hoc_tap.xlsx"" có bao nhiêu sheet và tên gì?","2 sheet: Ke hoach hoc tap, Tai nguyen","Tài liệu có 2 sheet: Ke hoach hoc tap, Tai nguyen.",xlsx_02_ke_hoach_hoc_tap.xlsx (sheet Tai nguyen) | xlsx_02_ke_hoach_hoc_tap.xlsx (sheet Ke hoach hoc tap),Đúng,Đúng,Đúng,1.0,Không,None,Đạt kỳ vọng theo bộ từ khóa chuẩn.,Không cần fix.,0.71
E40-EXT-013,Postfix Extra,AI Document Question Answering System.pptx,PPTX,Postfix Extra,"Slide 1 của file ""AI Document Question Answering System.pptx"" nói về nội dung gì?","Slide: 1; Title: Slide 1; [4] textbox/text_box @ x=3043085,y=1287313,w=3922424,h=575310: TRƯỜNG ĐẠI HỌC GIAO THÔNG VẬN TẢI THÀNH PHỐ HỒ CHÍ MINH",Slide 1 nói về: TRƯỜNG ĐẠI HỌC GIAO THÔNG VẬN TẢI THÀNH PHỐ HỒ CHÍ MINH; ĐỀ TÀI: AI Document Question Answering System; Giảng viên hướng dẫn: Nguyễn Văn Huy; Sinh viên thực hiện: Huỳnh Ngọc Quang Vinh.,AI Document Question Answering System.pptx (slide 1),Đúng,Đúng,Một phần,0.5,Không,Medium,Đạt kỳ vọng theo bộ từ khóa chuẩn.,Tinh chỉnh citation selection và reranking để nguồn trả về sát hơn.,0.54
E40-EXT-014,Postfix Extra,AI Document Question Answering System.pptx,PPTX,Postfix Extra,"Slide 2 của file ""AI Document Question Answering System.pptx"" nói về nội dung gì?","Slide: 2; Title: Slide 2; [3] textbox/text_box @ x=3789681,y=300037,w=2326649,h=685800: Nội dung",Slide 2 nói về: Nội dung; Giới thiệu đề tài; Vấn đề thực tế; Giải pháp đề xuất; Kiến trúc tổng thể hệ thống; Chức năng chính.,AI Document Question Answering System.pptx (slide 2),Đúng,Đúng,Một phần,0.5,Không,Medium,Đạt kỳ vọng theo bộ từ khóa chuẩn.,Tinh chỉnh citation selection và reranking để nguồn trả về sát hơn.,0.67
E40-EXT-015,Postfix Extra,bai_trinh_chieu_mau_thu_vien_thong_minh.pptx,PPTX,Postfix Extra,"Slide 1 của file ""bai_trinh_chieu_mau_thu_vien_thong_minh.pptx"" nói về nội dung gì?","Slide: 1; Title: Slide 1; [1] textbox/auto_shape @ x=685800,y=640080,w=3840480,h=256032: BÀI TRÌNH CHIẾU MẪU","Slide 1 nói về: BÀI TRÌNH CHIẾU MẪU; Thư viện thông minh; cho trường học hiện đại; LIBRARY; Một bộ slide có nội dung dài vừa phải, chủ đề riêng biệt so với PDF, Markdown và hình ảnh. Dùng để kiểm thử khả năng đọc PPTX, tách nội dung theo slide, nhận diện tiêu đề và xử lý đoạn văn; Dữ liệu sách.",bai_trinh_chieu_mau_thu_vien_thong_minh.pptx (slide 1),Đúng,Đúng,Một phần,0.5,Không,Medium,Đạt kỳ vọng theo bộ từ khóa chuẩn.,Tinh chỉnh citation selection và reranking để nguồn trả về sát hơn.,0.67
E40-EXT-016,Postfix Extra,bai_trinh_chieu_mau_thu_vien_thong_minh.pptx,PPTX,Postfix Extra,"Slide 2 của file ""bai_trinh_chieu_mau_thu_vien_thong_minh.pptx"" nói về nội dung gì?","Slide: 2; Title: Slide 2; [2] textbox/auto_shape @ x=502920,y=548640,w=7132320,h=502920: Vấn đề thường gặp trong thư viện truyền thống","Slide 2 nói về: Vấn đề thường gặp trong thư viện truyền thống; Dữ liệu sách được ghi chép rời rạc, khó thống kê số lượng sách còn lại và tình trạng mượn trả; Học sinh mất nhiều thời gian tìm tài liệu phù hợp với môn học, cấp lớp hoặc chủ đề nghiên cứu; Thủ thư phải xử lý nhiều thao tác lặp lại như nhập phiếu mượn, nhắc hạn trả và lập báo cáo cuối tháng; Nhà trường thiếu dữ liệu để biết nhóm sách nào được quan tâm, nhóm nào ít sử dụng và cần cập nhật; Tác động.",bai_trinh_chieu_mau_thu_vien_thong_minh.pptx (slide 2),Đúng,Đúng,Đúng,1.0,Không,None,Đạt kỳ vọng theo bộ từ khóa chuẩn.,Không cần fix.,0.69
E40-EXT-017,Postfix Extra,pptx_01_du_lich_can_tho.pptx,PPTX,Postfix Extra,"Slide 1 của file ""pptx_01_du_lich_can_tho.pptx"" nói về nội dung gì?","Slide: 1; Title: Slide 1; [2] textbox/auto_shape @ x=502920,y=228600,w=7772400,h=411480: Lịch trình Cần Thơ cuối tuần","Slide 1 nói về: Lịch trình Cần Thơ cuối tuần; Gợi ý 2 ngày 1 đêm cho nhóm bạn nhỏ; Mục tiêu chuyến đi; Đi nhẹ, ăn ngon, chụp ảnh đẹp và không dồn lịch quá dày. Kế hoạch ưu tiên trải nghiệm địa phương, di chuyển ngắn và có thời gian nghỉ; 2 ngày; 1 đêm.",pptx_01_du_lich_can_tho.pptx (slide 1),Đúng,Đúng,Một phần,0.5,Không,Medium,Đạt kỳ vọng theo bộ từ khóa chuẩn.,Tinh chỉnh citation selection và reranking để nguồn trả về sát hơn.,0.46
E40-EXT-018,Postfix Extra,pptx_01_du_lich_can_tho.pptx,PPTX,Postfix Extra,"Slide 2 của file ""pptx_01_du_lich_can_tho.pptx"" nói về nội dung gì?","Slide: 2; Title: Slide 2; [2] textbox/auto_shape @ x=502920,y=228600,w=7772400,h=411480: Ngày 1: Khám phá nhịp sống sông nước","Slide 2 nói về: Ngày 1: Khám phá nhịp sống sông nước; Buổi sáng đi chợ, chiều cà phê, tối ăn ven sông; Buổi sáng; Buổi chiều; Đến bến Ninh Kiều trước 8h; Ăn sáng nhẹ với bún hoặc hủ tiếu.",pptx_01_du_lich_can_tho.pptx (slide 2),Đúng,Đúng,Một phần,0.5,Không,Medium,Đạt kỳ vọng theo bộ từ khóa chuẩn.,Tinh chỉnh citation selection và reranking để nguồn trả về sát hơn.,0.66
E40-EXT-019,Postfix Extra,pptx_02_trong_cay_truong_hoc.pptx,PPTX,Postfix Extra,"Slide 1 của file ""pptx_02_trong_cay_truong_hoc.pptx"" nói về nội dung gì?","Slide: 1; Title: Slide 1; [2] textbox/auto_shape @ x=502920,y=228600,w=7772400,h=411480: Chiến dịch trồng cây trường học","Slide 1 nói về: Chiến dịch trồng cây trường học; Kế hoạch 4 tuần cho khuôn viên xanh hơn; Ý tưởng chính; Chiến dịch kết hợp giáo dục môi trường, hoạt động nhóm và theo dõi cây sau khi trồng. Mục tiêu không chỉ là trồng nhiều cây mà còn duy trì cây sống tốt; Xanh hơn; mỗi tuần.",pptx_02_trong_cay_truong_hoc.pptx (slide 1),Đúng,Đúng,Một phần,0.5,Không,Medium,Đạt kỳ vọng theo bộ từ khóa chuẩn.,Tinh chỉnh citation selection và reranking để nguồn trả về sát hơn.,0.67
E40-EXT-020,Postfix Extra,pptx_02_trong_cay_truong_hoc.pptx,PPTX,Postfix Extra,"Slide 2 của file ""pptx_02_trong_cay_truong_hoc.pptx"" nói về nội dung gì?","Slide: 2; Title: Slide 2; [2] textbox/auto_shape @ x=502920,y=228600,w=7772400,h=411480: Tuần 1: Khảo sát và chọn cây",Slide 2 nói về: Tuần 1: Khảo sát và chọn cây; Chọn đúng vị trí giúp cây sống lâu hơn; Khảo sát; Chọn cây; Đo khu vực nắng nhiều; Kiểm tra nguồn nước tưới.,pptx_02_trong_cay_truong_hoc.pptx (slide 2),Đúng,Đúng,Một phần,0.5,Không,Medium,Đạt kỳ vọng theo bộ từ khóa chuẩn.,Tinh chỉnh citation selection và reranking để nguồn trả về sát hơn.,0.71
E40-EXT-021,Postfix Extra,Test pptx.pptx,PPTX,Postfix Extra,"Slide 1 của file ""Test pptx.pptx"" nói về nội dung gì?","Slide: 1; Title: オフィス業務; [2] textbox/placeholder @ x=4139952,y=3427413,w=3600698,h=2162175: 担当講師",Slide 1 nói về: オフィス業務; 担当講師; 正忠 武.,"Test pptx.pptx (slide 1, オフィス業務)",Đúng,Đúng,Một phần,0.5,Không,Medium,Đạt kỳ vọng theo bộ từ khóa chuẩn.,Tinh chỉnh citation selection và reranking để nguồn trả về sát hơn.,0.55
E40-EXT-022,Postfix Extra,Test pptx.pptx,PPTX,Postfix Extra,"Slide 2 của file ""Test pptx.pptx"" nói về nội dung gì?","Slide: 2; Title: 主な授業内容; [2] textbox/placeholder @ x=323528,y=1412776,w=8459788,h=5112022: 仕事をする意味",Slide 2 nói về: 主な授業内容; 仕事をする意味; 職場での１日; あいさつのルールと自己紹介の仕方; 仕事の基本 ～ほう・れん・そう～; 電話の受け方・かけ方.,"Test pptx.pptx (slide 2, 主な授業内容)",Đúng,Đúng,Một phần,0.5,Không,Medium,Đạt kỳ vọng theo bộ từ khóa chuẩn.,Tinh chỉnh citation selection và reranking để nguồn trả về sát hơn.,0.55
E40-EXT-023,Postfix Extra,infographic_mau_an_toan_mang.png,PNG,Postfix Extra,"Trong ảnh ""infographic_mau_an_toan_mang.png"", nội dung chữ chính là gì?",6f8d63eb72674dc2af6c4651b49853ad_infographic_mau_an_toan_mang.png,"Ảnh ""infographic_mau_an_toan_mang.png"" có nội dung chính: INFOGRAPHIC MAU; An toan mang; g cho sinh vien; 1. Mat khau manh; 2. Xac thuc hai lop; Khong dung ngay sinh, so dien thoai.",infographic_mau_an_toan_mang.png (6f8d63eb72674dc2af6c4651b49853ad_infographic_mau_an_toan_mang.png),Đúng,Đúng,Đúng,1.0,Không,None,Đạt kỳ vọng theo bộ từ khóa chuẩn.,Không cần fix.,766.84
E40-EXT-024,Postfix Extra,jpeg_01_ke_hoach_du_lich.jpeg,JPEG,Postfix Extra,"Trong ảnh ""jpeg_01_ke_hoach_du_lich.jpeg"", nội dung chữ chính là gì?",af1543170da2459e8e35a33eab1b7c94_jpeg_01_ke_hoach_du_lich.jpeg,"Ảnh ""jpeg_01_ke_hoach_du_lich.jpeg"" có nội dung chính: Ké hoach du lich 2 ngay; Lich trinh nhe nhang cho nhom ban; Ngay 1: tham quan chg dia; Ngay 2: chup anh buoi sáng,; phuong va an toi ven song.; mua qua va ve som..",jpeg_01_ke_hoach_du_lich.jpeg (af1543170da2459e8e35a33eab1b7c94_jpeg_01_ke_hoach_du_lich.jpeg),Đúng,Đúng,Đúng,1.0,Không,None,Đạt kỳ vọng theo bộ từ khóa chuẩn.,Không cần fix.,413.93
E40-EXT-025,Postfix Extra,jpeg_02_bang_an_toan_bep.jpeg,JPEG,Postfix Extra,"Trong ảnh ""jpeg_02_bang_an_toan_bep.jpeg"", nội dung chữ chính là gì?",16a69c2060254036ad8ebc0c3ae0f81a_jpeg_02_bang_an_toan_bep.jpeg,"Ảnh ""jpeg_02_bang_an_toan_bep.jpeg"" có nội dung chính: Bang nhac an toan bep; Danh cho bep nho trong ky tuc xa; Tat bep ngay sau khi nau xong.; Khong de khan giay gan nguon; nhiet.; Rura dao va cat vao khay rieng..",jpeg_02_bang_an_toan_bep.jpeg (16a69c2060254036ad8ebc0c3ae0f81a_jpeg_02_bang_an_toan_bep.jpeg),Đúng,Đúng,Đúng,1.0,Không,None,Đạt kỳ vọng theo bộ từ khóa chuẩn.,Không cần fix.,401.54
E40-EXT-026,Postfix Extra,jpg_01_infographic_giac_ngu.jpg,JPG,Postfix Extra,"Trong ảnh ""jpg_01_infographic_giac_ngu.jpg"", nội dung chữ chính là gì?",8012c82141b74b7eb38bb4f20aa27ea9_jpg_01_infographic_giac_ngu.jpg,"Ảnh ""jpg_01_infographic_giac_ngu.jpg"" có nội dung chính: Thoi quen ngu; lanh manh; Mot checklist nho cho buoi toi; Tát man hinh it nhat 30 phut; Giu phong mat, yén tinh va; truoc khi ngu..",jpg_01_infographic_giac_ngu.jpg (8012c82141b74b7eb38bb4f20aa27ea9_jpg_01_infographic_giac_ngu.jpg),Đúng,Đúng,Đúng,1.0,Không,None,Đạt kỳ vọng theo bộ từ khóa chuẩn.,Không cần fix.,547.38
E40-EXT-027,Postfix Extra,jpg_02_so_do_lop_hoc.jpg,JPG,Postfix Extra,"Trong ảnh ""jpg_02_so_do_lop_hoc.jpg"", nội dung chữ chính là gì?",5393830183424ded8252273adae05f6d_jpg_02_so_do_lop_hoc.jpg,"Ảnh ""jpg_02_so_do_lop_hoc.jpg"" có nội dung chính: So d6 lop hoc linh hoat; Ggi y b6 tri cho hoat dong nhom; Ban trung tam danh cho thao; G6c yen tinh cho doc tai lieu cá; luan nhanh.; nhan..",jpg_02_so_do_lop_hoc.jpg (5393830183424ded8252273adae05f6d_jpg_02_so_do_lop_hoc.jpg),Đúng,Đúng,Đúng,1.0,Không,None,Đạt kỳ vọng theo bộ từ khóa chuẩn.,Không cần fix.,434.47
E40-EXT-028,Postfix Extra,png_01_ban_do_y_tuong.png,PNG,Postfix Extra,"Trong ảnh ""png_01_ban_do_y_tuong.png"", nội dung chữ chính là gì?",da2dab99728f47558f2b62326de763f8_png_01_ban_do_y_tuong.png,"Ảnh ""png_01_ban_do_y_tuong.png"" có nội dung chính: Ban do y tuong; g hoc nhom; Tap trung - chia viéc - phan hoi; Xac dinh muc tiéu buoi hoc va; Chia vai tro: nguoi tom tat,; tai lieu can doc truoc..",png_01_ban_do_y_tuong.png (da2dab99728f47558f2b62326de763f8_png_01_ban_do_y_tuong.png),Đúng,Đúng,Đúng,1.0,Không,None,Đạt kỳ vọng theo bộ từ khóa chuẩn.,Không cần fix.,463.16
E40-EXT-029,Postfix Extra,AI Document Question Answering System.pptx,PPTX,Postfix Extra,"Trong file ""AI Document Question Answering System.pptx"" có thông tin về blockchain không?",Không tìm thấy thông tin trong tài liệu.,Tôi không tìm thấy đủ thông tin trong tài liệu để trả lời chính xác.,,Đúng,Đúng,Đúng,1.0,Không,None,Đạt kỳ vọng theo bộ từ khóa chuẩn.,Không cần fix.,285.06
E40-EXT-030,Postfix Extra,bai_trinh_chieu_mau_thu_vien_thong_minh.pptx,PPTX,Postfix Extra,"Trong file ""bai_trinh_chieu_mau_thu_vien_thong_minh.pptx"" có thông tin về mat khau admin không?",Không tìm thấy thông tin trong tài liệu.,Tôi không tìm thấy đủ thông tin trong tài liệu để trả lời chính xác.,,Đúng,Đúng,Đúng,1.0,Không,None,Đạt kỳ vọng theo bộ từ khóa chuẩn.,Không cần fix.,342.88
E40-EXT-031,Postfix Extra,bao_cao_quan_ly_rac_thai_nhua.pdf,PDF,Postfix Extra,"Trong file ""bao_cao_quan_ly_rac_thai_nhua.pdf"" có thông tin về gia co phieu Apple không?",Không tìm thấy thông tin trong tài liệu.,Tôi không tìm thấy đủ thông tin trong tài liệu để trả lời chính xác.,,Đúng,Đúng,Đúng,1.0,Không,None,Đạt kỳ vọng theo bộ từ khóa chuẩn.,Không cần fix.,307.62
E40-EXT-032,Postfix Extra,ke_hoach_mau_du_lich_da_lat.md,MD,Postfix Extra,"Trong file ""ke_hoach_mau_du_lich_da_lat.md"" có thông tin về so tai khoan ngan hang không?",Không tìm thấy thông tin trong tài liệu.,Tôi không tìm thấy đủ thông tin trong tài liệu để trả lời chính xác.,,Đúng,Đúng,Đúng,1.0,Không,None,Đạt kỳ vọng theo bộ từ khóa chuẩn.,Không cần fix.,285.89
E40-EXT-033,Postfix Extra,infographic_mau_an_toan_mang.png,PNG,Postfix Extra,"Trong file ""infographic_mau_an_toan_mang.png"" có thông tin về hop dong lao dong không?",Không tìm thấy thông tin trong tài liệu.,Tôi không tìm thấy đủ thông tin trong tài liệu để trả lời chính xác.,,Đúng,Đúng,Đúng,1.0,Không,None,Đạt kỳ vọng theo bộ từ khóa chuẩn.,Không cần fix.,245.89
E40-EXT-034,Postfix Extra,pdf_01_nang_luong_mat_troi.pdf,PDF,Postfix Extra,"Trong file ""pdf_01_nang_luong_mat_troi.pdf"" có thông tin về thong tin bao hiem không?",Không tìm thấy thông tin trong tài liệu.,Tôi không tìm thấy đủ thông tin trong tài liệu để trả lời chính xác.,,Đúng,Đúng,Đúng,1.0,Không,None,Đạt kỳ vọng theo bộ từ khóa chuẩn.,Không cần fix.,259.95
E40-EXT-035,Postfix Extra,"bao_cao_mau_chuyen_doi_so_giao_duc.pdf, docx_01_thu_vien_so.docx",DOCX+PDF,Postfix Extra,"So sánh nội dung của ""bao_cao_mau_chuyen_doi_so_giao_duc.pdf"" và ""docx_01_thu_vien_so.docx"".",Cần nhắc đến cả hai file: Page: 1 > File: 622ffb96990a4b598a0a7d08c5044369_bao_cao_mau_chuyen_doi_so_giao_duc.pdf; Tóm tắt nhanh,"Các tài liệu khác nhau ở phạm vi nội dung chính. bao_cao_mau_chuyen_doi_so_giao_duc.pdf: Page: 1; BÁO CÁO MẪU: CHUYỂN ĐỔI SỐ TRONG; docx_01_thu_vien_so.docx: Kế hoạch xây dựng thư viện số mini; Tài liệu mô tả mục tiêu, dữ liệu và quy trình vận hành thử nghiệm.","bao_cao_mau_chuyen_doi_so_giao_duc.pdf (trang 1) | docx_01_thu_vien_so.docx (trang 1, Mục tiêu)",Đúng,Đúng,Đúng,1.0,Không,None,Đạt kỳ vọng theo bộ từ khóa chuẩn.,Không cần fix.,1131.79
E40-EXT-036,Postfix Extra,"pdf_01_nang_luong_mat_troi.pdf, poster_mau_nang_luong_tai_tao.jpg",JPG+PDF,Postfix Extra,"So sánh nội dung của ""pdf_01_nang_luong_mat_troi.pdf"" và ""poster_mau_nang_luong_tai_tao.jpg"".",Cần nhắc đến cả hai file: Page: 1 > File: e8441761a52e48118928dd7bdd361d66_pdf_01_nang_luong_mat_troi.pdf; 542799e0036a49f8a9f537634345ae76_poster_mau_nang_luong_tai_tao.jpg,"Các tài liệu khác nhau ở phạm vi nội dung chính. pdf_01_nang_luong_mat_troi.pdf: Page: 1; Báo cáo ngắn về điện mặt trời hộ gia đình; poster_mau_nang_luong_tai_tao.jpg: g luong tai tao trong doi sd; Noi dung khac voi PNG va PDF, trinh bay theo dang poster JPG.",pdf_01_nang_luong_mat_troi.pdf (trang 1) | poster_mau_nang_luong_tai_tao.jpg (542799e0036a49f8a9f537634345ae76_poster_mau_nang_luong_tai_tao.jpg),Đúng,Đúng,Đúng,1.0,Không,None,Đạt kỳ vọng theo bộ từ khóa chuẩn.,Không cần fix.,878.64
E40-EXT-037,Postfix Extra,"md_02_app_chi_tieu.md, xlsx_01_bao_cao_doanh_thu.xlsx",MD+XLSX,Postfix Extra,"So sánh nội dung của ""md_02_app_chi_tieu.md"" và ""xlsx_01_bao_cao_doanh_thu.xlsx"".",Cần nhắc đến cả hai file: Bối cảnh; Doanh thu,"Các tài liệu khác nhau ở phạm vi nội dung chính. md_02_app_chi_tieu.md: Bối cảnh; Nhiều sinh viên khó theo dõi chi phí ăn uống, đi lại, học tập và giải trí. Ứng dụng quản lý chi tiêu đơn giản có thể giúp ghi nhận khoản chi hằng ngày và cảnh báo khi vượt ngân sách; xlsx_01_bao_cao_doanh_thu.xlsx: Doanh thu; Sheet: Doanh thu.",md_02_app_chi_tieu.md (Hồ sơ ý tưởng ứng dụng quản lý chi tiêu sinh viên > Dữ liệu mẫu) | xlsx_01_bao_cao_doanh_thu.xlsx (sheet Doanh thu),Đúng,Đúng,Đúng,1.0,Không,None,Đạt kỳ vọng theo bộ từ khóa chuẩn.,Không cần fix.,1001.26
E40-EXT-038,Postfix Extra,Test pdf.pdf,PDF,Postfix Extra,"Tóm tắt ngắn nội dung chính của ""Test pdf.pdf"" trong 3 ý.",Page: 1 > File: c4220cd9dc7b4b1292798be9a6c655a0_Test pdf.pdf,"Ảnh ""Test pdf.pdf"" có nội dung chính: paragraph; ● Những năm 1950-1960: ● Những năm 1970-1980: ● Những năm 2000 trở đi; Ưu điểm Nhược điểm; 1. Biến đổi không gian: 3. Phân đoạn; trình (C++, Python, Java,...).; Lựa chọn sử dụng thư viện: OpenCV.",Test pdf.pdf (trang 2) | Test pdf.pdf (trang 8) | Test pdf.pdf (trang 3) | Test pdf.pdf (trang 10) | Test pdf.pdf (trang 14),Đúng,Đúng,Đúng,1.0,Không,None,Đạt kỳ vọng theo bộ từ khóa chuẩn.,Không cần fix.,400.86
E40-EXT-039,Postfix Extra,Test docx.docx,DOCX,Postfix Extra,"Tóm tắt ngắn nội dung chính của ""Test docx.docx"" trong 3 ý.",BÁO CÁO THỰC TẬP TỐT NGHIỆP,"Ảnh ""Test docx.docx"" có nội dung chính: BÁO CÁO THỰC TẬP TỐT NGHIỆP; LỜI CẢM ƠN; NHẬN XÉT CỦA GIẢNG VIÊN; 1.1. Đặt vấn đề; Có ba đặc thù quan trọng; 1.2. Mục tiêu.","Test docx.docx (trang 15, 2.6. Tổng quan luật CNTT Việt Nam) | Test docx.docx (trang 24) | Test docx.docx (trang 3) | Test docx.docx (trang 34, 4.6. Đóng gói và triển khai hệ thống) | Test docx.docx (trang 25, 3.6. Thiết kế cơ sở dữ liệu vector > 3.6.1. Cấu trúc Schema và Quản lý Payload)",Đúng,Đúng,Đúng,1.0,Không,None,Đạt kỳ vọng theo bộ từ khóa chuẩn.,Không cần fix.,615.66
E40-EXT-040,Postfix Extra,content_summary.md,MD,Postfix Extra,"Tóm tắt ngắn nội dung chính của ""content_summary.md"" trong 3 ý.",Test JPG.jpg (JPG),"Ảnh ""content_summary.md"" có nội dung chính: BÁO CÁO THỰC TẬP TỐT NGHIỆP; MSSV:084205002647; TÓM TẮT; LỜI NÓI ĐẦU; LỜI CẢM ƠN; NHẬN XÉT CỦA GIẢNG VIÊN.",content_summary.md (- CHƯƠNG 1: TỔNG QUAN ĐỀ TÀI) | content_summary.md (- LỜI CẢM ƠN) | content_summary.md (- BÁO CÁO THỰC TẬP TỐT NGHIỆP) | content_summary.md (- LỜI NÓI ĐẦU) | content_summary.md (- Chương 1: > Page 8),Đúng,Đúng,Đúng,1.0,Không,None,Đạt kỳ vọng theo bộ từ khóa chuẩn.,Không cần fix.,572.38
N45-001-DETAIL,Additional 45,Test docx.docx,DOCX,Additional 45,"Trong file ""Test docx.docx"", chi tiet nao lien quan den ""loi""?",LỜI CẢM ƠN,"Kỹ thuật này đặc biệt hiệu quả trong việc kết nối các ""hành vi vi phạm"" được quy định trong Luật với các ""mức xử phạt"" chi tiết nằm tại các Nghị định hoặc Thông tư liên quan, đảm bảo tính chặt chẽ và đầy đủ của căn cứ pháp lý. Các thông tin này được đẩy vào Neo4j để xây dựng đồ thị tri thức, trong khi các vector nhúng 768 chiều cùng hệ thống Payload Metadata chi tiết được lưu trữ tại Qdrant. Trong pha Offline, hệ thống thực hiện xử lý dữ liệu nguồn từ các văn bản pháp luật (DOCX), trích xuất metadata và áp dụng kỹ thuật phân mảnh dữ liệu 4 tầng (4-tier chunking) để xây dựng cấu trúc phân cấp (hierarchical). Các thông tin này được đẩy vào Neo4j để xây dựng đồ thị tri thức, trong khi các vector nhúng 768 chiều cùng hệ thống Payload Metadata chi tiết được lưu trữ tại Qdrant. Mô hình được xây dựng dựa trên nền tảng vietnamese-bi-encoder với kiến trúc RoBERTa và mean pooling, sinh embedding vector kích thước 768 chiều sử dụng cosine similarity làm hàm đo độ tương đồng Mô hình được huấn luyện trên khoảng 100.000 cặp dữ liệu gồm câu hỏi pháp luật và ngữ cảnh liên quan, giúp tăng khả năng phân biệt các điều luật có nội dung gần giống nhau nhưng khác bản chất pháp lý, đặc biệt phù hợp cho s","Test docx.docx (trang 29) | Test docx.docx (trang 25, 3.6. Thiết kế cơ sở dữ liệu vector > 3.6.1. Cấu trúc Schema và Quản lý Payload) | Test docx.docx (trang 35) | Test docx.docx (trang 2) | Test docx.docx (trang 29, 4.2. Xây dựng hệ thống truy xuất)",Đúng,Đúng,Một phần,0.5,Không,Medium,Đạt kỳ vọng theo bộ từ khóa chuẩn.,Tinh chỉnh citation selection và reranking để nguồn trả về sát hơn.,2889.81
N45-002-DETAIL,Additional 45,content_summary.md,MD,Additional 45,"Trong file ""content_summary.md"", chi tiet nao lien quan den ""png""?",Test PNG.png (PNG),"3.3.1. - Độ chính xác và Khả năng kiểm soát ảo giác (Accuracy & Grounding) - Trong pha Offline, hệ thống thực hiện xử lý dữ liệu nguồn từ các văn bản pháp luật (DOCX), trích xuất metadata và áp dụng kỹ thuật phân mảnh dữ liệu 4 tầng (4-tier chunking) để xây dựng cấu trúc phân - ""chuong_so"": ""1"", ""chuong_ten"": ""Quy định chung"", - TEXT INDEX entity_name_idx FOR (n:Entity) ON n.name - 3.7.4. - Tổng hợp và Phản hồi có Căn cứ - Để đảm bảo mô hình không chỉ phản hồi đúng mà còn chuyên nghiệp và chặt chẽ, hệ thống áp dụng chiến lược thiết kế câu lệnh kết hợp giữa hai phương pháp tối ưu:.",content_summary.md (- CHƯƠNG 1: TỔNG QUAN ĐỀ TÀI) | content_summary.md (- LỜI NÓI ĐẦU) | content_summary.md (- BÁO CÁO THỰC TẬP TỐT NGHIỆP) | content_summary.md (- LỜI CẢM ƠN) | content_summary.md (- TÓM TẮT),Đúng,Đúng,Một phần,0.5,Không,Medium,Đạt kỳ vọng theo bộ từ khóa chuẩn.,Tinh chỉnh citation selection và reranking để nguồn trả về sát hơn.,2609.46
N45-003-DETAIL,Additional 45,Test md.md,MD,Additional 45,"Trong file ""Test md.md"", chi tiet nao lien quan den ""tri""?",Trí tuệ nhân tạo trong hệ thống hỏi đáp tài liệu > Mục lục,Điều này đặc biệt quan trọng trong môi trường có dữ liệu riêng tư.,Test md.md (3. Kiến trúc tổng thể của hệ thống > 3.2. Backend API) | Test md.md (1. Giới thiệu chung) | Test md.md (2. Bối cảnh phát triển AI Document Chat) | Test md.md (Phụ lục C. Đoạn văn bản dài để kiểm thử chunking) | Test md.md (6. Vai trò của embedding và vector database),Đúng,Đúng,Một phần,0.5,Không,Medium,Đạt kỳ vọng theo bộ từ khóa chuẩn.,Tinh chỉnh citation selection và reranking để nguồn trả về sát hơn.,821.68
N45-004-DETAIL,Additional 45,Test xlsx.xlsx,XLSX,Additional 45,"Trong file ""Test xlsx.xlsx"", chi tiet nao lien quan den ""sheet4""?",Sheet4:used_range_1,"sheet Sheet4; các cột chính gồm No., 受験番号, 氏名, 性別, 学科名, 日本語, 数学, 文学; khoảng 30 dòng dữ liệu; ví dụ Sheet Index: 1; Hidden Sheet: True; Header Columns: No., 受験番号, 氏名, 性別, 学科名, 日本語, 数学, 文学, 総計, 結果, column_11, column_12, column_13, column_14, column_15, column_16, column_17, column_18, column_19, column_20, column_21, column_22, column_23, column_24, column_25, column_26; Header Units: (none).","Test xlsx.xlsx (sheet Sheet4, A1:Z1000) | Test xlsx.xlsx (sheet Sheet4)",Đúng,Đúng,Một phần,0.5,Không,Medium,Đạt kỳ vọng theo bộ từ khóa chuẩn.,Tinh chỉnh citation selection và reranking để nguồn trả về sát hơn.,419.29
N45-005-DETAIL,Additional 45,pdf_page_index.md,MD,Additional 45,"Trong file ""pdf_page_index.md"", chi tiet nao lien quan den ""chuong""?",Chương 1:,"quan chặt chẽ trong khoa học máy tính, tập trung vào việc làm cho máy tính có khả năng quan chặt chẽ trong khoa học máy tính, tập trung vào việc làm cho máy tính có khả năng.",pdf_page_index.md (First 3 non-empty lines:) | pdf_page_index.md (- Chương 1:) | pdf_page_index.md (- 1. Biến đổi không gian:) | pdf_page_index.md (- Q & A),Đúng,Đúng,Một phần,0.5,Không,Medium,Đạt kỳ vọng theo bộ từ khóa chuẩn.,Tinh chỉnh citation selection và reranking để nguồn trả về sát hơn.,2382.68
N45-006-DETAIL,Additional 45,Test pptx.pptx,PPTX,Additional 45,"Trong file ""Test pptx.pptx"", chi tiet nao lien quan den ""主な授業内容""?",Slide: 2 > 主な授業内容 > Blocks: 2-2,"Chi tiết liên quan đến ""主な授業内容"" trong file ""Test pptx.pptx"" bao gồm: - 仕事をする意味 - 職場での１日 - あいさつのルールと自己紹介の仕方 - 仕事の基本 ～ほう・れん・そう～ - 電話の受け方・かけ方 - メールの送り方 - 来客対応のマナー.","Test pptx.pptx (slide 2, 主な授業内容) | Test pptx.pptx (slide 15, 仕事をする意味) | Test pptx.pptx (slide 17, 仕事をする意味) | Test pptx.pptx (slide 13, 日本人は、どんな人と一緒に仕事がしたいと考えていると思いますか？) | Test pptx.pptx (slide 8, ＜授業の目的＞)",Đúng,Đúng,Một phần,0.5,Không,Medium,Đạt kỳ vọng theo bộ từ khóa chuẩn.,Tinh chỉnh citation selection và reranking để nguồn trả về sát hơn.,890.42
N45-007-DETAIL,Additional 45,file_excel_mau_song_xanh.xlsx,XLSX,Additional 45,"Trong file ""file_excel_mau_song_xanh.xlsx"", chi tiet nao lien quan den ""chien""?",Sheet: Du_lieu_chien_dich > Du_lieu_chien_dich,Tôi không tìm thấy đủ thông tin trong tài liệu để trả lời chính xác.,,Sai,Sai,Sai,0.0,Không,High,Fallback dù case có đáp án kỳ vọng. Citation không bao phủ đúng file kỳ vọng. Retrieval/citation có dấu hiệu sai hoặc thiếu nguồn.,"Tăng structured extraction cho Excel/bảng, giữ header/sheet/row metadata và ưu tiên table retriever.",2725.74
N45-008-DETAIL,Additional 45,Test pdf.pdf,PDF,Additional 45,"Trong file ""Test pdf.pdf"", chi tiet nao lien quan den ""pdf""?",Page: 2 > File: c4220cd9dc7b4b1292798be9a6c655a0_Test pdf.pdf,"quan chặt chẽ trong khoa học máy tính, tập trung vào việc làm cho máy tính có khả năng.",Test pdf.pdf (trang 2) | Test pdf.pdf (trang 11) | Test pdf.pdf (trang 5) | Test pdf.pdf (trang 1) | Test pdf.pdf (trang 3),Đúng,Đúng,Một phần,0.5,Không,Medium,Đạt kỳ vọng theo bộ từ khóa chuẩn.,Tinh chỉnh citation selection và reranking để nguồn trả về sát hơn.,2496.99
N45-009-DETAIL,Additional 45,bai_trinh_chieu_mau_thu_vien_thong_minh.pptx,PPTX,Additional 45,"Trong file ""bai_trinh_chieu_mau_thu_vien_thong_minh.pptx"", chi tiet nao lien quan den ""10""?",Slide: 1 > Slide 1 > Blocks: 5-10,"Luồng này giúp kiểm thử file PPTX vì mỗi bước có tiêu đề, mô tả và vị trí trực quan riêng. File PPTX mẫu • 3 File PPTX mẫu • 1 File PPTX mẫu • 7 File PPTX mẫu • 4.",bai_trinh_chieu_mau_thu_vien_thong_minh.pptx (slide 4) | bai_trinh_chieu_mau_thu_vien_thong_minh.pptx (slide 3) | bai_trinh_chieu_mau_thu_vien_thong_minh.pptx (slide 1) | bai_trinh_chieu_mau_thu_vien_thong_minh.pptx (slide 7) | bai_trinh_chieu_mau_thu_vien_thong_minh.pptx (slide 2),Đúng,Đúng,Một phần,0.5,Không,Medium,Đạt kỳ vọng theo bộ từ khóa chuẩn.,Tinh chỉnh citation selection và reranking để nguồn trả về sát hơn.,2484.61
N45-010-DETAIL,Additional 45,RETRIEVAL_TESTING_QUESTION_SET.md,MD,Additional 45,"Trong file ""RETRIEVAL_TESTING_QUESTION_SET.md"", chi tiet nao lien quan den ""retrieval""?",RETRIEVAL TESTING - BO CAU HOI KIEM THU THUC TE > 1) Pham vi bo test,| RQ-MD-06 | Test md.md | Metadata quan trong vi sao trong retrieval? | RQ-MD-05 | Test md.md | FAISS duoc nhac den trong boi canh nao? | FB-02 | Test pdf.pdf co nhac den mo hinh YOLOv8 chi tiet o trang nao? | RQ-MD-05 | Test md.md | FAISS duoc nhac den trong boi canh nao? | RQ-PDFSCAN-03 | Test pdf scan.pdf | Trang nao chua noi dung chi tiet nhat?,RETRIEVAL_TESTING_QUESTION_SET.md (5. Danh dau ket qua: > 3) Bang Retrieval Testing + Bo cau hoi) | RETRIEVAL_TESTING_QUESTION_SET.md (5. Danh dau ket qua: > 4) Nhom cau hoi fallback (ngoai pham vi) de test chong hallucination) | RETRIEVAL_TESTING_QUESTION_SET.md (RETRIEVAL TESTING - BO CAU HOI KIEM THU THUC TE > 1) Pham vi bo test) | RETRIEVAL_TESTING_QUESTION_SET.md (Muc tieu:) | RETRIEVAL_TESTING_QUESTION_SET.md (5. Danh dau ket qua:),Đúng,Đúng,Đúng,1.0,Không,None,Đạt kỳ vọng theo bộ từ khóa chuẩn.,Không cần fix.,2437.14
N45-011-SUMMARY,Additional 45,bao_cao_mau_chuyen_doi_so_giao_duc.pdf,PDF,Additional 45,"Tom tat ngan file ""bao_cao_mau_chuyen_doi_so_giao_duc.pdf"" thanh 2 y chinh.",Page: 1 > File: 622ffb96990a4b598a0a7d08c5044369_bao_cao_mau_chuyen_doi_so_giao_duc.pdf,"Các nội dung chính đọc được trong ảnh ""bao_cao_mau_chuyen_doi_so_giao_duc.pdf"": paragraph; 2. Mục tiêu triển khai; BÁO CÁO MẪU: CHUYỂN ĐỔI SỐ TRONG; GIÁO DỤC; Tài liệu minh họa nội dung dài, có nhiều mục, bảng số liệu giả lập và khuyến nghị triển khai.; 1. Bối cảnh chung.",bao_cao_mau_chuyen_doi_so_giao_duc.pdf (trang 2) | bao_cao_mau_chuyen_doi_so_giao_duc.pdf (trang 1) | bao_cao_mau_chuyen_doi_so_giao_duc.pdf (trang 4),Đúng,Đúng,Đúng,1.0,Không,None,Đạt kỳ vọng theo bộ từ khóa chuẩn.,Không cần fix.,473.15
N45-012-SUMMARY,Additional 45,AI Document Question Answering System.pptx,PPTX,Additional 45,"Tom tat ngan file ""AI Document Question Answering System.pptx"" thanh 2 y chinh.",Slide: 1 > Slide 1 > Blocks: 4-7,"Các nội dung chính đọc được trong ảnh ""AI Document Question Answering System.pptx"": TRƯỜNG ĐẠI HỌC GIAO THÔNG VẬN TẢI THÀNH PHỐ HỒ CHÍ MINH; ĐỀ TÀI: AI Document Question Answering System; Giảng viên hướng dẫn: Nguyễn Văn Huy; Sinh viên thực hiện: Huỳnh Ngọc Quang Vinh; Nội dung; [4] bullet/text_box @ x=253943,y=1071627,w=5862388,h=4848225: Giới thiệu đề tài.",AI Document Question Answering System.pptx (slide 1) | AI Document Question Answering System.pptx (slide 2) | AI Document Question Answering System.pptx (slide 8) | AI Document Question Answering System.pptx (slide 4) | AI Document Question Answering System.pptx (slide 3),Đúng,Đúng,Một phần,0.5,Không,Medium,Đạt kỳ vọng theo bộ từ khóa chuẩn.,Tinh chỉnh citation selection và reranking để nguồn trả về sát hơn.,408.36
N45-013-SUMMARY,Additional 45,pptx_01_du_lich_can_tho.pptx,PPTX,Additional 45,"Tom tat ngan file ""pptx_01_du_lich_can_tho.pptx"" thanh 2 y chinh.",Slide: 1 > Slide 1 > Blocks: 2-5,"Các nội dung chính đọc được trong ảnh ""pptx_01_du_lich_can_tho.pptx"": Lịch trình Cần Thơ cuối tuần; Gợi ý 2 ngày 1 đêm cho nhóm bạn nhỏ; Mục tiêu chuyến đi; Đi nhẹ, ăn ngon, chụp ảnh đẹp và không dồn lịch quá dày. Kế hoạch ưu tiên trải nghiệm địa phương, di chuyển ngắn và có thời gian nghỉ.; 2 ngày; 1 đêm.",pptx_01_du_lich_can_tho.pptx (slide 1) | pptx_01_du_lich_can_tho.pptx (slide 5) | pptx_01_du_lich_can_tho.pptx (slide 2) | pptx_01_du_lich_can_tho.pptx (slide 4) | pptx_01_du_lich_can_tho.pptx (slide 3),Đúng,Đúng,Một phần,0.5,Không,Medium,Đạt kỳ vọng theo bộ từ khóa chuẩn.,Tinh chỉnh citation selection và reranking để nguồn trả về sát hơn.,500.52
N45-014-SUMMARY,Additional 45,pptx_02_trong_cay_truong_hoc.pptx,PPTX,Additional 45,"Tom tat ngan file ""pptx_02_trong_cay_truong_hoc.pptx"" thanh 2 y chinh.",Slide: 1 > Slide 1 > Blocks: 2-5,"Các nội dung chính đọc được trong ảnh ""pptx_02_trong_cay_truong_hoc.pptx"": Chiến dịch trồng cây trường học; Kế hoạch 4 tuần cho khuôn viên xanh hơn; Ý tưởng chính; Chiến dịch kết hợp giáo dục môi trường, hoạt động nhóm và theo dõi cây sau khi trồng. Mục tiêu không chỉ là trồng nhiều cây mà còn duy trì cây sống tốt.; Xanh hơn; mỗi tuần.",pptx_02_trong_cay_truong_hoc.pptx (slide 1) | pptx_02_trong_cay_truong_hoc.pptx (slide 4) | pptx_02_trong_cay_truong_hoc.pptx (slide 3) | pptx_02_trong_cay_truong_hoc.pptx (slide 5) | pptx_02_trong_cay_truong_hoc.pptx (slide 2),Đúng,Đúng,Một phần,0.5,Không,Medium,Đạt kỳ vọng theo bộ từ khóa chuẩn.,Tinh chỉnh citation selection và reranking để nguồn trả về sát hơn.,469.03
N45-015-SUMMARY,Additional 45,ke_hoach_mau_du_lich_da_lat.md,MD,Additional 45,"Tom tat ngan file ""ke_hoach_mau_du_lich_da_lat.md"" thanh 2 y chinh.",Kế hoạch mẫu: Du lịch Đà Lạt 3 ngày 2 đêm,"Các nội dung chính đọc được trong ảnh ""ke_hoach_mau_du_lich_da_lat.md"": Kế hoạch mẫu: Du lịch Đà Lạt 3 ngày 2 đêm; 1. Mục tiêu chuyến đi; 2. Nguyên tắc lập lịch trình; 3. Lịch trình ngày 1: Đến nơi và làm quen thành phố; 4. Lịch trình ngày 2: Thiên nhiên và trải nghiệm; 5. Lịch trình ngày 3: Mua quà và kết thúc chuyến đi.",ke_hoach_mau_du_lich_da_lat.md (Kế hoạch mẫu: Du lịch Đà Lạt 3 ngày 2 đêm > 1. Mục tiêu chuyến đi) | ke_hoach_mau_du_lich_da_lat.md (Kế hoạch mẫu: Du lịch Đà Lạt 3 ngày 2 đêm) | ke_hoach_mau_du_lich_da_lat.md (Kế hoạch mẫu: Du lịch Đà Lạt 3 ngày 2 đêm > 9. Kết luận) | ke_hoach_mau_du_lich_da_lat.md (Kế hoạch mẫu: Du lịch Đà Lạt 3 ngày 2 đêm > 4. Lịch trình ngày 2: Thiên nhiên và trải nghiệm) | ke_hoach_mau_du_lich_da_lat.md (Kế hoạch mẫu: Du lịch Đà Lạt 3 ngày 2 đêm > 8. Rủi ro và phương án xử lý),Đúng,Đúng,Đúng,1.0,Không,None,Đạt kỳ vọng theo bộ từ khóa chuẩn.,Không cần fix.,486.65
N45-016-SUMMARY,Additional 45,test txt.txt,TXT,Additional 45,"Tom tat ngan file ""test txt.txt"" thanh 2 y chinh.",DU LỊCH SINH THÁI Ở VIỆT NAM,"Các nội dung chính đọc được trong ảnh ""test txt.txt"": DU LỊCH SINH THÁI Ở VIỆT NAM; 2. ĐẶC ĐIỂM CỦA DU LỊCH SINH THÁI; 3. MỘT SỐ ĐỊA ĐIỂM DU LỊCH SINH THÁI NỔI BẬT; paragraph; 5. THÁCH THỨC TRONG PHÁT TRIỂN DU LỊCH SINH THÁI; 6. NGUYÊN TẮC PHÁT TRIỂN BỀN VỮNG.",test txt.txt (DU LỊCH SINH THÁI Ở VIỆT NAM) | test txt.txt (3. MỘT SỐ ĐỊA ĐIỂM DU LỊCH SINH THÁI NỔI BẬT) | test txt.txt (9. CÂU HỎI KIỂM THỬ MẪU) | test txt.txt | test txt.txt (2. ĐẶC ĐIỂM CỦA DU LỊCH SINH THÁI),Đúng,Đúng,Đúng,1.0,Không,None,Đạt kỳ vọng theo bộ từ khóa chuẩn.,Không cần fix.,451.62
N45-017-SUMMARY,Additional 45,nhat_ky_mau_vuon_rau_do_thi.txt,TXT,Additional 45,"Tom tat ngan file ""nhat_ky_mau_vuon_rau_do_thi.txt"" thanh 2 y chinh.",NHẬT KÝ MẪU: DỰ ÁN VƯỜN RAU ĐÔ THỊ TRÊN SÂN THƯỢNG,"Các nội dung chính đọc được trong ảnh ""nhat_ky_mau_vuon_rau_do_thi.txt"": NHẬT KÝ MẪU: DỰ ÁN VƯỜN RAU ĐÔ THỊ TRÊN SÂN THƯỢNG; paragraph; 2. MỤC TIÊU CỦA DỰ ÁN; 5. NHỮNG KHÓ KHĂN BAN ĐẦU; 6. KẾT QUẢ SAU MỘT THÁNG; 7. BÀI HỌC RÚT RA.",nhat_ky_mau_vuon_rau_do_thi.txt (NHẬT KÝ MẪU: DỰ ÁN VƯỜN RAU ĐÔ THỊ TRÊN SÂN THƯỢNG) | nhat_ky_mau_vuon_rau_do_thi.txt | nhat_ky_mau_vuon_rau_do_thi.txt (2. MỤC TIÊU CỦA DỰ ÁN) | nhat_ky_mau_vuon_rau_do_thi.txt (5. NHỮNG KHÓ KHĂN BAN ĐẦU) | nhat_ky_mau_vuon_rau_do_thi.txt (9. KẾT LUẬN),Đúng,Đúng,Đúng,1.0,Không,None,Đạt kỳ vọng theo bộ từ khóa chuẩn.,Không cần fix.,534.37
N45-018-SUMMARY,Additional 45,docx_01_thu_vien_so.docx,DOCX,Additional 45,"Tom tat ngan file ""docx_01_thu_vien_so.docx"" thanh 2 y chinh.",Tóm tắt nhanh,"Các nội dung chính đọc được trong ảnh ""docx_01_thu_vien_so.docx"": Tóm tắt nhanh; Mục tiêu; Quy trình vận hành; Rủi ro cần lưu ý; Bảng ghi chú triển khai; Kết luận.","docx_01_thu_vien_so.docx (trang 1) | docx_01_thu_vien_so.docx (trang 1, Tóm tắt nhanh) | docx_01_thu_vien_so.docx (trang 1, Mục tiêu) | docx_01_thu_vien_so.docx (trang 1, Rủi ro cần lưu ý) | docx_01_thu_vien_so.docx (trang 1, Kết luận)",Đúng,Đúng,Đúng,1.0,Không,None,Đạt kỳ vọng theo bộ từ khóa chuẩn.,Không cần fix.,476.27
N45-019-NEG,Additional 45,AI Document Question Answering System.pptx,PPTX,Additional 45,"Trong file ""AI Document Question Answering System.pptx"" co thong tin ve mat khau wifi noi bo khong?",Khong tim thay thong tin trong tai lieu.,Tôi không tìm thấy đủ thông tin trong tài liệu để trả lời chính xác.,,Đúng,Đúng,Đúng,1.0,Không,None,Đạt kỳ vọng theo bộ từ khóa chuẩn.,Không cần fix.,335.28
N45-020-NEG,Additional 45,bai_trinh_chieu_mau_thu_vien_thong_minh.pptx,PPTX,Additional 45,"Trong file ""bai_trinh_chieu_mau_thu_vien_thong_minh.pptx"" co thong tin ve so CCCD cua sinh vien khong?",Khong tim thay thong tin trong tai lieu.,Tôi không tìm thấy đủ thông tin trong tài liệu để trả lời chính xác.,,Đúng,Đúng,Đúng,1.0,Không,None,Đạt kỳ vọng theo bộ từ khóa chuẩn.,Không cần fix.,386.32
N45-021-NEG,Additional 45,bao_cao_an_toan_du_lieu_ca_nhan.docx,DOCX,Additional 45,"Trong file ""bao_cao_an_toan_du_lieu_ca_nhan.docx"" co thong tin ve API key bi mat khong?",Khong tim thay thong tin trong tai lieu.,Tôi không tìm thấy đủ thông tin trong tài liệu để trả lời chính xác.,,Đúng,Đúng,Đúng,1.0,Không,None,Đạt kỳ vọng theo bộ từ khóa chuẩn.,Không cần fix.,363.02
N45-022-NEG,Additional 45,bao_cao_mau_chuyen_doi_so_giao_duc.pdf,PDF,Additional 45,"Trong file ""bao_cao_mau_chuyen_doi_so_giao_duc.pdf"" co thong tin ve luong nhan vien khong?",Khong tim thay thong tin trong tai lieu.,Tôi không tìm thấy đủ thông tin trong tài liệu để trả lời chính xác.,,Đúng,Đúng,Đúng,1.0,Không,None,Đạt kỳ vọng theo bộ từ khóa chuẩn.,Không cần fix.,672.91
N45-023-NEG,Additional 45,bao_cao_quan_ly_rac_thai_nhua.pdf,PDF,Additional 45,"Trong file ""bao_cao_quan_ly_rac_thai_nhua.pdf"" co thong tin ve so tai khoan ngan hang khong?",Khong tim thay thong tin trong tai lieu.,Tôi không tìm thấy đủ thông tin trong tài liệu để trả lời chính xác.,,Đúng,Đúng,Đúng,1.0,Không,None,Đạt kỳ vọng theo bộ từ khóa chuẩn.,Không cần fix.,435.9
N45-024-NEG,Additional 45,content_summary.md,MD,Additional 45,"Trong file ""content_summary.md"" co thong tin ve ma OTP dang nhap khong?",Khong tim thay thong tin trong tai lieu.,Tôi không tìm thấy đủ thông tin trong tài liệu để trả lời chính xác.,,Đúng,Đúng,Đúng,1.0,Không,None,Đạt kỳ vọng theo bộ từ khóa chuẩn.,Không cần fix.,437.37
N45-025-NEG,Additional 45,docx_01_thu_vien_so.docx,DOCX,Additional 45,"Trong file ""docx_01_thu_vien_so.docx"" co thong tin ve gia co phieu Tesla khong?",Khong tim thay thong tin trong tai lieu.,Tôi không tìm thấy đủ thông tin trong tài liệu để trả lời chính xác.,,Đúng,Đúng,Đúng,1.0,Không,None,Đạt kỳ vọng theo bộ từ khóa chuẩn.,Không cần fix.,609.0
N45-026-NEG,Additional 45,docx_02_ca_phe_sach.docx,DOCX,Additional 45,"Trong file ""docx_02_ca_phe_sach.docx"" co thong tin ve ho so benh an khong?",Khong tim thay thong tin trong tai lieu.,Tôi không tìm thấy đủ thông tin trong tài liệu để trả lời chính xác.,,Đúng,Đúng,Đúng,1.0,Không,None,Đạt kỳ vọng theo bộ từ khóa chuẩn.,Không cần fix.,396.82
N45-027-OCR,Additional 45,infographic_mau_an_toan_mang.png,PNG,Additional 45,"Anh ""infographic_mau_an_toan_mang.png"" co cac tu khoa noi bat nao?",6f8d63eb72674dc2af6c4651b49853ad_infographic_mau_an_toan_mang.png,"Các nội dung chính đọc được trong ảnh ""infographic_mau_an_toan_mang.png"": INFOGRAPHIC MAU; An toan mang; g cho sinh vien; 1. Mat khau manh; 2. Xac thuc hai lop; Khong dung ngay sinh, so dien thoai.",infographic_mau_an_toan_mang.png (6f8d63eb72674dc2af6c4651b49853ad_infographic_mau_an_toan_mang.png),Đúng,Đúng,Đúng,1.0,Không,None,Đạt kỳ vọng theo bộ từ khóa chuẩn.,Không cần fix.,499.11
N45-028-OCR,Additional 45,jpeg_01_ke_hoach_du_lich.jpeg,JPEG,Additional 45,"Anh ""jpeg_01_ke_hoach_du_lich.jpeg"" co cac tu khoa noi bat nao?",af1543170da2459e8e35a33eab1b7c94_jpeg_01_ke_hoach_du_lich.jpeg,"Các nội dung chính đọc được trong ảnh ""jpeg_01_ke_hoach_du_lich.jpeg"": Ké hoach du lich 2 ngay; Lich trinh nhe nhang cho nhom ban; Ngay 1: tham quan chg dia; Ngay 2: chup anh buoi sáng,; phuong va an toi ven song.; mua qua va ve som..",jpeg_01_ke_hoach_du_lich.jpeg (af1543170da2459e8e35a33eab1b7c94_jpeg_01_ke_hoach_du_lich.jpeg),Đúng,Đúng,Đúng,1.0,Không,None,Đạt kỳ vọng theo bộ từ khóa chuẩn.,Không cần fix.,488.06
N45-029-OCR,Additional 45,jpeg_02_bang_an_toan_bep.jpeg,JPEG,Additional 45,"Anh ""jpeg_02_bang_an_toan_bep.jpeg"" co cac tu khoa noi bat nao?",16a69c2060254036ad8ebc0c3ae0f81a_jpeg_02_bang_an_toan_bep.jpeg,"Các nội dung chính đọc được trong ảnh ""jpeg_02_bang_an_toan_bep.jpeg"": Bang nhac an toan bep; Danh cho bep nho trong ky tuc xa; Tat bep ngay sau khi nau xong.; Khong de khan giay gan nguon; nhiet.; Rura dao va cat vao khay rieng..",jpeg_02_bang_an_toan_bep.jpeg (16a69c2060254036ad8ebc0c3ae0f81a_jpeg_02_bang_an_toan_bep.jpeg),Đúng,Đúng,Đúng,1.0,Không,None,Đạt kỳ vọng theo bộ từ khóa chuẩn.,Không cần fix.,492.62
N45-030-OCR,Additional 45,jpg_01_infographic_giac_ngu.jpg,JPG,Additional 45,"Anh ""jpg_01_infographic_giac_ngu.jpg"" co cac tu khoa noi bat nao?",8012c82141b74b7eb38bb4f20aa27ea9_jpg_01_infographic_giac_ngu.jpg,"Các nội dung chính đọc được trong ảnh ""jpg_01_infographic_giac_ngu.jpg"": Thoi quen ngu; lanh manh; Mot checklist nho cho buoi toi; Tát man hinh it nhat 30 phut; Giu phong mat, yén tinh va; truoc khi ngu..",jpg_01_infographic_giac_ngu.jpg (8012c82141b74b7eb38bb4f20aa27ea9_jpg_01_infographic_giac_ngu.jpg),Đúng,Đúng,Đúng,1.0,Không,None,Đạt kỳ vọng theo bộ từ khóa chuẩn.,Không cần fix.,737.32
N45-031-OCR,Additional 45,jpg_02_so_do_lop_hoc.jpg,JPG,Additional 45,"Anh ""jpg_02_so_do_lop_hoc.jpg"" co cac tu khoa noi bat nao?",5393830183424ded8252273adae05f6d_jpg_02_so_do_lop_hoc.jpg,"Các nội dung chính đọc được trong ảnh ""jpg_02_so_do_lop_hoc.jpg"": So d6 lop hoc linh hoat; Ggi y b6 tri cho hoat dong nhom; Ban trung tam danh cho thao; G6c yen tinh cho doc tai lieu cá; luan nhanh.; nhan..",jpg_02_so_do_lop_hoc.jpg (5393830183424ded8252273adae05f6d_jpg_02_so_do_lop_hoc.jpg),Đúng,Đúng,Đúng,1.0,Không,None,Đạt kỳ vọng theo bộ từ khóa chuẩn.,Không cần fix.,802.65
N45-032-OCR,Additional 45,png_01_ban_do_y_tuong.png,PNG,Additional 45,"Anh ""png_01_ban_do_y_tuong.png"" co cac tu khoa noi bat nao?",da2dab99728f47558f2b62326de763f8_png_01_ban_do_y_tuong.png,"Các nội dung chính đọc được trong ảnh ""png_01_ban_do_y_tuong.png"": Ban do y tuong; g hoc nhom; Tap trung - chia viéc - phan hoi; Xac dinh muc tiéu buoi hoc va; Chia vai tro: nguoi tom tat,; tai lieu can doc truoc..",png_01_ban_do_y_tuong.png (da2dab99728f47558f2b62326de763f8_png_01_ban_do_y_tuong.png),Đúng,Đúng,Đúng,1.0,Không,None,Đạt kỳ vọng theo bộ từ khóa chuẩn.,Không cần fix.,462.15
N45-033-OCR,Additional 45,png_02_quy_trinh_giao_hang.png,PNG,Additional 45,"Anh ""png_02_quy_trinh_giao_hang.png"" co cac tu khoa noi bat nao?",d9b451f71253409cb4b43901b422bcc6_png_02_quy_trinh_giao_hang.png,"Các nội dung chính đọc được trong ảnh ""png_02_quy_trinh_giao_hang.png"": Quy trinh giao hang noi bo; Tu nhan don den xac nhan hoan tat; Nhan don tur he thong va kiem; Dong g6i hang theo ma don,; tra dja chi.; dan nhan ro rang..",png_02_quy_trinh_giao_hang.png (d9b451f71253409cb4b43901b422bcc6_png_02_quy_trinh_giao_hang.png),Đúng,Đúng,Đúng,1.0,Không,None,Đạt kỳ vọng theo bộ từ khóa chuẩn.,Không cần fix.,471.95
N45-034-TABLE,Additional 45,file_excel_mau_song_xanh.xlsx,XLSX,Additional 45,"Trong workbook ""file_excel_mau_song_xanh.xlsx"", sheet ""Du_lieu_chien_dich"", dong 3 gom thong tin gi?",Ngày: 2026-05-01 00:00:00; Khu vực: Ký túc xá; Hoạt động: Đổi rác lấy cây; Người phụ trách: An; Số người tham gia: 32; Rác tái chế (kg): 4.1,"Ở sheet 'Du_lieu_chien_dich', dòng 3 có: Ngày: 2026-05-01 00:00:00; Khu vực: Ký túc xá; Hoạt động: Đổi rác lấy cây; Người phụ trách: An; Số người tham gia: 32; Rác tái chế (kg): 4.1; Chi phí (VND): 450000; Mức hài lòng: 4.6; Ghi chú: Hiệu quả cao; Chi phí/người: 14062.5.",file_excel_mau_song_xanh.xlsx (sheet Du_lieu_chien_dich) | file_excel_mau_song_xanh.xlsx (sheet Tong_quan),Đúng,Đúng,Đúng,1.0,Không,None,Đạt kỳ vọng theo bộ từ khóa chuẩn.,Không cần fix.,621.25
N45-035-TABLE,Additional 45,file_excel_mau_song_xanh.xlsx,XLSX,Additional 45,"Trong workbook ""file_excel_mau_song_xanh.xlsx"", sheet ""Du_lieu_chien_dich"", dong 4 gom thong tin gi?",Ngày: 2026-05-02 00:00:00; Khu vực: Căn tin; Hoạt động: Thu gom rác tái chế; Người phụ trách: Minh; Số người tham gia: 87; Rác tái chế (kg): 12.9,"Ở sheet 'Du_lieu_chien_dich', dòng 4 có: Ngày: 2026-05-02 00:00:00; Khu vực: Căn tin; Hoạt động: Thu gom rác tái chế; Người phụ trách: Minh; Số người tham gia: 87; Rác tái chế (kg): 12.9; Chi phí (VND): 300000; Mức hài lòng: 3.7; Ghi chú: Nên tổ chức lại; Chi phí/người: 3448.2758620689656.",file_excel_mau_song_xanh.xlsx (sheet Du_lieu_chien_dich) | file_excel_mau_song_xanh.xlsx (sheet Tong_quan),Đúng,Đúng,Đúng,1.0,Không,None,Đạt kỳ vọng theo bộ từ khóa chuẩn.,Không cần fix.,732.97
N45-036-TABLE,Additional 45,Test xlsx.xlsx,XLSX,Additional 45,"Trong workbook ""Test xlsx.xlsx"", sheet ""Sheet4"", dong 3 gom thong tin gi?",No.: 1.0; 受験番号: KI2; 氏名: のび太　徳田; 性別: A; 学科名: 教育学科; 日本語: 9.0,"Ở sheet 'Sheet4', dòng 3 có: No.: 1.0; 受験番号: KI2; 氏名: のび太 徳田; 性別: A; 学科名: 教育学科; 日本語: 9.0; 数学: 8.5; 文学: 7.5; 総計: 34; 結果: D.","Test xlsx.xlsx (sheet Sheet2, A1:Z1000) | Test xlsx.xlsx (sheet Sheet1, A1:Z1000) | Test xlsx.xlsx (sheet Sheet4)",Đúng,Đúng,Đúng,1.0,Không,None,Đạt kỳ vọng theo bộ từ khóa chuẩn.,Không cần fix.,570.92
N45-037-TABLE,Additional 45,Test xlsx.xlsx,XLSX,Additional 45,"Trong workbook ""Test xlsx.xlsx"", sheet ""Sheet4"", dong 4 gom thong tin gi?",No.: 2.0; 受験番号: KE2; 氏名: 優希　カイ; 性別: A; 学科名: 経営学科; 日本語: 9.0,"Ở sheet 'Sheet4', dòng 4 có: No.: 2.0; 受験番号: KE2; 氏名: 優希 カイ; 性別: A; 学科名: 経営学科; 日本語: 9.0; 数学: 7.0; 文学: 6.0; 総計: 22; 結果: ROT.","Test xlsx.xlsx (sheet Sheet2, A1:Z1000) | Test xlsx.xlsx (sheet Sheet1, A1:Z1000) | Test xlsx.xlsx (sheet Sheet4)",Đúng,Đúng,Đúng,1.0,Không,None,Đạt kỳ vọng theo bộ từ khóa chuẩn.,Không cần fix.,443.19
N45-038-TABLE,Additional 45,xlsx_01_bao_cao_doanh_thu.xlsx,XLSX,Additional 45,"Trong workbook ""xlsx_01_bao_cao_doanh_thu.xlsx"", sheet ""Doanh thu"", dong 2 gom thong tin gi?",Tháng: 01/2026; Sản phẩm A: 120; Sản phẩm B: 90; Dịch vụ: 45; Tổng: 255; Ghi chú: Sau Tết nhu cầu ổn định,"Ở sheet 'Doanh thu', dòng 2 có: Tháng: 01/2026; Sản phẩm A: 120; Sản phẩm B: 90; Dịch vụ: 45; Tổng: 255; Ghi chú: Sau Tết nhu cầu ổn định.",xlsx_01_bao_cao_doanh_thu.xlsx (sheet Doanh thu) | xlsx_01_bao_cao_doanh_thu.xlsx (sheet KPI),Đúng,Đúng,Đúng,1.0,Không,None,Đạt kỳ vọng theo bộ từ khóa chuẩn.,Không cần fix.,470.03
N45-039-TABLE,Additional 45,xlsx_01_bao_cao_doanh_thu.xlsx,XLSX,Additional 45,"Trong workbook ""xlsx_01_bao_cao_doanh_thu.xlsx"", sheet ""Doanh thu"", dong 3 gom thong tin gi?",Tháng: 02/2026; Sản phẩm A: 135; Sản phẩm B: 88; Dịch vụ: 52; Tổng: 275; Ghi chú: Tăng nhờ chương trình combo,"Ở sheet 'Doanh thu', dòng 3 có: Tháng: 02/2026; Sản phẩm A: 135; Sản phẩm B: 88; Dịch vụ: 52; Tổng: 275; Ghi chú: Tăng nhờ chương trình combo.",xlsx_01_bao_cao_doanh_thu.xlsx (sheet Doanh thu) | xlsx_01_bao_cao_doanh_thu.xlsx (sheet KPI),Đúng,Đúng,Đúng,1.0,Không,None,Đạt kỳ vọng theo bộ từ khóa chuẩn.,Không cần fix.,461.15
N45-040-SLIDE,Additional 45,AI Document Question Answering System.pptx,PPTX,Additional 45,"Slide 1 trong file ""AI Document Question Answering System.pptx"" co noi dung chinh gi?","Slide: 1; Title: Slide 1; [4] textbox/text_box @ x=3043085,y=1287313,w=3922424,h=575310: TRƯỜNG ĐẠI HỌC GIAO THÔNG VẬN TẢI THÀNH PHỐ HỒ CHÍ MINH",Slide 1 nói về: TRƯỜNG ĐẠI HỌC GIAO THÔNG VẬN TẢI THÀNH PHỐ HỒ CHÍ MINH; ĐỀ TÀI: AI Document Question Answering System; Giảng viên hướng dẫn: Nguyễn Văn Huy; Sinh viên thực hiện: Huỳnh Ngọc Quang Vinh.,AI Document Question Answering System.pptx (slide 1),Đúng,Đúng,Một phần,0.5,Không,Medium,Đạt kỳ vọng theo bộ từ khóa chuẩn.,Tinh chỉnh citation selection và reranking để nguồn trả về sát hơn.,488.18
N45-041-SLIDE,Additional 45,AI Document Question Answering System.pptx,PPTX,Additional 45,"Slide 2 trong file ""AI Document Question Answering System.pptx"" co noi dung chinh gi?","Slide: 2; Title: Slide 2; [3] textbox/text_box @ x=3789681,y=300037,w=2326649,h=685800: Nội dung",Slide 2 nói về: Nội dung; Giới thiệu đề tài; Vấn đề thực tế; Giải pháp đề xuất; Kiến trúc tổng thể hệ thống; Chức năng chính.,AI Document Question Answering System.pptx (slide 2),Đúng,Đúng,Một phần,0.5,Không,Medium,Đạt kỳ vọng theo bộ từ khóa chuẩn.,Tinh chỉnh citation selection và reranking để nguồn trả về sát hơn.,473.85
N45-042-SLIDE,Additional 45,AI Document Question Answering System.pptx,PPTX,Additional 45,"Slide 3 trong file ""AI Document Question Answering System.pptx"" co noi dung chinh gi?","Slide: 3; Title: Slide 3; [3] textbox/text_box @ x=212475,y=206829,w=6692068,h=685800: 1. Giới thiệu đề tài",Slide 3 nói về: 1. Giới thiệu đề tài; AI Document Question Answering System; Hệ thống hỏi đáp tài liệu AI; Hỗ trợ upload nhiều định dạng; Quản lý tài liệu theo workspace; Hỏi đáp bằng ngôn ngữ tự nhiên.,AI Document Question Answering System.pptx (slide 3),Đúng,Đúng,Đúng,1.0,Không,None,Đạt kỳ vọng theo bộ từ khóa chuẩn.,Không cần fix.,682.12
N45-043-SLIDE,Additional 45,AI Document Question Answering System.pptx,PPTX,Additional 45,"Slide 4 trong file ""AI Document Question Answering System.pptx"" co noi dung chinh gi?","Slide: 4; Title: Slide 4; [3] bullet/text_box @ x=0,y=312325,w=5982191,h=685800: Vấn đề thực tế","Slide 4 nói về: Vấn đề thực tế; Khó khăn hiện nay; Tài liệu dài, khó tra cứu; Đọc thủ công tốn thời gian; AI thường dễ hallucination; Không hiểu dữ liệu nội bộ.",AI Document Question Answering System.pptx (slide 4),Đúng,Đúng,Một phần,0.5,Không,Medium,Đạt kỳ vọng theo bộ từ khóa chuẩn.,Tinh chỉnh citation selection và reranking để nguồn trả về sát hơn.,494.11
N45-044-SLIDE,Additional 45,AI Document Question Answering System.pptx,PPTX,Additional 45,"Slide 5 trong file ""AI Document Question Answering System.pptx"" co noi dung chinh gi?","Slide: 5; Title: Slide 5; [3] bullet/text_box @ x=-209902,y=193481,w=5982191,h=685800: Giải pháp đề xuất",Slide 5 nói về: Giải pháp đề xuất; Giải pháp AIChatBox sử dụng RAG; Áp dụng kỹ thuật RAG hiện đại; Truy hồi dữ liệu trước trả lời; Embedding và semantic retrieval; Giảm hallucination của AI model.,AI Document Question Answering System.pptx (slide 5),Đúng,Đúng,Đúng,1.0,Không,None,Đạt kỳ vọng theo bộ từ khóa chuẩn.,Không cần fix.,625.23
N45-045-SLIDE,Additional 45,AI Document Question Answering System.pptx,PPTX,Additional 45,"Slide 6 trong file ""AI Document Question Answering System.pptx"" co noi dung chinh gi?","Slide: 6; Title: Slide 6; [3] bullet/text_box @ x=-273620,y=300037,w=7535277,h=685800: Kiến trúc tổng thể của hệ thống","Slide 6 nói về: Kiến trúc tổng thể của hệ thống; Frontend web: quản lý workspace, upload, chat, theo dõi tiến độ; Backend FastAPI: auth, workspace, message, upload, ask, admin; Upload Job Worker: xử lý ingest nền, cập nhật trạng thái job; Data layer: PostgreSQL lưu metadata nghiệp vụ, FAISS lưu vector/chunk; AI layer: LLM provider + local semantic embeddings + local OCR/vision fallback.",AI Document Question Answering System.pptx (slide 6),Đúng,Đúng,Một phần,0.5,Không,Medium,Đạt kỳ vọng theo bộ từ khóa chuẩn.,Tinh chỉnh citation selection và reranking để nguồn trả về sát hơn.,1023.87
